[{"model": "contenttypes.contenttype", "pk": 1, "fields": {"app_label": "admin", "model": "logentry"}}, {"model": "contenttypes.contenttype", "pk": 2, "fields": {"app_label": "auth", "model": "permission"}}, {"model": "contenttypes.contenttype", "pk": 3, "fields": {"app_label": "auth", "model": "group"}}, {"model": "contenttypes.contenttype", "pk": 4, "fields": {"app_label": "contenttypes", "model": "contenttype"}}, {"model": "contenttypes.contenttype", "pk": 5, "fields": {"app_label": "sessions", "model": "session"}}, {"model": "contenttypes.contenttype", "pk": 6, "fields": {"app_label": "content", "model": "subcategory"}}, {"model": "contenttypes.contenttype", "pk": 7, "fields": {"app_label": "content", "model": "brand"}}, {"model": "contenttypes.contenttype", "pk": 8, "fields": {"app_label": "content", "model": "attribute"}}, {"model": "contenttypes.contenttype", "pk": 9, "fields": {"app_label": "content", "model": "product"}}, {"model": "contenttypes.contenttype", "pk": 10, "fields": {"app_label": "content", "model": "productattr"}}, {"model": "contenttypes.contenttype", "pk": 11, "fields": {"app_label": "content", "model": "feedback"}}, {"model": "contenttypes.contenttype", "pk": 12, "fields": {"app_label": "customer", "model": "customeraddress"}}, {"model": "contenttypes.contenttype", "pk": 13, "fields": {"app_label": "Supplier", "model": "productsupplier"}}, {"model": "contenttypes.contenttype", "pk": 14, "fields": {"app_label": "financial", "model": "peymentmethod"}}, {"model": "contenttypes.contenttype", "pk": 15, "fields": {"app_label": "financial", "model": "payment"}}, {"model": "contenttypes.contenttype", "pk": 16, "fields": {"app_label": "cart", "model": "delivery"}}, {"model": "contenttypes.contenttype", "pk": 17, "fields": {"app_label": "cart", "model": "cart"}}, {"model": "contenttypes.contenttype", "pk": 18, "fields": {"app_label": "cart", "model": "orderitem"}}, {"model": "contenttypes.contenttype", "pk": 19, "fields": {"app_label": "accounts", "model": "user"}}, {"model": "contenttypes.contenttype", "pk": 20, "fields": {"app_label": "accounts", "model": "customer"}}, {"model": "contenttypes.contenttype", "pk": 21, "fields": {"app_label": "accounts", "model": "supplier"}}, {"model": "contenttypes.contenttype", "pk": 22, "fields": {"app_label": "blog", "model": "category"}}, {"model": "contenttypes.contenttype", "pk": 23, "fields": {"app_label": "blog", "model": "article"}}, {"model": "sessions.session", "pk": "5injxiteslva442fdfv86uqt2dffb5eb", "fields": {"session_data": "YmNiYWRhMDk5MWRmMmJkYTNmMWQ0M2U4MmE1OWFmZDEyMWNjOWQ1Yzp7Il9hdXRoX3VzZXJfaWQiOiIxMiIsIl9hdXRoX3VzZXJfYmFja2VuZCI6ImRqYW5nby5jb250cmliLmF1dGguYmFja2VuZHMuTW9kZWxCYWNrZW5kIiwiX2F1dGhfdXNlcl9oYXNoIjoiY2I2ZmFlYjVmZmFkZjg2NmVhYmU2YzJkMTRmZWUzYWIzMTk0NDRhOCJ9", "expire_date": "2020-09-12T16:08:04.141Z"}}, {"model": "sessions.session", "pk": "89fdx2ol508dr9atgvsg33xm4i2exih5", "fields": {"session_data": "ZTM1NmQ3NWVmNjc3YTI3NDBjNDY3M2ZhNzliYzg2ODdmNWVmNmZlMzp7Il9hdXRoX3VzZXJfaWQiOiIxNCIsIl9hdXRoX3VzZXJfYmFja2VuZCI6ImRqYW5nby5jb250cmliLmF1dGguYmFja2VuZHMuTW9kZWxCYWNrZW5kIiwiX2F1dGhfdXNlcl9oYXNoIjoiODllZjE4YmY3NGY2NGE4Yzk5NjY5OWM5NjczNDJjMjQyMTc0NGJiMyJ9", "expire_date": "2020-09-13T08:41:03.510Z"}}, {"model": "sessions.session", "pk": "a9cwnl5t654t510wb7kc2fs1dd2xj79x", "fields": {"session_data": "YTQ1YmNiOGE4ZTI1OTA3MjJmZGI2MjRhMjIzOTM1YzRlZTUyY2YxMDp7Il9hdXRoX3VzZXJfaWQiOiI2IiwiX2F1dGhfdXNlcl9iYWNrZW5kIjoiZGphbmdvLmNvbnRyaWIuYXV0aC5iYWNrZW5kcy5Nb2RlbEJhY2tlbmQiLCJfYXV0aF91c2VyX2hhc2giOiI2ZWY2ZGMzMzg5YmU4ZGFlNGM5MjMwYWFlNzRlYTEzOTc0ZWNkYTliIn0=", "expire_date": "2020-09-11T22:09:52.039Z"}}, {"model": "sessions.session", "pk": "ebv7qm5md8hij9c47ef80mv9joko17o0", "fields": {"session_data": "Mzk1NmY5YWVlNDQ2MTJiYTQ4NjI4Nzk3NDdkNTA3OWRkOTFiN2VmNTp7Il9hdXRoX3VzZXJfaWQiOiIxIiwiX2F1dGhfdXNlcl9iYWNrZW5kIjoiZGphbmdvLmNvbnRyaWIuYXV0aC5iYWNrZW5kcy5Nb2RlbEJhY2tlbmQiLCJfYXV0aF91c2VyX2hhc2giOiJkZThhMTc3YWY1MDg0NTFlMmE2NjE5ZjlmNDhkMTM5MDk0ZmJiOGM0In0=", "expire_date": "2020-09-06T11:05:38.255Z"}}, {"model": "sessions.session", "pk": "ev717ljz8tlh14epjx7bx700yu63yhn7", "fields": {"session_data": "NDE1ZTBkMjAyNjkyMDY0NjFlYjgyYzBmZmI5YjYwNmVkMWY0ZmM5OTp7Il9hdXRoX3VzZXJfaWQiOiIxMCIsIl9hdXRoX3VzZXJfYmFja2VuZCI6ImRqYW5nby5jb250cmliLmF1dGguYmFja2VuZHMuTW9kZWxCYWNrZW5kIiwiX2F1dGhfdXNlcl9oYXNoIjoiMjE0ODUyNTYwZmQ4N2YxNTgzNDcwNmRjMzUyYjQ0YTgyNDliZmVhZCJ9", "expire_date": "2020-09-12T15:27:20.897Z"}}, {"model": "sessions.session", "pk": "gwrfkgtjcpuvew17gla1h1yr2qs0f20j", "fields": {"session_data": "Mzk1NmY5YWVlNDQ2MTJiYTQ4NjI4Nzk3NDdkNTA3OWRkOTFiN2VmNTp7Il9hdXRoX3VzZXJfaWQiOiIxIiwiX2F1dGhfdXNlcl9iYWNrZW5kIjoiZGphbmdvLmNvbnRyaWIuYXV0aC5iYWNrZW5kcy5Nb2RlbEJhY2tlbmQiLCJfYXV0aF91c2VyX2hhc2giOiJkZThhMTc3YWY1MDg0NTFlMmE2NjE5ZjlmNDhkMTM5MDk0ZmJiOGM0In0=", "expire_date": "2020-09-14T06:12:58.742Z"}}, {"model": "sessions.session", "pk": "i7abyr6y3pcn3ds1c5gzkhfqysw91ao6", "fields": {"session_data": "NDE1ZTBkMjAyNjkyMDY0NjFlYjgyYzBmZmI5YjYwNmVkMWY0ZmM5OTp7Il9hdXRoX3VzZXJfaWQiOiIxMCIsIl9hdXRoX3VzZXJfYmFja2VuZCI6ImRqYW5nby5jb250cmliLmF1dGguYmFja2VuZHMuTW9kZWxCYWNrZW5kIiwiX2F1dGhfdXNlcl9oYXNoIjoiMjE0ODUyNTYwZmQ4N2YxNTgzNDcwNmRjMzUyYjQ0YTgyNDliZmVhZCJ9", "expire_date": "2020-09-12T15:42:06.981Z"}}, {"model": "sessions.session", "pk": "ld22fzavc7c5fsuovtelid2sph4mozuc", "fields": {"session_data": "ZTM1NmQ3NWVmNjc3YTI3NDBjNDY3M2ZhNzliYzg2ODdmNWVmNmZlMzp7Il9hdXRoX3VzZXJfaWQiOiIxNCIsIl9hdXRoX3VzZXJfYmFja2VuZCI6ImRqYW5nby5jb250cmliLmF1dGguYmFja2VuZHMuTW9kZWxCYWNrZW5kIiwiX2F1dGhfdXNlcl9oYXNoIjoiODllZjE4YmY3NGY2NGE4Yzk5NjY5OWM5NjczNDJjMjQyMTc0NGJiMyJ9", "expire_date": "2020-09-13T08:41:04.378Z"}}, {"model": "sessions.session", "pk": "oicc7zba7q9inowk17hfs3ftgmfiur2a", "fields": {"session_data": "Mzk1NmY5YWVlNDQ2MTJiYTQ4NjI4Nzk3NDdkNTA3OWRkOTFiN2VmNTp7Il9hdXRoX3VzZXJfaWQiOiIxIiwiX2F1dGhfdXNlcl9iYWNrZW5kIjoiZGphbmdvLmNvbnRyaWIuYXV0aC5iYWNrZW5kcy5Nb2RlbEJhY2tlbmQiLCJfYXV0aF91c2VyX2hhc2giOiJkZThhMTc3YWY1MDg0NTFlMmE2NjE5ZjlmNDhkMTM5MDk0ZmJiOGM0In0=", "expire_date": "2020-09-13T18:26:17.399Z"}}, {"model": "sessions.session", "pk": "pn9jreqgtiklh6ro7dyqwi7awt7bm2a5", "fields": {"session_data": "ZGEwY2Y3ZDQyNGVhZTcxZmExZTAzMWY2OWY0ZTVlMWE3MGRkYzIyMjp7Il9hdXRoX3VzZXJfaWQiOiI5IiwiX2F1dGhfdXNlcl9iYWNrZW5kIjoiZGphbmdvLmNvbnRyaWIuYXV0aC5iYWNrZW5kcy5Nb2RlbEJhY2tlbmQiLCJfYXV0aF91c2VyX2hhc2giOiI4YTI2NDE2NTY5NjRkODgzYzA3OWRiZTBiNzA3NmEyNWU1YTljZTI0In0=", "expire_date": "2020-09-12T12:01:04.403Z"}}, {"model": "sessions.session", "pk": "qprhg1qafqphsagyb133fkmqu9t1x2fy", "fields": {"session_data": "Mzk1NmY5YWVlNDQ2MTJiYTQ4NjI4Nzk3NDdkNTA3OWRkOTFiN2VmNTp7Il9hdXRoX3VzZXJfaWQiOiIxIiwiX2F1dGhfdXNlcl9iYWNrZW5kIjoiZGphbmdvLmNvbnRyaWIuYXV0aC5iYWNrZW5kcy5Nb2RlbEJhY2tlbmQiLCJfYXV0aF91c2VyX2hhc2giOiJkZThhMTc3YWY1MDg0NTFlMmE2NjE5ZjlmNDhkMTM5MDk0ZmJiOGM0In0=", "expire_date": "2020-09-12T11:58:22.352Z"}}, {"model": "sessions.session", "pk": "sc5boleisquw1r8r3kjuonn7r9yoxwe0", "fields": {"session_data": "MDUyYzU3ZThhYzQ0NjZjZTQzYjU3ZTVjNTNlMTIzMjY2MGUwNWYzMjp7Il9hdXRoX3VzZXJfaWQiOiIxNSIsIl9hdXRoX3VzZXJfYmFja2VuZCI6ImRqYW5nby5jb250cmliLmF1dGguYmFja2VuZHMuTW9kZWxCYWNrZW5kIiwiX2F1dGhfdXNlcl9oYXNoIjoiMDBjY2Y5OTEwN2I0NGI5NjY2YzZkNzMxODBmMzhiYTE0YjBjNjc5ZCJ9", "expire_date": "2020-09-13T11:18:48.662Z"}}, {"model": "content.subcategory", "pk": 1, "fields": {"cat_name": "\u0644\u0648\u0627\u0632\u0645 \u0645\u0646\u0632\u0644", "parent_category": null}}, {"model": "content.subcategory", "pk": 2, "fields": {"cat_name": "\u0644\u0648\u0627\u0632\u0645 \u0628\u0631\u0642\u06cc", "parent_category": 1}}, {"model": "content.subcategory", "pk": 3, "fields": {"cat_name": "\u06cc\u062e\u0686\u0627\u0644", "parent_category": 2}}, {"model": "content.subcategory", "pk": 4, "fields": {"cat_name": "\u06af\u06cc\u0627\u0647 \u0648 \u0628\u0627\u063a\u0628\u0627\u0646\u06cc", "parent_category": null}}, {"model": "content.subcategory", "pk": 5, "fields": {"cat_name": "\u06af\u0644", "parent_category": 4}}, {"model": "content.subcategory", "pk": 6, "fields": {"cat_name": "\u06af\u0644 \u0645\u0635\u0646\u0648\u0639\u06cc", "parent_category": 5}}, {"model": "content.subcategory", "pk": 7, "fields": {"cat_name": "\u06af\u0644 \u0637\u0628\u06cc\u0639\u06cc", "parent_category": 5}}, {"model": "content.subcategory", "pk": 8, "fields": {"cat_name": "\u0627\u06a9\u0633\u0633\u0648\u0631\u06cc", "parent_category": null}}, {"model": "content.subcategory", "pk": 9, "fields": {"cat_name": "\u06a9\u06cc\u0641", "parent_category": 8}}, {"model": "content.subcategory", "pk": 10, "fields": {"cat_name": "\u06a9\u06cc\u0641 \u0645\u0631\u062f\u0627\u0646\u0647", "parent_category": 9}}, {"model": "content.subcategory", "pk": 11, "fields": {"cat_name": "\u06a9\u06cc\u0641 \u0632\u0646\u0627\u0646\u0647", "parent_category": 9}}, {"model": "content.subcategory", "pk": 12, "fields": {"cat_name": "\u0633\u0627\u0639\u062a", "parent_category": 8}}, {"model": "content.subcategory", "pk": 13, "fields": {"cat_name": "\u0633\u0627\u0639\u062a \u0632\u0646\u0627\u0646\u0647", "parent_category": 12}}, {"model": "content.subcategory", "pk": 14, "fields": {"cat_name": "\u0633\u0627\u0639\u062a \u0645\u0631\u062f\u0627\u0646\u0647", "parent_category": 12}}, {"model": "content.subcategory", "pk": 15, "fields": {"cat_name": "\u0644\u0648\u0627\u0632\u0645 \u0628\u0627\u063a\u0628\u0627\u0646\u06cc", "parent_category": 4}}, {"model": "content.subcategory", "pk": 16, "fields": {"cat_name": "\u0627\u0628\u0632\u0627\u0631 \u0628\u0627\u063a\u0628\u0627\u0646\u06cc", "parent_category": 15}}, {"model": "content.subcategory", "pk": 17, "fields": {"cat_name": "\u0635\u0648\u062a\u06cc \u0648 \u062a\u0635\u0648\u06cc\u0631\u06cc", "parent_category": 2}}, {"model": "content.subcategory", "pk": 18, "fields": {"cat_name": "\u062f\u06a9\u0648\u0631\u0627\u062a\u06cc\u0648", "parent_category": 1}}, {"model": "content.subcategory", "pk": 19, "fields": {"cat_name": "\u0633\u0627\u0639\u062a \u0648 \u063a\u06cc\u0631\u0647", "parent_category": 18}}, {"model": "content.subcategory", "pk": 20, "fields": {"cat_name": "\u06a9\u062a\u0627\u0628 \u0648 \u0644\u0648\u0627\u0632\u0645 \u062a\u062d\u0631\u06cc\u0631", "parent_category": null}}, {"model": "content.subcategory", "pk": 21, "fields": {"cat_name": "\u0648\u0631\u0632\u0634 \u0648 \u0633\u0641\u0631", "parent_category": null}}, {"model": "content.subcategory", "pk": 22, "fields": {"cat_name": "\u062e\u0648\u0631\u062f\u0646\u06cc \u0648 \u0622\u0634\u0627\u0645\u06cc\u062f\u0646\u06cc", "parent_category": null}}, {"model": "content.subcategory", "pk": 23, "fields": {"cat_name": "\u0622\u0634\u067e\u0632\u062e\u0627\u0646\u0647", "parent_category": 1}}, {"model": "content.subcategory", "pk": 24, "fields": {"cat_name": "\u06a9\u062a\u0627\u0628 \u0648 \u0645\u062c\u0644\u0647", "parent_category": 20}}, {"model": "content.subcategory", "pk": 25, "fields": {"cat_name": "\u0644\u0648\u0627\u0632\u0645 \u062a\u062d\u0631\u06cc\u0631", "parent_category": 20}}, {"model": "content.subcategory", "pk": 26, "fields": {"cat_name": "\u0644\u0648\u0627\u0632\u0645 \u0627\u062f\u0627\u0631\u06cc \u0648 \u0627\u0642\u0644\u0627\u0645 \u0645\u0635\u0631\u0641\u06cc", "parent_category": 25}}, {"model": "content.subcategory", "pk": 27, "fields": {"cat_name": "\u0627\u0644\u06a9\u062a\u0631\u0648\u0646\u06cc\u06a9\u06cc", "parent_category": 24}}, {"model": "content.subcategory", "pk": 28, "fields": {"cat_name": "\u0686\u0627\u067e\u06cc", "parent_category": 24}}, {"model": "content.subcategory", "pk": 29, "fields": {"cat_name": "\u0633\u0631\u0648\u06cc\u0633 \u0648 \u067e\u062e\u062a \u0648 \u067e\u0632", "parent_category": 23}}, {"model": "content.subcategory", "pk": 30, "fields": {"cat_name": "\u0645\u0648\u0627\u062f \u0634\u0648\u06cc\u0646\u062f\u0647", "parent_category": 23}}, {"model": "content.subcategory", "pk": 31, "fields": {"cat_name": "\u06a9\u0648\u0647\u0646\u0648\u0631\u062f\u06cc \u0648 \u06a9\u0645\u067e\u06cc\u0646\u06af", "parent_category": 21}}, {"model": "content.subcategory", "pk": 32, "fields": {"cat_name": "\u067e\u0648\u0634\u0627\u06a9 \u0648\u0631\u0632\u0634\u06cc", "parent_category": 21}}, {"model": "content.subcategory", "pk": 33, "fields": {"cat_name": "\u0644\u0648\u0627\u0632\u0645 \u0648\u0631\u0632\u0634\u06cc", "parent_category": 21}}, {"model": "content.subcategory", "pk": 34, "fields": {"cat_name": "\u067e\u0648\u0634\u0627\u06a9 \u0645\u0631\u062f\u0627\u0646\u0647", "parent_category": 32}}, {"model": "content.subcategory", "pk": 35, "fields": {"cat_name": "\u067e\u0648\u0634\u0627\u06a9 \u0632\u0646\u0627\u0646\u0647", "parent_category": 32}}, {"model": "content.subcategory", "pk": 36, "fields": {"cat_name": "\u06a9\u0627\u0644\u0627\u0647\u0627\u06cc \u0627\u0633\u0627\u0633\u06cc \u0648 \u062e\u0627\u0631 \u0648\u0628\u0627\u0631", "parent_category": 22}}, {"model": "content.subcategory", "pk": 37, "fields": {"cat_name": "\u0628\u0631\u0646\u062c", "parent_category": 36}}, {"model": "content.subcategory", "pk": 38, "fields": {"cat_name": "\u06a9\u0641\u0634 \u06a9\u0648\u0647", "parent_category": 31}}, {"model": "content.subcategory", "pk": 39, "fields": {"cat_name": "\u0648\u0631\u0632\u0634 \u0647\u0627\u06cc \u062a\u0648\u067e\u06cc", "parent_category": 33}}, {"model": "content.brand", "pk": 1, "fields": {"brand_name": "\u06af\u0644 \u0622\u0648\u0631\u0627\u0646", "subcategory_id": 4}}, {"model": "content.brand", "pk": 2, "fields": {"brand_name": "\u0627\u0645\u0631\u0633\u0627\u0646", "subcategory_id": 3}}, {"model": "content.brand", "pk": 3, "fields": {"brand_name": "\u0633\u0627\u0645\u0633\u0648\u0646\u06af", "subcategory_id": 2}}, {"model": "content.brand", "pk": 4, "fields": {"brand_name": "\u06af\u0644 \u06a9\u0627\u0644\u0627", "subcategory_id": 6}}, {"model": "content.brand", "pk": 5, "fields": {"brand_name": "\u062f\u06cc\u0627\u06a9\u0648", "subcategory_id": 9}}, {"model": "content.brand", "pk": 6, "fields": {"brand_name": "\u0648\u0641\u0633", "subcategory_id": 9}}, {"model": "content.brand", "pk": 7, "fields": {"brand_name": "\u0627\u0644 \u062c\u06cc", "subcategory_id": 2}}, {"model": "content.attribute", "pk": 1, "fields": {"attr_title": "\u062e\u0627\u0631\u062f\u0627\u0631", "subcategory_id": 7}}, {"model": "content.attribute", "pk": 2, "fields": {"attr_title": "\u062a\u0639\u062f\u0627\u062f \u0637\u0628\u0642\u0627\u062a \u06cc\u062e\u0686\u0627\u0644", "subcategory_id": 3}}, {"model": "content.attribute", "pk": 3, "fields": {"attr_title": "\u0633\u0627\u06cc\u062f \u0628\u0627\u06cc \u0633\u0627\u06cc\u062f", "subcategory_id": 3}}, {"model": "content.product", "pk": 1, "fields": {"product_name": "\u06cc\u062e\u0686\u0627\u0644 \u0627\u0645\u0631\u0633\u0627\u0646 \u0645\u062f\u0644 RH15D", "product_description": "\u0633\u0631\u062f\u0647\u0647\u0647\u0647\u0647\u0647", "product_image": "content/images/110839163_M2asZmU.jpg", "subcategory_id": 3, "brand_id": 2}}, {"model": "content.product", "pk": 2, "fields": {"product_name": "\u0641\u0631\u06cc\u0632\u0631 \u0627\u0645\u0631\u0633\u0627\u0646 \u0645\u062f\u0644 FN15D/TP", "product_description": "\u0641\u0631\u06cc\u0632 \u0634\u062f\u0645\u0645\u0645\u0645\u0645", "product_image": "content/images/1048476_j7Z3mnp.jpg", "subcategory_id": 3, "brand_id": 2}}, {"model": "content.product", "pk": 3, "fields": {"product_name": "\u06cc\u062e\u0686\u0627\u0644 \u0648 \u0641\u0631\u06cc\u0632\u0631 \u0633\u0627\u0645\u0633\u0648\u0646\u06af \u0645\u062f\u0644 FSR12", "product_description": "\u062e\u0627\u0631\u062c\u06cc\u0647 \u0647\u0627\u0627\u0627\u0627", "product_image": "content/images/4197627_1K5lrlE_8F5sXBP.jpg", "subcategory_id": 3, "brand_id": 3}}, {"model": "content.product", "pk": 4, "fields": {"product_name": "\u06af\u0644 \u062e\u0631\u0632\u0647\u0631\u0647", "product_description": "\u06af\u0644 \u062e\u0631\u06cc\u0647", "product_image": "content/images/khar_F1MPMRc.jpg", "subcategory_id": 7, "brand_id": 1}}, {"model": "content.product", "pk": 5, "fields": {"product_name": "\u06af\u0644 \u0644\u0627\u0644\u0647", "product_description": "\u06cc\u06a9 \u062f\u0633\u062a\u0647 \u06af\u0644 \u0644\u0627\u0644\u0647 \u067e\u0644\u0627\u0633\u062a\u06cc\u06a9\u06cc \u062e\u0641\u0646", "product_image": "content/images/111467244.jpg", "subcategory_id": 6, "brand_id": 4}}, {"model": "content.product", "pk": 6, "fields": {"product_name": "\u06a9\u06cc\u0641 \u0631\u0648\u062f\u0648\u0634\u06cc - \u0686\u0631\u0645 \u062f\u06cc\u0627\u06a9\u0648", "product_description": "\u0686\u0631\u0645 \u0637\u0628\u06cc\u0639\u06cc \u06af\u0627\u0648\u06cc \u0628\u0627 \u0631\u0646\u06af \u0633\u0646\u062a\u06cc \u0648 \u0637\u0628\u06cc\u0639\u06cc\r\n\r\n\u062f\u0627\u0631\u0627\u06cc \u0642\u0641\u0644 3 \u0631\u0645\u0632", "product_image": "", "subcategory_id": 9, "brand_id": 5}}, {"model": "content.product", "pk": 7, "fields": {"product_name": "\u06a9\u06cc\u0641 \u0627\u062f\u0627\u0631\u06cc \u0648\u0641\u0633 \u0645\u062f\u0644 Vs-774", "product_description": "\u0632\u06cc\u067e\u060c \u0645\u06af\u0646\u062a\u06cc\r\n\u0686\u0631\u0645 \u0645\u0635\u0646\u0648\u0639\u06cc\r\n\u067e\u0627\u0631\u0686\u0647\u200c\u0627\u06cc", "product_image": "", "subcategory_id": 9, "brand_id": 6}}, {"model": "content.product", "pk": 10, "fields": {"product_name": "\u0639\u0627\u0645\u0647 \u067e\u0633\u0646\u062f", "product_description": "<p>\u0627\u062b\u0631 \u0686\u0627\u0631\u0644\u0632 \u0628\u0648\u06a9\u0648\u0641\u0633\u06a9\u06cc</p>", "product_image": "content/images/pupl_Iu6y976.jpeg", "subcategory_id": 20, "brand_id": 2}}, {"model": "content.product", "pk": 11, "fields": {"product_name": "intel", "product_description": "<p>core i 7</p>", "product_image": "content/images/404eror_LHMuH94.png", "subcategory_id": 27, "brand_id": 3}}, {"model": "content.product", "pk": 12, "fields": {"product_name": "intel", "product_description": "<p>core i 7</p>", "product_image": "content/images/404eror_iHdk8aG.png", "subcategory_id": 27, "brand_id": 3}}, {"model": "content.product", "pk": 13, "fields": {"product_name": "intel", "product_description": "<p>core i 7</p>", "product_image": "content/images/404eror_DJDf3pO.png", "subcategory_id": 27, "brand_id": 3}}, {"model": "content.product", "pk": 14, "fields": {"product_name": "\u062a\u0644\u0648\u06cc\u0632\u06cc\u0648\u0646 LED \u0627\u0644 \u062c\u06cc", "product_description": "\u0633\u0627\u06cc\u0632 \u0635\u0641\u062d\u0647: 43 \u0627\u06cc\u0646\u0686\r\n\u062f\u0631\u06af\u0627\u0647 USB: \u062f\u0627\u0631\u062f\r\n\u06a9\u06cc\u0641\u06cc\u062a \u062a\u0635\u0648\u06cc\u0631: Full HD", "product_image": "content/images/111446992.jpg", "subcategory_id": 17, "brand_id": 7}}, {"model": "content.product", "pk": 15, "fields": {"product_name": "\u0633\u0627\u0639\u062a \u0645\u0686\u06cc \u0639\u0642\u0631\u0628\u0647 \u0627\u06cc \u0645\u0631\u062f\u0627\u0646\u0647 \u0644\u06cc\u0628\u0631\u062a\u06cc \u0645\u062f\u0644 31", "product_description": "\u0641\u0631\u0645 \u0642\u0627\u0628: \u06af\u0631\u062f\r\n\u062a\u0627\u0631\u06cc\u062e \u0634\u0645\u0627\u0631: \u0646\u062f\u0627\u0631\u062f\r\n\u0645\u0648\u0631\u062f \u0627\u0633\u062a\u0641\u0627\u062f\u0647: \u0631\u0633\u0645\u06cc\u060c \u0627\u0633\u067e\u0631\u062a\u060c \u0644\u0648\u06a9\u0633\u060c \u0641\u0634\u0646", "product_image": "content/images/115453333.jpg", "subcategory_id": 14, "brand_id": 5}}, {"model": "content.product", "pk": 16, "fields": {"product_name": "\u0628\u06cc\u0644 \u062e\u0641\u0646", "product_description": "\u0628\u06cc\u0644 \u062a\u0627\u0634\u0648 \u0686\u0646\u062f \u06a9\u0627\u0631\u0647 \u0645\u062f\u0644 450\r\n\u062c\u0646\u0633 \u062f\u0633\u062a\u0647: \u0641\u0644\u0632\u06cc", "product_image": "content/images/3370845.jpg", "subcategory_id": 16, "brand_id": 1}}, {"model": "content.product", "pk": 17, "fields": {"product_name": "\u06a9\u06cc\u0641 \u0686\u0631\u0645\u06cc \u0645\u062f\u0644 \u0627\u0641\u06cc\u0633", "product_description": "\u0646\u0648\u0639 \u06a9\u06cc\u0641: \u06a9\u06cc\u0641 \u0627\u062f\u0627\u0631\u06cc\r\n\u0646\u0648\u0639 \u062f\u0648\u062e\u062a: \u062f\u0633\u062a\u06cc\r\n\u0645\u0646\u0627\u0633\u0628 \u0628\u0631\u0627\u06cc: \u062e\u0627\u0646\u0645 \u0647\u0627", "product_image": "content/images/93b1592c00b3fdcd9dca48fd69ed19ddb32cb73e_1595677215.jpg", "subcategory_id": 11, "brand_id": 5}}, {"model": "content.product", "pk": 18, "fields": {"product_name": "\u0633\u0627\u0639\u062a \u062f\u06cc\u0648\u0627\u0631\u06cc \u067e\u062f\u06cc\u062f\u0647 \u0634\u0627\u067e \u0645\u062f\u0644 Harmony", "product_description": "\u0646\u062d\u0648\u0647 \u0646\u0645\u0627\u06cc\u0634:\u0639\u0642\u0631\u0628\u0647\u200c\u0627\u06cc\r\n\u0628\u0633\u06cc\u0627\u0631 \u0633\u06a9\u0633\u06cc", "product_image": "content/images/2525593.jpg", "subcategory_id": 19, "brand_id": 5}}, {"model": "content.product", "pk": 19, "fields": {"product_name": "\u0633\u0631\u0648\u06cc\u0633 \u0642\u0627\u0628\u0644\u0645\u0647 20 \u067e\u0627\u0631\u0686\u0647 \u062c\u06cc \u0641\u06cc \u0646\u06cc", "product_description": "\u062a\u0639\u062f\u0627\u062f \u067e\u0627\u0631\u0686\u0647: 20 \u067e\u0627\u0631\u0686\u0647\r\n\u06a9\u0634\u0648\u0631 \u0645\u0628\u062f\u0627\u0621 \u0628\u0631\u0646\u062f: \u0627\u06cc\u062a\u0627\u0644\u06cc\u0627", "product_image": "content/images/117235285.jpg", "subcategory_id": 29, "brand_id": 2}}, {"model": "content.product", "pk": 20, "fields": {"product_name": "\u067e\u0648\u062f\u0631 \u0645\u0627\u0634\u06cc\u0646 \u0638\u0631\u0641\u0634\u0648\u06cc\u06cc \u067e\u0631\u06cc\u0644 \u0645\u0642\u062f\u0627\u0631 1 \u06a9\u06cc\u0644\u0648\u06af\u0631\u0645", "product_description": "\u0642\u0627\u0628\u0644\u06cc\u062a \u0647\u0627: \u062a\u0645\u06cc\u0632 \u06a9\u0646\u0646\u062f\u06af\u06cc\u060c \u0633\u0641\u06cc\u062f \u06a9\u0646\u0646\u062f\u06af\u06cc\u060c \u0686\u0631\u0628\u06cc \u0632\u062f\u0627\u06cc\u06cc\r\n\u0631\u0627\u06cc\u062d\u0647: \u062f\u0627\u0631\u062f\r\n\u0646\u0648\u0639 \u0631\u0627\u06cc\u062d\u0647: \u0644\u06cc\u0645\u0648", "product_image": "content/images/114684594.jpg", "subcategory_id": 30, "brand_id": 6}}, {"model": "content.product", "pk": 21, "fields": {"product_name": "\u06a9\u06cc\u0641 \u0627\u062f\u0627\u0631\u06cc \u0645\u0631\u062f\u0627\u0646\u0647 \u062f\u0644\u0646\u06cc\u0627 \u0645\u062f\u0644 E11801", "product_description": "\u0646\u062f \u0648 \u062f\u0633\u062a\u06af\u06cc\u0631\u0647: \u0628\u0644\u0646\u062f\u060c \u06a9\u0648\u062a\u0627\u0647\r\n\u062c\u0646\u0633: \u0686\u0631\u0645 \u0645\u0635\u0646\u0648\u0639\u06cc\r\n\u0646\u062d\u0648\u0647 \u0628\u0633\u062a\u0647 \u0634\u062f\u0646: \u062f\u06a9\u0645\u0647", "product_image": "content/images/115712789.jpg", "subcategory_id": 10, "brand_id": 6}}, {"model": "content.product", "pk": 22, "fields": {"product_name": "\u0633\u0627\u0639\u062a \u0645\u0686\u06cc \u0639\u0642\u0631\u0628\u0647 \u0627\u06cc \u0632\u0646\u0627\u0646\u0647 \u0648\u0627\u0644\u0627\u0631 \u06a9\u062f LF1780", "product_description": "\u0641\u0631\u0645 \u0642\u0627\u0628: \u06af\u0631\u062f\r\n\u062a\u0627\u0631\u06cc\u062e \u0634\u0645\u0627\u0631: \u0646\u062f\u0627\u0631\u062f\r\n\u0645\u0648\u0631\u062f \u0627\u0633\u062a\u0641\u0627\u062f\u0647: \u0631\u0648\u0632\u0645\u0631\u0647\u060c \u0641\u0634\u0646", "product_image": "content/images/113777734.jpg", "subcategory_id": 13, "brand_id": 6}}, {"model": "content.product", "pk": 23, "fields": {"product_name": "\u0646\u06cc\u0645 \u062a\u0646\u0647 \u0648\u0631\u0632\u0634\u06cc \u0632\u0646\u0627\u0646\u0647 \u06a9\u062f 3232-1", "product_description": "\u062c\u0646\u0633: \u067e\u0644\u06cc \u0627\u0633\u062a\u0631\r\n\u0628\u0646\u062f \u0644\u0628\u0627\u0633: \u0645\u0639\u0645\u0648\u0644\u06cc\r\n\u067e\u062f: \u067e\u062f \u062f\u0627\u0631", "product_image": "content/images/120133947.jpg", "subcategory_id": 35, "brand_id": 6}}, {"model": "content.product", "pk": 24, "fields": {"product_name": "\u06a9\u062a\u0627\u0628 \u0635\u0648\u062a\u06cc \u0627\u062b\u0631 \u0645\u0631\u06a9\u0628 \u0627\u062b\u0631 \u062f\u0627\u0631\u0646 \u0647\u0627\u0631\u062f\u06cc", "product_description": "\u06af\u0631\u0648\u0647 \u0633\u0646\u06cc: \u0628\u0632\u0631\u06af\u0633\u0627\u0644", "product_image": "content/images/1345921.jpg", "subcategory_id": 27, "brand_id": 5}}, {"model": "content.product", "pk": 25, "fields": {"product_name": "\u06a9\u062a\u0627\u0628 1984 \u0627\u062b\u0631 \u062c\u0648\u0631\u062c \u0627\u0648\u0631\u0648\u0644 \u0646\u0634\u0631 \u0634\u0627\u0647\u062f\u062e\u062a \u067e\u0627\u06cc\u06cc\u0632", "product_description": "\u0642\u0637\u0639: \u0631\u0642\u0639\u06cc\r\n\u0646\u0648\u0639 \u062c\u0644\u062f: \u0634\u0648\u0645\u06cc\u0632\r\n\u0645\u0646\u0627\u0633\u0628 \u0628\u0631\u0627\u06cc: \u0628\u0632\u0631\u06af\u0633\u0627\u0644\u0627\u0646", "product_image": "content/images/121134106.jpg", "subcategory_id": 28, "brand_id": 1}}, {"model": "content.product", "pk": 26, "fields": {"product_name": "\u0633\u062a \u062a\u06cc\u0634\u0631\u062a \u0648 \u0634\u0644\u0648\u0627\u0631 \u0648\u0631\u0632\u0634\u06cc \u0645\u0631\u062f\u0627\u0646\u0647 \u0645\u062f\u0644 2038 \u0631\u0646\u06af \u0642\u0631\u0645\u0632", "product_description": "\u062c\u0646\u0633: \u067e\u0644\u06cc \u0627\u0633\u062a\u0631\u060c \u0646\u062e (\u06a9\u062a\u0627\u0646)\r\n\u0637\u0631\u062d \u067e\u0627\u0631\u0686\u0647: \u0637\u0631\u062d \u062f\u0627\u0631\r\n\u0641\u0631\u0645 \u0644\u0628\u0627\u0633: \u0645\u0639\u0645\u0648\u0644\u06cc\r\n\u06a9\u0644\u0627\u0647: \u0628\u062f\u0648\u0646 \u06a9\u0644\u0627\u0647", "product_image": "content/images/111413420.jpg", "subcategory_id": 34, "brand_id": 5}}, {"model": "content.product", "pk": 27, "fields": {"product_name": "\u0686\u0633\u0628 \u0645\u0627\u062a\u06cc\u06a9\u06cc \u0622\u0631\u06cc\u0627 \u06a9\u062f 8004 \u0628\u0633\u062a\u0647 3 \u0639\u062f\u062f\u06cc", "product_description": "\u0686\u0633\u0628 \u0642\u0648\u06cc \u0648 \u0645\u0634\u062a\u06cc \u06a9\u0644\u0647 \u0631\u0634\u062a\u06cc", "product_image": "content/images/120025324.jpg", "subcategory_id": 26, "brand_id": 5}}, {"model": "content.product", "pk": 28, "fields": {"product_name": "\u0628\u0631\u0646\u062c \u0639\u0646\u0628\u0631\u0628\u0648 \u0622\u0642\u0627\u0645\u06cc\u0631 - 5 \u06a9\u06cc\u0644\u0648\u06af\u0631\u0645", "product_description": "\u0628\u0627\u0632\u0647\u200c\u06cc \u0648\u0632\u0646: \u062a\u0627 5 \u06a9\u06cc\u0644\u0648\u06af\u0631\u0645\r\n\u0627\u0631\u06af\u0627\u0646\u06cc\u06a9: \u0628\u0644\u0647", "product_image": "content/images/121933738.jpg", "subcategory_id": 37, "brand_id": 5}}, {"model": "content.product", "pk": 29, "fields": {"product_name": "\u06a9\u0641\u0634 \u06a9\u0648\u0647\u0646\u0648\u0631\u062f\u06cc \u0632\u0646\u0627\u0646\u0647 \u0622\u0633\u06cc\u0627 \u0645\u062f\u0644 \u0627\u0633\u06a9\u0627\u0631\u067e\u0627 \u06a9\u062f 458", "product_description": "\u062c\u0646\u0633: \u0646\u0628\u0648\u06a9\r\n\u0646\u062d\u0648\u0647 \u0628\u0633\u062a\u0647 \u0634\u062f\u0646: \u0628\u0646\u062f\r\n\u06a9\u0641\u06cc \u06a9\u0641\u0634: \u0642\u0627\u0628\u0644 \u062a\u0639\u0648\u06cc\u0636\r\n\u0645\u062f\u0644 \u067e\u0627\u0634\u0646\u0647: \u067e\u0627\u0634\u0646\u0647 \u067e\u0647\u0646\r\n\u062c\u0646\u0633 \u0632\u06cc\u0631\u0647: \u0627\u062a\u06cc\u0644\u0646 \u0648\u06cc\u0646\u06cc\u0644 \u0627\u0633\u062a\u0627\u062a\r\n\u0648\u06cc\u0698\u06af\u06cc \u0647\u0627\u06cc \u0632\u06cc\u0631\u0647: \u0645\u0642\u0627\u0648\u0645 \u062f\u0631 \u0628\u0631\u0627\u0628\u0631 \u0633\u0627\u06cc\u0634 \u0622\u062c \u062f\u0627\u0631\r\n\u0648\u06cc\u0698\u06af\u06cc \u0647\u0627\u06cc \u062a\u062e\u0635\u0635\u06cc: \u0645\u0642\u0627\u0648\u0645 \u062f\u0631 \u0628\u0631\u0627\u0628\u0631 \u0633\u0627\u06cc\u0634", "product_image": "content/images/115601800.jpg", "subcategory_id": 38, "brand_id": 6}}, {"model": "content.product", "pk": 30, "fields": {"product_name": "\u062a\u0648\u067e \u0641\u0648\u062a\u0628\u0627\u0644 \u0622\u062f\u06cc\u062f\u0627\u0633 \u0645\u062f\u0644 R520", "product_description": "\u0633\u0631\u06cc: \u062d\u0631\u0641\u0647\u200c\u0627\u06cc\r\n\u0646\u0648\u0639 \u0627\u0633\u062a\u0641\u0627\u062f\u0647: \u0632\u0645\u06cc\u0646 \u0686\u0645\u0646", "product_image": "content/images/114527251.jpg", "subcategory_id": 39, "brand_id": 5}}, {"model": "content.productattr", "pk": 1, "fields": {"value_type": "INT", "int_value": 3, "text_value": "", "bool_value": null, "product_id": 1, "attr_id": 2}}, {"model": "content.productattr", "pk": 2, "fields": {"value_type": "INT", "int_value": 4, "text_value": "", "bool_value": null, "product_id": 2, "attr_id": 2}}, {"model": "content.productattr", "pk": 3, "fields": {"value_type": "INT", "int_value": 4, "text_value": "", "bool_value": null, "product_id": 3, "attr_id": 2}}, {"model": "content.productattr", "pk": 4, "fields": {"value_type": "BOOL", "int_value": null, "text_value": "", "bool_value": false, "product_id": 1, "attr_id": 3}}, {"model": "content.productattr", "pk": 5, "fields": {"value_type": "BOOL", "int_value": null, "text_value": "", "bool_value": false, "product_id": 2, "attr_id": 3}}, {"model": "content.productattr", "pk": 6, "fields": {"value_type": "BOOL", "int_value": null, "text_value": "", "bool_value": true, "product_id": 3, "attr_id": 3}}, {"model": "content.productattr", "pk": 7, "fields": {"value_type": "BOOL", "int_value": null, "text_value": "", "bool_value": true, "product_id": 4, "attr_id": 1}}, {"model": "content.productattr", "pk": 10, "fields": {"value_type": "", "int_value": null, "text_value": null, "bool_value": null, "product_id": 10, "attr_id": 1}}, {"model": "content.productattr", "pk": 11, "fields": {"value_type": "", "int_value": null, "text_value": null, "bool_value": null, "product_id": 11, "attr_id": 1}}, {"model": "content.productattr", "pk": 12, "fields": {"value_type": "", "int_value": null, "text_value": null, "bool_value": null, "product_id": 12, "attr_id": 1}}, {"model": "content.productattr", "pk": 13, "fields": {"value_type": "", "int_value": null, "text_value": null, "bool_value": null, "product_id": 13, "attr_id": 1}}, {"model": "Supplier.productsupplier", "pk": 1, "fields": {"supplier_id": 5, "product_id": 1, "stock": 3, "unit_price": 5000000.0}}, {"model": "Supplier.productsupplier", "pk": 2, "fields": {"supplier_id": 2, "product_id": 1, "stock": 5, "unit_price": 5500000.0}}, {"model": "Supplier.productsupplier", "pk": 3, "fields": {"supplier_id": 5, "product_id": 4, "stock": 6, "unit_price": 100.0}}, {"model": "Supplier.productsupplier", "pk": 4, "fields": {"supplier_id": 11, "product_id": 4, "stock": 2, "unit_price": 500.0}}, {"model": "Supplier.productsupplier", "pk": 5, "fields": {"supplier_id": 16, "product_id": 15, "stock": 2, "unit_price": 75000000.0}}, {"model": "Supplier.productsupplier", "pk": 6, "fields": {"supplier_id": 5, "product_id": 16, "stock": 2, "unit_price": 50000.0}}, {"model": "Supplier.productsupplier", "pk": 7, "fields": {"supplier_id": 15, "product_id": 17, "stock": 2, "unit_price": 300000.0}}, {"model": "Supplier.productsupplier", "pk": 8, "fields": {"supplier_id": 5, "product_id": 14, "stock": 2, "unit_price": 5000000.0}}, {"model": "Supplier.productsupplier", "pk": 9, "fields": {"supplier_id": 16, "product_id": 18, "stock": 2, "unit_price": 200000.0}}, {"model": "Supplier.productsupplier", "pk": 10, "fields": {"supplier_id": 2, "product_id": 5, "stock": 3, "unit_price": 20000.0}}, {"model": "Supplier.productsupplier", "pk": 11, "fields": {"supplier_id": 5, "product_id": 19, "stock": 5, "unit_price": 730000.0}}, {"model": "Supplier.productsupplier", "pk": 12, "fields": {"supplier_id": 9, "product_id": 20, "stock": 2, "unit_price": 50000.0}}, {"model": "Supplier.productsupplier", "pk": 13, "fields": {"supplier_id": 9, "product_id": 21, "stock": 1, "unit_price": 990000.0}}, {"model": "Supplier.productsupplier", "pk": 14, "fields": {"supplier_id": 5, "product_id": 22, "stock": 2, "unit_price": 54000.0}}, {"model": "Supplier.productsupplier", "pk": 15, "fields": {"supplier_id": 5, "product_id": 23, "stock": 2, "unit_price": 73000.0}}, {"model": "Supplier.productsupplier", "pk": 16, "fields": {"supplier_id": 9, "product_id": 24, "stock": 1, "unit_price": 22000.0}}, {"model": "Supplier.productsupplier", "pk": 17, "fields": {"supplier_id": 2, "product_id": 25, "stock": 2, "unit_price": 15000.0}}, {"model": "Supplier.productsupplier", "pk": 18, "fields": {"supplier_id": 9, "product_id": 26, "stock": 2, "unit_price": 200000.0}}, {"model": "Supplier.productsupplier", "pk": 19, "fields": {"supplier_id": 5, "product_id": 27, "stock": 2, "unit_price": 8000.0}}, {"model": "Supplier.productsupplier", "pk": 20, "fields": {"supplier_id": 9, "product_id": 28, "stock": 2, "unit_price": 100000.0}}, {"model": "Supplier.productsupplier", "pk": 21, "fields": {"supplier_id": 9, "product_id": 29, "stock": 2, "unit_price": 540000.0}}, {"model": "Supplier.productsupplier", "pk": 22, "fields": {"supplier_id": 11, "product_id": 30, "stock": 2, "unit_price": 200000.0}}, {"model": "financial.peymentmethod", "pk": 1, "fields": {"method_title": "\u062f \u0631\u06af\u0627\u0647 \u0645\u0644\u062a"}}, {"model": "financial.peymentmethod", "pk": 2, "fields": {"method_title": "\u062f\u0631\u06af\u0627\u0647 \u067e\u0627\u0633\u0627\u0631\u06af\u0627\u062f"}}, {"model": "financial.payment", "pk": 7, "fields": {"payment_status": true, "cart_id": 3, "payment_method": 2}}, {"model": "financial.payment", "pk": 8, "fields": {"payment_status": true, "cart_id": 4, "payment_method": 1}}, {"model": "financial.payment", "pk": 9, "fields": {"payment_status": true, "cart_id": 5, "payment_method": 2}}, {"model": "financial.payment", "pk": 10, "fields": {"payment_status": true, "cart_id": 6, "payment_method": 2}}, {"model": "financial.payment", "pk": 11, "fields": {"payment_status": true, "cart_id": 7, "payment_method": 1}}, {"model": "cart.cart", "pk": 1, "fields": {"customer_id": 6, "delivery_id": null, "total_price": 5000100.0, "status": "f"}}, {"model": "cart.cart", "pk": 3, "fields": {"customer_id": 6, "delivery_id": null, "total_price": 5500000.0, "status": "f"}}, {"model": "cart.cart", "pk": 4, "fields": {"customer_id": 8, "delivery_id": null, "total_price": 5000000.0, "status": "f"}}, {"model": "cart.cart", "pk": 5, "fields": {"customer_id": 6, "delivery_id": null, "total_price": 10000300.0, "status": "f"}}, {"model": "cart.cart", "pk": 6, "fields": {"customer_id": 6, "delivery_id": null, "total_price": 22500.0, "status": "f"}}, {"model": "cart.cart", "pk": 7, "fields": {"customer_id": 6, "delivery_id": null, "total_price": 22000.0, "status": "f"}}, {"model": "cart.cart", "pk": 8, "fields": {"customer_id": 6, "delivery_id": null, "total_price": 0.0, "status": "u"}}, {"model": "cart.orderitem", "pk": 1, "fields": {"cart_id": 1, "product_supplier_id": 1, "cost": 5000000.0, "number": 1}}, {"model": "cart.orderitem", "pk": 2, "fields": {"cart_id": 1, "product_supplier_id": 3, "cost": 100.0, "number": 1}}, {"model": "cart.orderitem", "pk": 3, "fields": {"cart_id": 3, "product_supplier_id": 2, "cost": 5500000.0, "number": 1}}, {"model": "cart.orderitem", "pk": 4, "fields": {"cart_id": 4, "product_supplier_id": 1, "cost": 5000000.0, "number": 1}}, {"model": "cart.orderitem", "pk": 5, "fields": {"cart_id": 5, "product_supplier_id": 1, "cost": 5000000.0, "number": 2}}, {"model": "cart.orderitem", "pk": 6, "fields": {"cart_id": 5, "product_supplier_id": 3, "cost": 100.0, "number": 3}}, {"model": "cart.orderitem", "pk": 7, "fields": {"cart_id": 6, "product_supplier_id": 4, "cost": 500.0, "number": 1}}, {"model": "cart.orderitem", "pk": 8, "fields": {"cart_id": 6, "product_supplier_id": 16, "cost": 22000.0, "number": 1}}, {"model": "cart.orderitem", "pk": 9, "fields": {"cart_id": 7, "product_supplier_id": 16, "cost": 22000.0, "number": 1}}, {"model": "cart.orderitem", "pk": 11, "fields": {"cart_id": 8, "product_supplier_id": 21, "cost": 0.0, "number": 2}}, {"model": "auth.permission", "pk": 1, "fields": {"name": "Can add log entry", "content_type": 1, "codename": "add_logentry"}}, {"model": "auth.permission", "pk": 2, "fields": {"name": "Can change log entry", "content_type": 1, "codename": "change_logentry"}}, {"model": "auth.permission", "pk": 3, "fields": {"name": "Can delete log entry", "content_type": 1, "codename": "delete_logentry"}}, {"model": "auth.permission", "pk": 4, "fields": {"name": "Can view log entry", "content_type": 1, "codename": "view_logentry"}}, {"model": "auth.permission", "pk": 5, "fields": {"name": "Can add permission", "content_type": 2, "codename": "add_permission"}}, {"model": "auth.permission", "pk": 6, "fields": {"name": "Can change permission", "content_type": 2, "codename": "change_permission"}}, {"model": "auth.permission", "pk": 7, "fields": {"name": "Can delete permission", "content_type": 2, "codename": "delete_permission"}}, {"model": "auth.permission", "pk": 8, "fields": {"name": "Can view permission", "content_type": 2, "codename": "view_permission"}}, {"model": "auth.permission", "pk": 9, "fields": {"name": "Can add group", "content_type": 3, "codename": "add_group"}}, {"model": "auth.permission", "pk": 10, "fields": {"name": "Can change group", "content_type": 3, "codename": "change_group"}}, {"model": "auth.permission", "pk": 11, "fields": {"name": "Can delete group", "content_type": 3, "codename": "delete_group"}}, {"model": "auth.permission", "pk": 12, "fields": {"name": "Can view group", "content_type": 3, "codename": "view_group"}}, {"model": "auth.permission", "pk": 13, "fields": {"name": "Can add content type", "content_type": 4, "codename": "add_contenttype"}}, {"model": "auth.permission", "pk": 14, "fields": {"name": "Can change content type", "content_type": 4, "codename": "change_contenttype"}}, {"model": "auth.permission", "pk": 15, "fields": {"name": "Can delete content type", "content_type": 4, "codename": "delete_contenttype"}}, {"model": "auth.permission", "pk": 16, "fields": {"name": "Can view content type", "content_type": 4, "codename": "view_contenttype"}}, {"model": "auth.permission", "pk": 17, "fields": {"name": "Can add session", "content_type": 5, "codename": "add_session"}}, {"model": "auth.permission", "pk": 18, "fields": {"name": "Can change session", "content_type": 5, "codename": "change_session"}}, {"model": "auth.permission", "pk": 19, "fields": {"name": "Can delete session", "content_type": 5, "codename": "delete_session"}}, {"model": "auth.permission", "pk": 20, "fields": {"name": "Can view session", "content_type": 5, "codename": "view_session"}}, {"model": "auth.permission", "pk": 21, "fields": {"name": "Can add sub category", "content_type": 6, "codename": "add_subcategory"}}, {"model": "auth.permission", "pk": 22, "fields": {"name": "Can change sub category", "content_type": 6, "codename": "change_subcategory"}}, {"model": "auth.permission", "pk": 23, "fields": {"name": "Can delete sub category", "content_type": 6, "codename": "delete_subcategory"}}, {"model": "auth.permission", "pk": 24, "fields": {"name": "Can view sub category", "content_type": 6, "codename": "view_subcategory"}}, {"model": "auth.permission", "pk": 25, "fields": {"name": "Can add brand", "content_type": 7, "codename": "add_brand"}}, {"model": "auth.permission", "pk": 26, "fields": {"name": "Can change brand", "content_type": 7, "codename": "change_brand"}}, {"model": "auth.permission", "pk": 27, "fields": {"name": "Can delete brand", "content_type": 7, "codename": "delete_brand"}}, {"model": "auth.permission", "pk": 28, "fields": {"name": "Can view brand", "content_type": 7, "codename": "view_brand"}}, {"model": "auth.permission", "pk": 29, "fields": {"name": "Can add attribute", "content_type": 8, "codename": "add_attribute"}}, {"model": "auth.permission", "pk": 30, "fields": {"name": "Can change attribute", "content_type": 8, "codename": "change_attribute"}}, {"model": "auth.permission", "pk": 31, "fields": {"name": "Can delete attribute", "content_type": 8, "codename": "delete_attribute"}}, {"model": "auth.permission", "pk": 32, "fields": {"name": "Can view attribute", "content_type": 8, "codename": "view_attribute"}}, {"model": "auth.permission", "pk": 33, "fields": {"name": "Can add product", "content_type": 9, "codename": "add_product"}}, {"model": "auth.permission", "pk": 34, "fields": {"name": "Can change product", "content_type": 9, "codename": "change_product"}}, {"model": "auth.permission", "pk": 35, "fields": {"name": "Can delete product", "content_type": 9, "codename": "delete_product"}}, {"model": "auth.permission", "pk": 36, "fields": {"name": "Can view product", "content_type": 9, "codename": "view_product"}}, {"model": "auth.permission", "pk": 37, "fields": {"name": "Can add product attr", "content_type": 10, "codename": "add_productattr"}}, {"model": "auth.permission", "pk": 38, "fields": {"name": "Can change product attr", "content_type": 10, "codename": "change_productattr"}}, {"model": "auth.permission", "pk": 39, "fields": {"name": "Can delete product attr", "content_type": 10, "codename": "delete_productattr"}}, {"model": "auth.permission", "pk": 40, "fields": {"name": "Can view product attr", "content_type": 10, "codename": "view_productattr"}}, {"model": "auth.permission", "pk": 41, "fields": {"name": "Can add feedback", "content_type": 11, "codename": "add_feedback"}}, {"model": "auth.permission", "pk": 42, "fields": {"name": "Can change feedback", "content_type": 11, "codename": "change_feedback"}}, {"model": "auth.permission", "pk": 43, "fields": {"name": "Can delete feedback", "content_type": 11, "codename": "delete_feedback"}}, {"model": "auth.permission", "pk": 44, "fields": {"name": "Can view feedback", "content_type": 11, "codename": "view_feedback"}}, {"model": "auth.permission", "pk": 45, "fields": {"name": "Can add customer address", "content_type": 12, "codename": "add_customeraddress"}}, {"model": "auth.permission", "pk": 46, "fields": {"name": "Can change customer address", "content_type": 12, "codename": "change_customeraddress"}}, {"model": "auth.permission", "pk": 47, "fields": {"name": "Can delete customer address", "content_type": 12, "codename": "delete_customeraddress"}}, {"model": "auth.permission", "pk": 48, "fields": {"name": "Can view customer address", "content_type": 12, "codename": "view_customeraddress"}}, {"model": "auth.permission", "pk": 49, "fields": {"name": "Can add product supplier", "content_type": 13, "codename": "add_productsupplier"}}, {"model": "auth.permission", "pk": 50, "fields": {"name": "Can change product supplier", "content_type": 13, "codename": "change_productsupplier"}}, {"model": "auth.permission", "pk": 51, "fields": {"name": "Can delete product supplier", "content_type": 13, "codename": "delete_productsupplier"}}, {"model": "auth.permission", "pk": 52, "fields": {"name": "Can view product supplier", "content_type": 13, "codename": "view_productsupplier"}}, {"model": "auth.permission", "pk": 53, "fields": {"name": "Can add peyment method", "content_type": 14, "codename": "add_peymentmethod"}}, {"model": "auth.permission", "pk": 54, "fields": {"name": "Can change peyment method", "content_type": 14, "codename": "change_peymentmethod"}}, {"model": "auth.permission", "pk": 55, "fields": {"name": "Can delete peyment method", "content_type": 14, "codename": "delete_peymentmethod"}}, {"model": "auth.permission", "pk": 56, "fields": {"name": "Can view peyment method", "content_type": 14, "codename": "view_peymentmethod"}}, {"model": "auth.permission", "pk": 57, "fields": {"name": "Can add payment", "content_type": 15, "codename": "add_payment"}}, {"model": "auth.permission", "pk": 58, "fields": {"name": "Can change payment", "content_type": 15, "codename": "change_payment"}}, {"model": "auth.permission", "pk": 59, "fields": {"name": "Can delete payment", "content_type": 15, "codename": "delete_payment"}}, {"model": "auth.permission", "pk": 60, "fields": {"name": "Can view payment", "content_type": 15, "codename": "view_payment"}}, {"model": "auth.permission", "pk": 61, "fields": {"name": "Can add delivery", "content_type": 16, "codename": "add_delivery"}}, {"model": "auth.permission", "pk": 62, "fields": {"name": "Can change delivery", "content_type": 16, "codename": "change_delivery"}}, {"model": "auth.permission", "pk": 63, "fields": {"name": "Can delete delivery", "content_type": 16, "codename": "delete_delivery"}}, {"model": "auth.permission", "pk": 64, "fields": {"name": "Can view delivery", "content_type": 16, "codename": "view_delivery"}}, {"model": "auth.permission", "pk": 65, "fields": {"name": "Can add cart", "content_type": 17, "codename": "add_cart"}}, {"model": "auth.permission", "pk": 66, "fields": {"name": "Can change cart", "content_type": 17, "codename": "change_cart"}}, {"model": "auth.permission", "pk": 67, "fields": {"name": "Can delete cart", "content_type": 17, "codename": "delete_cart"}}, {"model": "auth.permission", "pk": 68, "fields": {"name": "Can view cart", "content_type": 17, "codename": "view_cart"}}, {"model": "auth.permission", "pk": 69, "fields": {"name": "Can add order item", "content_type": 18, "codename": "add_orderitem"}}, {"model": "auth.permission", "pk": 70, "fields": {"name": "Can change order item", "content_type": 18, "codename": "change_orderitem"}}, {"model": "auth.permission", "pk": 71, "fields": {"name": "Can delete order item", "content_type": 18, "codename": "delete_orderitem"}}, {"model": "auth.permission", "pk": 72, "fields": {"name": "Can view order item", "content_type": 18, "codename": "view_orderitem"}}, {"model": "auth.permission", "pk": 73, "fields": {"name": "Can add user", "content_type": 19, "codename": "add_user"}}, {"model": "auth.permission", "pk": 74, "fields": {"name": "Can change user", "content_type": 19, "codename": "change_user"}}, {"model": "auth.permission", "pk": 75, "fields": {"name": "Can delete user", "content_type": 19, "codename": "delete_user"}}, {"model": "auth.permission", "pk": 76, "fields": {"name": "Can view user", "content_type": 19, "codename": "view_user"}}, {"model": "auth.permission", "pk": 77, "fields": {"name": "Can add customer", "content_type": 20, "codename": "add_customer"}}, {"model": "auth.permission", "pk": 78, "fields": {"name": "Can change customer", "content_type": 20, "codename": "change_customer"}}, {"model": "auth.permission", "pk": 79, "fields": {"name": "Can delete customer", "content_type": 20, "codename": "delete_customer"}}, {"model": "auth.permission", "pk": 80, "fields": {"name": "Can view customer", "content_type": 20, "codename": "view_customer"}}, {"model": "auth.permission", "pk": 81, "fields": {"name": "Can add supplier", "content_type": 21, "codename": "add_supplier"}}, {"model": "auth.permission", "pk": 82, "fields": {"name": "Can change supplier", "content_type": 21, "codename": "change_supplier"}}, {"model": "auth.permission", "pk": 83, "fields": {"name": "Can delete supplier", "content_type": 21, "codename": "delete_supplier"}}, {"model": "auth.permission", "pk": 84, "fields": {"name": "Can view supplier", "content_type": 21, "codename": "view_supplier"}}, {"model": "auth.permission", "pk": 85, "fields": {"name": "Can add \u062f\u0633\u062a\u0647\u200c\u0628\u0646\u062f\u06cc", "content_type": 22, "codename": "add_category"}}, {"model": "auth.permission", "pk": 86, "fields": {"name": "Can change \u062f\u0633\u062a\u0647\u200c\u0628\u0646\u062f\u06cc", "content_type": 22, "codename": "change_category"}}, {"model": "auth.permission", "pk": 87, "fields": {"name": "Can delete \u062f\u0633\u062a\u0647\u200c\u0628\u0646\u062f\u06cc", "content_type": 22, "codename": "delete_category"}}, {"model": "auth.permission", "pk": 88, "fields": {"name": "Can view \u062f\u0633\u062a\u0647\u200c\u0628\u0646\u062f\u06cc", "content_type": 22, "codename": "view_category"}}, {"model": "auth.permission", "pk": 89, "fields": {"name": "Can add \u0645\u0642\u0627\u0644\u0647", "content_type": 23, "codename": "add_article"}}, {"model": "auth.permission", "pk": 90, "fields": {"name": "Can change \u0645\u0642\u0627\u0644\u0647", "content_type": 23, "codename": "change_article"}}, {"model": "auth.permission", "pk": 91, "fields": {"name": "Can delete \u0645\u0642\u0627\u0644\u0647", "content_type": 23, "codename": "delete_article"}}, {"model": "auth.permission", "pk": 92, "fields": {"name": "Can view \u0645\u0642\u0627\u0644\u0647", "content_type": 23, "codename": "view_article"}}, {"model": "accounts.user", "pk": 1, "fields": {"password": "pbkdf2_sha256$180000$H6yEbY2SZPA2$8tFst+0wY4UgSNN6qkk0wgB4EEMWuxEjVKAsvzsIr1w=", "last_login": "2020-08-31T06:12:58.558Z", "is_superuser": true, "username": "admin", "email": "", "is_staff": true, "is_active": true, "date_joined": "2020-08-23T08:36:01.785Z", "is_customer": false, "is_supplier": false, "first_name": "", "last_name": "", "groups": [], "user_permissions": []}}, {"model": "accounts.user", "pk": 2, "fields": {"password": "pbkdf2_sha256$180000$cvb8KYM4pco0$S/nshbDSv2lHkmu2ITVTZWusJobt14NEtOeRNtMUWG8=", "last_login": "2020-08-23T08:43:29.707Z", "is_superuser": false, "username": "armin", "email": "", "is_staff": true, "is_active": true, "date_joined": "2020-08-23T08:43:25.946Z", "is_customer": false, "is_supplier": true, "first_name": "armin", "last_name": "azimi", "groups": [], "user_permissions": []}}, {"model": "accounts.user", "pk": 3, "fields": {"password": "pbkdf2_sha256$180000$oBiaT15kvSCt$b1BYai0V3PqOmcjgNGoXsaBxtAltCf3toGCdjOhbntU=", "last_login": "2020-08-23T10:57:35.574Z", "is_superuser": false, "username": "admin33", "email": "", "is_staff": false, "is_active": true, "date_joined": "2020-08-23T10:57:31.670Z", "is_customer": true, "is_supplier": false, "first_name": "jj", "last_name": "jjj", "groups": [], "user_permissions": []}}, {"model": "accounts.user", "pk": 4, "fields": {"password": "4321", "last_login": null, "is_superuser": false, "username": "kharidar", "email": "", "is_staff": false, "is_active": true, "date_joined": "2020-08-28T19:23:09Z", "is_customer": true, "is_supplier": false, "first_name": "\u062e\u0631\u06cc\u062f\u0627\u0631", "last_name": "\u0639\u0632\u06cc\u0632", "groups": [], "user_permissions": []}}, {"model": "accounts.user", "pk": 5, "fields": {"password": "4321", "last_login": null, "is_superuser": false, "username": "foroushandeh", "email": "", "is_staff": false, "is_active": true, "date_joined": "2020-08-28T19:26:55Z", "is_customer": false, "is_supplier": true, "first_name": "\u0641\u0631\u0648\u0634\u0646\u062f\u0647", "last_name": "\u0627\u0639\u0638\u0645", "groups": [], "user_permissions": []}}, {"model": "accounts.user", "pk": 6, "fields": {"password": "pbkdf2_sha256$180000$YldMvkbcIo0Q$UypjTY1e72oJjFacSXmC/S2dWkEtVpDM2tmhp9o4XKo=", "last_login": "2020-08-29T11:06:37.643Z", "is_superuser": false, "username": "kharidar1", "email": "", "is_staff": false, "is_active": true, "date_joined": "2020-08-28T20:04:12.273Z", "is_customer": true, "is_supplier": false, "first_name": "\u062e\u0631\u06cc\u062f\u0627\u0631", "last_name": "\u0639\u0632\u06cc\u0632", "groups": [], "user_permissions": []}}, {"model": "accounts.user", "pk": 8, "fields": {"password": "pbkdf2_sha256$180000$zrDiQ6OJ6Fny$sA497DnnQKuwKGRHdSzAqNChMVISJxHI6g+ZliXZG9k=", "last_login": "2020-08-30T12:18:58.660Z", "is_superuser": true, "username": "mamad", "email": "", "is_staff": true, "is_active": true, "date_joined": "2020-08-29T08:10:37.714Z", "is_customer": false, "is_supplier": false, "first_name": "", "last_name": "", "groups": [], "user_permissions": []}}, {"model": "accounts.user", "pk": 9, "fields": {"password": "pbkdf2_sha256$180000$Oc8z67onDbAE$61IMgP9Esmezukv/I/fCd/divuBKXYL5fNHhzi2Fn34=", "last_login": "2020-08-29T12:01:04.209Z", "is_superuser": false, "username": "foroush", "email": "", "is_staff": true, "is_active": true, "date_joined": "2020-08-29T12:01:00.550Z", "is_customer": false, "is_supplier": true, "first_name": "\u0641\u0631\u0648\u0634\u0646\u062f\u0647", "last_name": "\u0644\u0639\u0646\u062a\u06cc", "groups": [], "user_permissions": []}}, {"model": "accounts.user", "pk": 10, "fields": {"password": "pbkdf2_sha256$180000$gRStqeamiQNs$ZQ80c3Cywislk8t1/ZIK9vVgZQ3ZE1N7UlcLIEFDsvo=", "last_login": "2020-08-29T15:30:25.790Z", "is_superuser": true, "username": "arminazimi", "email": "", "is_staff": true, "is_active": true, "date_joined": "2020-08-29T12:42:43Z", "is_customer": false, "is_supplier": false, "first_name": "\u0622\u0631\u0645\u06cc\u0646", "last_name": "\u0639\u0638\u06cc\u0645\u06cc", "groups": [], "user_permissions": []}}, {"model": "accounts.user", "pk": 11, "fields": {"password": "pbkdf2_sha256$180000$w7Z8fogmousU$6tD2wT9GXWRhkefzTTwdYRvodb5GK6vg+ZTYXuXS8+I=", "last_login": "2020-08-29T14:28:25.875Z", "is_superuser": false, "username": "q", "email": "", "is_staff": true, "is_active": true, "date_joined": "2020-08-29T13:49:06.548Z", "is_customer": false, "is_supplier": true, "first_name": "\u0622\u0631\u0645\u06cc\u0646", "last_name": "\u0645\u062d\u062a\u0631\u0645", "groups": [], "user_permissions": []}}, {"model": "accounts.user", "pk": 12, "fields": {"password": "pbkdf2_sha256$180000$9RBbtM6jUX0r$Fe0cVdh4HITEkcmD9gHpBAfmiteQ8pf866hBOp47Sds=", "last_login": "2020-08-29T16:06:24.678Z", "is_superuser": true, "username": "a", "email": "", "is_staff": true, "is_active": true, "date_joined": "2020-08-29T15:49:31.124Z", "is_customer": false, "is_supplier": false, "first_name": "", "last_name": "", "groups": [], "user_permissions": []}}, {"model": "accounts.user", "pk": 13, "fields": {"password": "pbkdf2_sha256$180000$Z7GSbMKqf2hu$ipFIKXJ6ZW5SG1j9Enwydkd2kLhw+nYNdfWLlZ8MimA=", "last_login": "2020-08-30T08:24:22.397Z", "is_superuser": false, "username": "0021244987", "email": "arminazimi4030@gmail.com", "is_staff": true, "is_active": true, "date_joined": "2020-08-30T07:13:29.544Z", "is_customer": false, "is_supplier": true, "first_name": "armin", "last_name": "azimi", "groups": [], "user_permissions": []}}, {"model": "accounts.user", "pk": 14, "fields": {"password": "pbkdf2_sha256$180000$Pavp6kMDaaBp$mNLlSjXlpqrhDECxg0xORq0p2RwM/3EagZ8MtHkjTS4=", "last_login": "2020-08-30T08:41:04.125Z", "is_superuser": true, "username": "z", "email": "", "is_staff": true, "is_active": true, "date_joined": "2020-08-30T08:36:52.594Z", "is_customer": false, "is_supplier": false, "first_name": "", "last_name": "", "groups": [], "user_permissions": []}}, {"model": "accounts.user", "pk": 15, "fields": {"password": "pbkdf2_sha256$180000$HexGmYRaJcfp$+UvqZz3GehcYZNR4C3rWIuOQOJyUQ/qfC/dWlsyFtV4=", "last_login": "2020-08-30T11:18:48.484Z", "is_superuser": false, "username": "qaz", "email": "arminazimi4030@gmail.com", "is_staff": true, "is_active": true, "date_joined": "2020-08-30T11:18:42.210Z", "is_customer": false, "is_supplier": true, "first_name": "\u0622\u0631\u0645\u06cc\u0646", "last_name": "\u0639\u0638\u06cc\u0645\u06cc", "groups": [], "user_permissions": []}}, {"model": "accounts.user", "pk": 16, "fields": {"password": "pbkdf2_sha256$180000$TpuPenQ6xzLu$NtHeNaTfTPbvIk6QCFSv8yqr3Lum4fohgde8Sj37N5I=", "last_login": null, "is_superuser": false, "username": "saatsaz", "email": "", "is_staff": false, "is_active": true, "date_joined": "2020-08-30T12:34:27.196Z", "is_customer": false, "is_supplier": false, "first_name": "", "last_name": "", "groups": [], "user_permissions": []}}, {"model": "accounts.customer", "pk": 3, "fields": {"phone_number": "jjj", "gender": "", "city": ""}}, {"model": "accounts.customer", "pk": 4, "fields": {"phone_number": "4321", "gender": "M", "city": "tehran"}}, {"model": "accounts.customer", "pk": 6, "fields": {"phone_number": "4321", "gender": "", "city": ""}}, {"model": "accounts.customer", "pk": 8, "fields": {"phone_number": "09372049946", "gender": "M", "city": "tehran"}}, {"model": "accounts.supplier", "pk": 2, "fields": {"phone_number": "09128582848", "company_name": "mehr gostaran gharb", "address": "", "city": ""}}, {"model": "accounts.supplier", "pk": 5, "fields": {"phone_number": "4321", "company_name": "\u06af\u0648\u0644\u0627\u062e \u0628\u0627\u0632\u0627\u0631", "address": "\u0645\u0631\u06a9\u0632 \u062e\u0631\u06cc\u062f \u067e\u0627\u06cc\u062a\u062e\u062a", "city": "tehran"}}, {"model": "accounts.supplier", "pk": 9, "fields": {"phone_number": "1234", "company_name": "\u06a9\u0641 \u0628\u0627\u0632\u0627\u0631", "address": "", "city": ""}}, {"model": "accounts.supplier", "pk": 11, "fields": {"phone_number": "09128582848", "company_name": "adidas", "address": "", "city": ""}}, {"model": "accounts.supplier", "pk": 13, "fields": {"phone_number": "09128582848", "company_name": "apple", "address": "", "city": ""}}, {"model": "accounts.supplier", "pk": 15, "fields": {"phone_number": "09128582848", "company_name": "versache", "address": "", "city": ""}}, {"model": "accounts.supplier", "pk": 16, "fields": {"phone_number": "09372049946", "company_name": "\u0628\u0631\u0627\u062f\u0631\u0627\u0646 \u0633\u0627\u0639\u062a \u0633\u0627\u0632 \u0628\u0647 \u062c\u0632 \u0627\u0635\u063a\u0631", "address": "\u062a\u0647\u0631\u0627\u0646 \u067e\u0644\u0627\u06a9 1", "city": "tehran"}}, {"model": "admin.logentry", "pk": 1, "fields": {"action_time": "2020-08-28T19:24:37.984Z", "user": 1, "content_type": 19, "object_id": "4", "object_repr": "kharidar", "action_flag": 1, "change_message": "[{\"added\": {}}]"}}, {"model": "admin.logentry", "pk": 2, "fields": {"action_time": "2020-08-28T19:26:02.251Z", "user": 1, "content_type": 20, "object_id": "4", "object_repr": "Customer object (4)", "action_flag": 1, "change_message": "[{\"added\": {}}]"}}, {"model": "admin.logentry", "pk": 3, "fields": {"action_time": "2020-08-28T19:27:41.029Z", "user": 1, "content_type": 19, "object_id": "5", "object_repr": "foroushandeh", "action_flag": 1, "change_message": "[{\"added\": {}}]"}}, {"model": "admin.logentry", "pk": 4, "fields": {"action_time": "2020-08-28T19:28:24.826Z", "user": 1, "content_type": 19, "object_id": "4", "object_repr": "kharidar", "action_flag": 2, "change_message": "[{\"changed\": {\"fields\": [\"Is customer\"]}}]"}}, {"model": "admin.logentry", "pk": 5, "fields": {"action_time": "2020-08-28T19:30:32.037Z", "user": 1, "content_type": 21, "object_id": "5", "object_repr": "\u06af\u0648\u0644\u0627\u062e \u0628\u0627\u0632\u0627\u0631", "action_flag": 1, "change_message": "[{\"added\": {}}]"}}, {"model": "admin.logentry", "pk": 6, "fields": {"action_time": "2020-08-28T19:32:42.066Z", "user": 1, "content_type": 6, "object_id": "1", "object_repr": "\u0644\u0648\u0627\u0632\u0645 \u0645\u0646\u0632\u0644", "action_flag": 1, "change_message": "[{\"added\": {}}]"}}, {"model": "admin.logentry", "pk": 7, "fields": {"action_time": "2020-08-28T19:33:06.683Z", "user": 1, "content_type": 6, "object_id": "2", "object_repr": "\u0644\u0648\u0627\u0632\u0645 \u0628\u0631\u0642\u06cc", "action_flag": 1, "change_message": "[{\"added\": {}}]"}}, {"model": "admin.logentry", "pk": 8, "fields": {"action_time": "2020-08-28T19:33:42.600Z", "user": 1, "content_type": 6, "object_id": "3", "object_repr": "\u06cc\u062e\u0686\u0627\u0644", "action_flag": 1, "change_message": "[{\"added\": {}}]"}}, {"model": "admin.logentry", "pk": 9, "fields": {"action_time": "2020-08-28T19:34:21.846Z", "user": 1, "content_type": 6, "object_id": "4", "object_repr": "\u06af\u06cc\u0627\u0647 \u0648 \u0628\u0627\u063a\u0628\u0627\u0646\u06cc", "action_flag": 1, "change_message": "[{\"added\": {}}]"}}, {"model": "admin.logentry", "pk": 10, "fields": {"action_time": "2020-08-28T19:34:42.348Z", "user": 1, "content_type": 6, "object_id": "5", "object_repr": "\u06af\u0644", "action_flag": 1, "change_message": "[{\"added\": {}}]"}}, {"model": "admin.logentry", "pk": 11, "fields": {"action_time": "2020-08-28T19:38:15.921Z", "user": 1, "content_type": 6, "object_id": "6", "object_repr": "\u06af\u0644 \u0645\u0635\u0646\u0648\u0639\u06cc", "action_flag": 1, "change_message": "[{\"added\": {}}]"}}, {"model": "admin.logentry", "pk": 12, "fields": {"action_time": "2020-08-28T19:38:38.011Z", "user": 1, "content_type": 6, "object_id": "7", "object_repr": "\u06af\u0644 \u0637\u0628\u06cc\u0639\u06cc", "action_flag": 1, "change_message": "[{\"added\": {}}]"}}, {"model": "admin.logentry", "pk": 13, "fields": {"action_time": "2020-08-28T19:42:43.641Z", "user": 1, "content_type": 7, "object_id": "1", "object_repr": "\u06af\u0644 \u0622\u0648\u0631\u0627\u0646", "action_flag": 1, "change_message": "[{\"added\": {}}]"}}, {"model": "admin.logentry", "pk": 14, "fields": {"action_time": "2020-08-28T19:43:05.263Z", "user": 1, "content_type": 7, "object_id": "2", "object_repr": "\u0627\u0645\u0631\u0633\u0627\u0646", "action_flag": 1, "change_message": "[{\"added\": {}}]"}}, {"model": "admin.logentry", "pk": 15, "fields": {"action_time": "2020-08-28T19:43:26.976Z", "user": 1, "content_type": 7, "object_id": "3", "object_repr": "\u0633\u0627\u0645\u0633\u0648\u0646\u06af", "action_flag": 1, "change_message": "[{\"added\": {}}]"}}, {"model": "admin.logentry", "pk": 16, "fields": {"action_time": "2020-08-28T19:47:43.660Z", "user": 1, "content_type": 9, "object_id": "1", "object_repr": "\u06cc\u062e\u0686\u0627\u0644 \u0627\u0645\u0631\u0633\u0627\u0646 \u0645\u062f\u0644 RH15D", "action_flag": 1, "change_message": "[{\"added\": {}}]"}}, {"model": "admin.logentry", "pk": 17, "fields": {"action_time": "2020-08-28T19:49:11.384Z", "user": 1, "content_type": 9, "object_id": "2", "object_repr": "\u0641\u0631\u06cc\u0632\u0631 \u0627\u0645\u0631\u0633\u0627\u0646 \u0645\u062f\u0644 FN15D/TP", "action_flag": 1, "change_message": "[{\"added\": {}}]"}}, {"model": "admin.logentry", "pk": 18, "fields": {"action_time": "2020-08-28T19:49:55.723Z", "user": 1, "content_type": 9, "object_id": "3", "object_repr": "\u06cc\u062e\u0686\u0627\u0644 \u0648 \u0641\u0631\u06cc\u0632\u0631 \u0633\u0627\u0645\u0633\u0648\u0646\u06af \u0645\u062f\u0644 FSR12", "action_flag": 1, "change_message": "[{\"added\": {}}]"}}, {"model": "admin.logentry", "pk": 19, "fields": {"action_time": "2020-08-28T19:50:58.037Z", "user": 1, "content_type": 9, "object_id": "4", "object_repr": "\u06af\u0644 \u062e\u0631\u0632\u0647\u0631\u0647", "action_flag": 1, "change_message": "[{\"added\": {}}]"}}, {"model": "admin.logentry", "pk": 20, "fields": {"action_time": "2020-08-28T19:51:48.003Z", "user": 1, "content_type": 8, "object_id": "1", "object_repr": "\u062e\u0627\u0631\u062f\u0627\u0631", "action_flag": 1, "change_message": "[{\"added\": {}}]"}}, {"model": "admin.logentry", "pk": 21, "fields": {"action_time": "2020-08-28T19:52:10.628Z", "user": 1, "content_type": 8, "object_id": "2", "object_repr": "\u062a\u0639\u062f\u0627\u062f \u0637\u0628\u0642\u0627\u062a \u06cc\u062e\u0686\u0627\u0644", "action_flag": 1, "change_message": "[{\"added\": {}}]"}}, {"model": "admin.logentry", "pk": 22, "fields": {"action_time": "2020-08-28T19:52:35.352Z", "user": 1, "content_type": 8, "object_id": "3", "object_repr": "\u0633\u0627\u06cc\u062f \u0628\u0627\u06cc \u0633\u0627\u06cc\u062f", "action_flag": 1, "change_message": "[{\"added\": {}}]"}}, {"model": "admin.logentry", "pk": 23, "fields": {"action_time": "2020-08-28T19:54:18.285Z", "user": 1, "content_type": 10, "object_id": "1", "object_repr": "\u06cc\u062e\u0686\u0627\u0644 \u0627\u0645\u0631\u0633\u0627\u0646 \u0645\u062f\u0644 RH15D - \u062a\u0639\u062f\u0627\u062f \u0637\u0628\u0642\u0627\u062a \u06cc\u062e\u0686\u0627\u0644", "action_flag": 1, "change_message": "[{\"added\": {}}]"}}, {"model": "admin.logentry", "pk": 24, "fields": {"action_time": "2020-08-28T19:54:59.002Z", "user": 1, "content_type": 10, "object_id": "2", "object_repr": "\u0641\u0631\u06cc\u0632\u0631 \u0627\u0645\u0631\u0633\u0627\u0646 \u0645\u062f\u0644 FN15D/TP - \u062a\u0639\u062f\u0627\u062f \u0637\u0628\u0642\u0627\u062a \u06cc\u062e\u0686\u0627\u0644", "action_flag": 1, "change_message": "[{\"added\": {}}]"}}, {"model": "admin.logentry", "pk": 25, "fields": {"action_time": "2020-08-28T19:55:33.652Z", "user": 1, "content_type": 10, "object_id": "3", "object_repr": "\u06cc\u062e\u0686\u0627\u0644 \u0648 \u0641\u0631\u06cc\u0632\u0631 \u0633\u0627\u0645\u0633\u0648\u0646\u06af \u0645\u062f\u0644 FSR12 - \u062a\u0639\u062f\u0627\u062f \u0637\u0628\u0642\u0627\u062a \u06cc\u062e\u0686\u0627\u0644", "action_flag": 1, "change_message": "[{\"added\": {}}]"}}, {"model": "admin.logentry", "pk": 26, "fields": {"action_time": "2020-08-28T19:56:14.167Z", "user": 1, "content_type": 10, "object_id": "4", "object_repr": "\u06cc\u062e\u0686\u0627\u0644 \u0627\u0645\u0631\u0633\u0627\u0646 \u0645\u062f\u0644 RH15D - \u0633\u0627\u06cc\u062f \u0628\u0627\u06cc \u0633\u0627\u06cc\u062f", "action_flag": 1, "change_message": "[{\"added\": {}}]"}}, {"model": "admin.logentry", "pk": 27, "fields": {"action_time": "2020-08-28T19:57:01.607Z", "user": 1, "content_type": 10, "object_id": "5", "object_repr": "\u0641\u0631\u06cc\u0632\u0631 \u0627\u0645\u0631\u0633\u0627\u0646 \u0645\u062f\u0644 FN15D/TP - \u0633\u0627\u06cc\u062f \u0628\u0627\u06cc \u0633\u0627\u06cc\u062f", "action_flag": 1, "change_message": "[{\"added\": {}}]"}}, {"model": "admin.logentry", "pk": 28, "fields": {"action_time": "2020-08-28T19:57:33.657Z", "user": 1, "content_type": 10, "object_id": "6", "object_repr": "\u06cc\u062e\u0686\u0627\u0644 \u0648 \u0641\u0631\u06cc\u0632\u0631 \u0633\u0627\u0645\u0633\u0648\u0646\u06af \u0645\u062f\u0644 FSR12 - \u0633\u0627\u06cc\u062f \u0628\u0627\u06cc \u0633\u0627\u06cc\u062f", "action_flag": 1, "change_message": "[{\"added\": {}}]"}}, {"model": "admin.logentry", "pk": 29, "fields": {"action_time": "2020-08-28T19:58:02.972Z", "user": 1, "content_type": 10, "object_id": "7", "object_repr": "\u06af\u0644 \u062e\u0631\u0632\u0647\u0631\u0647 - \u062e\u0627\u0631\u062f\u0627\u0631", "action_flag": 1, "change_message": "[{\"added\": {}}]"}}, {"model": "admin.logentry", "pk": 30, "fields": {"action_time": "2020-08-28T19:59:13.053Z", "user": 1, "content_type": 13, "object_id": "1", "object_repr": "ProductSupplier object (1)", "action_flag": 1, "change_message": "[{\"added\": {}}]"}}, {"model": "admin.logentry", "pk": 31, "fields": {"action_time": "2020-08-28T19:59:45.317Z", "user": 1, "content_type": 13, "object_id": "2", "object_repr": "ProductSupplier object (2)", "action_flag": 1, "change_message": "[{\"added\": {}}]"}}, {"model": "admin.logentry", "pk": 32, "fields": {"action_time": "2020-08-28T20:00:20.570Z", "user": 1, "content_type": 13, "object_id": "3", "object_repr": "ProductSupplier object (3)", "action_flag": 1, "change_message": "[{\"added\": {}}]"}}, {"model": "admin.logentry", "pk": 33, "fields": {"action_time": "2020-08-28T20:54:23.128Z", "user": 1, "content_type": 14, "object_id": "1", "object_repr": "PeymentMethod object (1)", "action_flag": 1, "change_message": "[{\"added\": {}}]"}}, {"model": "admin.logentry", "pk": 34, "fields": {"action_time": "2020-08-28T20:55:02.372Z", "user": 1, "content_type": 14, "object_id": "2", "object_repr": "PeymentMethod object (2)", "action_flag": 1, "change_message": "[{\"added\": {}}]"}}, {"model": "admin.logentry", "pk": 35, "fields": {"action_time": "2020-08-29T08:16:52.985Z", "user": 8, "content_type": 7, "object_id": "4", "object_repr": "\u06af\u0644 \u06a9\u0627\u0644\u0627", "action_flag": 1, "change_message": "[{\"added\": {}}]"}}, {"model": "admin.logentry", "pk": 36, "fields": {"action_time": "2020-08-29T08:17:11.601Z", "user": 8, "content_type": 9, "object_id": "5", "object_repr": "\u06af\u0644 \u0644\u0627\u0644\u0647", "action_flag": 1, "change_message": "[{\"added\": {}}]"}}, {"model": "admin.logentry", "pk": 37, "fields": {"action_time": "2020-08-29T08:21:31.707Z", "user": 8, "content_type": 6, "object_id": "8", "object_repr": "\u06a9\u06cc\u0641", "action_flag": 1, "change_message": "[{\"added\": {}}]"}}, {"model": "admin.logentry", "pk": 38, "fields": {"action_time": "2020-08-29T08:21:52.282Z", "user": 8, "content_type": 6, "object_id": "9", "object_repr": "\u06a9\u06cc\u0641 \u0645\u0631\u062f\u0627\u0646\u0647", "action_flag": 1, "change_message": "[{\"added\": {}}]"}}, {"model": "admin.logentry", "pk": 39, "fields": {"action_time": "2020-08-29T08:22:24.418Z", "user": 8, "content_type": 7, "object_id": "5", "object_repr": "\u062f\u06cc\u0627\u06a9\u0648", "action_flag": 1, "change_message": "[{\"added\": {}}]"}}, {"model": "admin.logentry", "pk": 40, "fields": {"action_time": "2020-08-29T08:22:37.618Z", "user": 8, "content_type": 9, "object_id": "6", "object_repr": "\u06a9\u06cc\u0641 \u0631\u0648\u062f\u0648\u0634\u06cc - \u0686\u0631\u0645 \u062f\u06cc\u0627\u06a9\u0648", "action_flag": 1, "change_message": "[{\"added\": {}}]"}}, {"model": "admin.logentry", "pk": 41, "fields": {"action_time": "2020-08-29T08:24:37.645Z", "user": 8, "content_type": 7, "object_id": "6", "object_repr": "\u0648\u0641\u0633", "action_flag": 1, "change_message": "[{\"added\": {}}]"}}, {"model": "admin.logentry", "pk": 42, "fields": {"action_time": "2020-08-29T08:24:43.107Z", "user": 8, "content_type": 9, "object_id": "7", "object_repr": "\u06a9\u06cc\u0641 \u0627\u062f\u0627\u0631\u06cc \u0648\u0641\u0633 \u0645\u062f\u0644 Vs-774", "action_flag": 1, "change_message": "[{\"added\": {}}]"}}, {"model": "admin.logentry", "pk": 43, "fields": {"action_time": "2020-08-29T08:26:25.122Z", "user": 8, "content_type": 6, "object_id": "8", "object_repr": "\u0627\u06a9\u0633\u0633\u0648\u0631\u06cc", "action_flag": 2, "change_message": "[{\"changed\": {\"fields\": [\"Cat name\"]}}]"}}, {"model": "admin.logentry", "pk": 44, "fields": {"action_time": "2020-08-29T08:26:52.621Z", "user": 8, "content_type": 6, "object_id": "9", "object_repr": "\u06a9\u06cc\u0641", "action_flag": 2, "change_message": "[{\"changed\": {\"fields\": [\"Cat name\"]}}]"}}, {"model": "admin.logentry", "pk": 45, "fields": {"action_time": "2020-08-29T08:27:16.949Z", "user": 8, "content_type": 6, "object_id": "10", "object_repr": "\u06a9\u06cc\u0641 \u0645\u0631\u062f\u0627\u0646\u0647", "action_flag": 1, "change_message": "[{\"added\": {}}]"}}, {"model": "admin.logentry", "pk": 46, "fields": {"action_time": "2020-08-29T08:27:40.390Z", "user": 8, "content_type": 6, "object_id": "11", "object_repr": "\u06a9\u06cc\u0641 \u0632\u0646\u0627\u0646\u0647", "action_flag": 1, "change_message": "[{\"added\": {}}]"}}, {"model": "admin.logentry", "pk": 47, "fields": {"action_time": "2020-08-29T08:28:26.063Z", "user": 8, "content_type": 6, "object_id": "12", "object_repr": "\u0633\u0627\u0639\u062a", "action_flag": 1, "change_message": "[{\"added\": {}}]"}}, {"model": "admin.logentry", "pk": 48, "fields": {"action_time": "2020-08-29T08:29:45.740Z", "user": 8, "content_type": 6, "object_id": "13", "object_repr": "\u0633\u0627\u0639\u062a \u0632\u0646\u0627\u0646\u0647", "action_flag": 1, "change_message": "[{\"added\": {}}]"}}, {"model": "admin.logentry", "pk": 49, "fields": {"action_time": "2020-08-29T08:30:09.135Z", "user": 8, "content_type": 6, "object_id": "14", "object_repr": "\u0633\u0627\u0639\u062a \u0645\u0631\u062f\u0627\u0646\u0647", "action_flag": 1, "change_message": "[{\"added\": {}}]"}}, {"model": "admin.logentry", "pk": 50, "fields": {"action_time": "2020-08-29T08:31:04.113Z", "user": 8, "content_type": 6, "object_id": "15", "object_repr": "\u0644\u0648\u0627\u0632\u0645 \u0628\u0627\u063a\u0628\u0627\u0646\u06cc", "action_flag": 1, "change_message": "[{\"added\": {}}]"}}, {"model": "admin.logentry", "pk": 51, "fields": {"action_time": "2020-08-29T08:32:11.558Z", "user": 8, "content_type": 6, "object_id": "16", "object_repr": "\u0642\u06cc\u0686\u06cc\u060c \u0686\u0627\u0642\u0648 \u0648 \u0627\u0628\u0632\u0627\u0631 \u0628\u0627\u063a\u0628\u0627\u0646\u06cc", "action_flag": 1, "change_message": "[{\"added\": {}}]"}}, {"model": "admin.logentry", "pk": 52, "fields": {"action_time": "2020-08-29T08:32:50.590Z", "user": 8, "content_type": 6, "object_id": "16", "object_repr": "\u0642\u06cc\u0686\u06cc\u060c \u0686\u0627\u0642\u0648 \u0648 \u0627\u0628\u0632\u0627\u0631 \u0628\u0627\u063a\u0628\u0627\u0646\u06cc", "action_flag": 2, "change_message": "[{\"changed\": {\"fields\": [\"Parent category\"]}}]"}}, {"model": "admin.logentry", "pk": 53, "fields": {"action_time": "2020-08-29T08:33:23.451Z", "user": 8, "content_type": 6, "object_id": "16", "object_repr": "\u0642\u06cc\u0686\u06cc\u060c \u0686\u0627\u0642\u0648 \u0648 \u0627\u0628\u0632\u0627\u0631 \u0628\u0627\u063a\u0628\u0627\u0646\u06cc", "action_flag": 2, "change_message": "[{\"changed\": {\"fields\": [\"Parent category\"]}}]"}}, {"model": "admin.logentry", "pk": 54, "fields": {"action_time": "2020-08-29T08:42:29.469Z", "user": 8, "content_type": 6, "object_id": "16", "object_repr": "\u0627\u0628\u0632\u0627\u0631 \u0628\u0627\u063a\u0628\u0627\u0646\u06cc", "action_flag": 2, "change_message": "[{\"changed\": {\"fields\": [\"Cat name\"]}}]"}}, {"model": "admin.logentry", "pk": 55, "fields": {"action_time": "2020-08-29T08:44:58.709Z", "user": 8, "content_type": 6, "object_id": "17", "object_repr": "\u0635\u0648\u062a\u06cc \u0648 \u062a\u0635\u0648\u06cc\u0631\u06cc", "action_flag": 1, "change_message": "[{\"added\": {}}]"}}, {"model": "admin.logentry", "pk": 56, "fields": {"action_time": "2020-08-29T08:48:18.264Z", "user": 8, "content_type": 6, "object_id": "18", "object_repr": "\u062f\u06a9\u0648\u0631\u0627\u062a\u06cc\u0648", "action_flag": 1, "change_message": "[{\"added\": {}}]"}}, {"model": "admin.logentry", "pk": 57, "fields": {"action_time": "2020-08-29T08:49:12.173Z", "user": 8, "content_type": 6, "object_id": "19", "object_repr": "\u0633\u0627\u0639\u062a \u0648 \u063a\u06cc\u0631\u0647", "action_flag": 1, "change_message": "[{\"added\": {}}]"}}, {"model": "admin.logentry", "pk": 58, "fields": {"action_time": "2020-08-29T08:51:35.283Z", "user": 8, "content_type": 6, "object_id": "20", "object_repr": "\u06a9\u062a\u0627\u0628 \u0648 \u0644\u0648\u0627\u0632\u0645 \u062a\u062d\u0631\u06cc\u0631", "action_flag": 1, "change_message": "[{\"added\": {}}]"}}, {"model": "admin.logentry", "pk": 59, "fields": {"action_time": "2020-08-29T08:51:57.188Z", "user": 8, "content_type": 6, "object_id": "21", "object_repr": "\u0648\u0631\u0632\u0634 \u0648 \u0633\u0641\u0631", "action_flag": 1, "change_message": "[{\"added\": {}}]"}}, {"model": "admin.logentry", "pk": 60, "fields": {"action_time": "2020-08-29T08:52:21.126Z", "user": 8, "content_type": 6, "object_id": "22", "object_repr": "\u062e\u0648\u0631\u062f\u0646\u06cc \u0648 \u0622\u0634\u0627\u0645\u06cc\u062f\u0646\u06cc", "action_flag": 1, "change_message": "[{\"added\": {}}]"}}, {"model": "admin.logentry", "pk": 61, "fields": {"action_time": "2020-08-29T08:53:30.139Z", "user": 8, "content_type": 6, "object_id": "23", "object_repr": "\u0622\u0634\u067e\u0632\u062e\u0627\u0646\u0647", "action_flag": 1, "change_message": "[{\"added\": {}}]"}}, {"model": "admin.logentry", "pk": 62, "fields": {"action_time": "2020-08-29T08:56:54.420Z", "user": 8, "content_type": 6, "object_id": "24", "object_repr": "\u06a9\u062a\u0627\u0628 \u0648 \u0645\u062c\u0644\u0647", "action_flag": 1, "change_message": "[{\"added\": {}}]"}}, {"model": "admin.logentry", "pk": 63, "fields": {"action_time": "2020-08-29T08:57:29.959Z", "user": 8, "content_type": 6, "object_id": "25", "object_repr": "\u0644\u0648\u0627\u0632\u0645 \u062a\u062d\u0631\u06cc\u0631", "action_flag": 1, "change_message": "[{\"added\": {}}]"}}, {"model": "admin.logentry", "pk": 64, "fields": {"action_time": "2020-08-29T08:58:19.419Z", "user": 8, "content_type": 6, "object_id": "26", "object_repr": "\u0644\u0648\u0627\u0632\u0645 \u0627\u062f\u0627\u0631\u06cc \u0648 \u0627\u0642\u0644\u0627\u0645 \u0645\u0635\u0631\u0641\u06cc", "action_flag": 1, "change_message": "[{\"added\": {}}]"}}, {"model": "admin.logentry", "pk": 65, "fields": {"action_time": "2020-08-29T08:59:19.526Z", "user": 8, "content_type": 6, "object_id": "27", "object_repr": "\u0627\u0644\u06a9\u062a\u0631\u0648\u0646\u06cc\u06a9\u06cc", "action_flag": 1, "change_message": "[{\"added\": {}}]"}}, {"model": "admin.logentry", "pk": 66, "fields": {"action_time": "2020-08-29T08:59:54.993Z", "user": 8, "content_type": 6, "object_id": "28", "object_repr": "\u06a9\u062a\u0627\u0628 \u0686\u0627\u067e\u06cc", "action_flag": 1, "change_message": "[{\"added\": {}}]"}}, {"model": "admin.logentry", "pk": 67, "fields": {"action_time": "2020-08-29T09:00:30.621Z", "user": 8, "content_type": 6, "object_id": "28", "object_repr": "\u0686\u0627\u067e\u06cc", "action_flag": 2, "change_message": "[{\"changed\": {\"fields\": [\"Cat name\"]}}]"}}, {"model": "admin.logentry", "pk": 68, "fields": {"action_time": "2020-08-29T09:02:04.140Z", "user": 8, "content_type": 6, "object_id": "29", "object_repr": "\u0633\u0631\u0648\u06cc\u0633 \u0648 \u067e\u062e\u062a \u0648 \u067e\u0632", "action_flag": 1, "change_message": "[{\"added\": {}}]"}}, {"model": "admin.logentry", "pk": 69, "fields": {"action_time": "2020-08-29T09:03:15.009Z", "user": 8, "content_type": 6, "object_id": "30", "object_repr": "\u0645\u0648\u0627\u062f \u0634\u0648\u06cc\u0646\u062f\u0647", "action_flag": 1, "change_message": "[{\"added\": {}}]"}}, {"model": "admin.logentry", "pk": 70, "fields": {"action_time": "2020-08-29T09:06:07.732Z", "user": 8, "content_type": 6, "object_id": "31", "object_repr": "\u06a9\u0648\u0647\u0646\u0648\u0631\u062f\u06cc \u0648 \u06a9\u0645\u067e\u06cc\u0646\u06af", "action_flag": 1, "change_message": "[{\"added\": {}}]"}}, {"model": "admin.logentry", "pk": 71, "fields": {"action_time": "2020-08-29T09:07:50.355Z", "user": 8, "content_type": 6, "object_id": "32", "object_repr": "\u067e\u0648\u0634\u0627\u06a9 \u0648\u0631\u0632\u0634\u06cc", "action_flag": 1, "change_message": "[{\"added\": {}}]"}}, {"model": "admin.logentry", "pk": 72, "fields": {"action_time": "2020-08-29T09:08:19.755Z", "user": 8, "content_type": 6, "object_id": "33", "object_repr": "\u0644\u0648\u0627\u0632\u0645 \u0648\u0631\u0632\u0634\u06cc", "action_flag": 1, "change_message": "[{\"added\": {}}]"}}, {"model": "admin.logentry", "pk": 73, "fields": {"action_time": "2020-08-29T09:11:31.154Z", "user": 8, "content_type": 6, "object_id": "34", "object_repr": "\u067e\u0648\u0634\u0627\u06a9 \u0645\u0631\u062f\u0627\u0646\u0647", "action_flag": 1, "change_message": "[{\"added\": {}}]"}}, {"model": "admin.logentry", "pk": 74, "fields": {"action_time": "2020-08-29T09:11:56.586Z", "user": 8, "content_type": 6, "object_id": "35", "object_repr": "\u067e\u0648\u0634\u0627\u06a9 \u0632\u0646\u0627\u0646\u0647", "action_flag": 1, "change_message": "[{\"added\": {}}]"}}, {"model": "admin.logentry", "pk": 75, "fields": {"action_time": "2020-08-29T09:50:41.190Z", "user": 8, "content_type": 20, "object_id": "8", "object_repr": "Customer object (8)", "action_flag": 1, "change_message": "[{\"added\": {}}]"}}, {"model": "admin.logentry", "pk": 76, "fields": {"action_time": "2020-08-29T13:08:15.227Z", "user": 10, "content_type": 22, "object_id": "1", "object_repr": "\u0627\u062e\u0628\u0627\u0631", "action_flag": 1, "change_message": "[{\"added\": {}}]"}}, {"model": "admin.logentry", "pk": 77, "fields": {"action_time": "2020-08-29T13:09:17.077Z", "user": 10, "content_type": 22, "object_id": "2", "object_repr": "\u0622\u0645\u0648\u0632\u0634", "action_flag": 1, "change_message": "[{\"added\": {}}]"}}, {"model": "admin.logentry", "pk": 78, "fields": {"action_time": "2020-08-29T13:12:36.145Z", "user": 10, "content_type": 19, "object_id": "10", "object_repr": "arminazimi", "action_flag": 2, "change_message": "[{\"changed\": {\"fields\": [\"First name\", \"Last name\"]}}]"}}, {"model": "admin.logentry", "pk": 79, "fields": {"action_time": "2020-08-29T13:50:24.506Z", "user": 10, "content_type": 13, "object_id": "4", "object_repr": "ProductSupplier object (4)", "action_flag": 1, "change_message": "[{\"added\": {}}]"}}, {"model": "admin.logentry", "pk": 80, "fields": {"action_time": "2020-08-30T08:44:32.216Z", "user": 14, "content_type": 9, "object_id": "9", "object_repr": "\u0639\u0627\u0645\u0647 \u067e\u0633\u0646\u062f", "action_flag": 3, "change_message": ""}}, {"model": "admin.logentry", "pk": 81, "fields": {"action_time": "2020-08-30T08:44:32.522Z", "user": 14, "content_type": 9, "object_id": "8", "object_repr": "\u0639\u0627\u0645\u0647 \u067e\u0633\u0646\u062f", "action_flag": 3, "change_message": ""}}, {"model": "admin.logentry", "pk": 82, "fields": {"action_time": "2020-08-30T12:26:03.229Z", "user": 8, "content_type": 7, "object_id": "7", "object_repr": "\u0627\u0644 \u062c\u06cc", "action_flag": 1, "change_message": "[{\"added\": {}}]"}}, {"model": "admin.logentry", "pk": 83, "fields": {"action_time": "2020-08-30T12:26:13.590Z", "user": 8, "content_type": 9, "object_id": "14", "object_repr": "\u062a\u0644\u0648\u06cc\u0632\u06cc\u0648\u0646 LED \u0627\u0644 \u062c\u06cc", "action_flag": 1, "change_message": "[{\"added\": {}}]"}}, {"model": "admin.logentry", "pk": 84, "fields": {"action_time": "2020-08-30T12:34:27.764Z", "user": 8, "content_type": 19, "object_id": "16", "object_repr": "saatsaz", "action_flag": 1, "change_message": "[{\"added\": {}}]"}}, {"model": "admin.logentry", "pk": 85, "fields": {"action_time": "2020-08-30T12:35:06.321Z", "user": 8, "content_type": 21, "object_id": "16", "object_repr": "\u0628\u0631\u0627\u062f\u0631\u0627\u0646 \u0633\u0627\u0639\u062a \u0633\u0627\u0632 \u0628\u0647 \u062c\u0632 \u0627\u0635\u063a\u0631", "action_flag": 1, "change_message": "[{\"added\": {}}]"}}, {"model": "admin.logentry", "pk": 86, "fields": {"action_time": "2020-08-30T12:37:53.780Z", "user": 8, "content_type": 9, "object_id": "15", "object_repr": "\u0633\u0627\u0639\u062a \u0645\u0686\u06cc \u0639\u0642\u0631\u0628\u0647 \u0627\u06cc \u0645\u0631\u062f\u0627\u0646\u0647 \u0644\u06cc\u0628\u0631\u062a\u06cc \u0645\u062f\u0644 31", "action_flag": 1, "change_message": "[{\"added\": {}}]"}}, {"model": "admin.logentry", "pk": 87, "fields": {"action_time": "2020-08-30T12:38:04.936Z", "user": 8, "content_type": 13, "object_id": "5", "object_repr": "ProductSupplier object (5)", "action_flag": 1, "change_message": "[{\"added\": {}}]"}}, {"model": "admin.logentry", "pk": 88, "fields": {"action_time": "2020-08-30T12:39:51.276Z", "user": 8, "content_type": 13, "object_id": "5", "object_repr": "ProductSupplier object (5)", "action_flag": 2, "change_message": "[{\"changed\": {\"fields\": [\"Unit price\"]}}]"}}, {"model": "admin.logentry", "pk": 89, "fields": {"action_time": "2020-08-30T12:46:03.510Z", "user": 8, "content_type": 9, "object_id": "16", "object_repr": "\u0628\u06cc\u0644 \u062e\u0641\u0646", "action_flag": 1, "change_message": "[{\"added\": {}}]"}}, {"model": "admin.logentry", "pk": 90, "fields": {"action_time": "2020-08-30T12:46:19.157Z", "user": 8, "content_type": 13, "object_id": "6", "object_repr": "ProductSupplier object (6)", "action_flag": 1, "change_message": "[{\"added\": {}}]"}}, {"model": "admin.logentry", "pk": 91, "fields": {"action_time": "2020-08-30T12:49:16.033Z", "user": 8, "content_type": 9, "object_id": "17", "object_repr": "\u06a9\u06cc\u0641 \u0686\u0631\u0645\u06cc \u0645\u062f\u0644 \u0627\u0641\u06cc\u0633", "action_flag": 1, "change_message": "[{\"added\": {}}]"}}, {"model": "admin.logentry", "pk": 92, "fields": {"action_time": "2020-08-30T12:49:33.301Z", "user": 8, "content_type": 13, "object_id": "7", "object_repr": "ProductSupplier object (7)", "action_flag": 1, "change_message": "[{\"added\": {}}]"}}, {"model": "admin.logentry", "pk": 93, "fields": {"action_time": "2020-08-30T12:50:31.605Z", "user": 8, "content_type": 13, "object_id": "8", "object_repr": "ProductSupplier object (8)", "action_flag": 1, "change_message": "[{\"added\": {}}]"}}, {"model": "admin.logentry", "pk": 94, "fields": {"action_time": "2020-08-30T12:53:28.955Z", "user": 8, "content_type": 9, "object_id": "18", "object_repr": "\u0633\u0627\u0639\u062a \u062f\u06cc\u0648\u0627\u0631\u06cc \u067e\u062f\u06cc\u062f\u0647 \u0634\u0627\u067e \u0645\u062f\u0644 Harmony \u0628\u06cc\u0634 \u0627\u0632 \u06f2\u06f0\u06f0 \u0646\u0641\u0631 \u0627\u0632 \u062e\u0631\u06cc\u062f\u0627\u0631\u0627\u0646 \u0627\u06cc\u0646", "action_flag": 1, "change_message": "[{\"added\": {}}]"}}, {"model": "admin.logentry", "pk": 95, "fields": {"action_time": "2020-08-30T12:53:43.591Z", "user": 8, "content_type": 13, "object_id": "9", "object_repr": "ProductSupplier object (9)", "action_flag": 1, "change_message": "[{\"added\": {}}]"}}, {"model": "admin.logentry", "pk": 96, "fields": {"action_time": "2020-08-30T12:54:36.969Z", "user": 8, "content_type": 9, "object_id": "18", "object_repr": "\u0633\u0627\u0639\u062a \u062f\u06cc\u0648\u0627\u0631\u06cc \u067e\u062f\u06cc\u062f\u0647 \u0634\u0627\u067e \u0645\u062f\u0644 Harmony", "action_flag": 2, "change_message": "[{\"changed\": {\"fields\": [\"Product name\"]}}]"}}, {"model": "admin.logentry", "pk": 97, "fields": {"action_time": "2020-08-30T12:54:44.509Z", "user": 8, "content_type": 13, "object_id": "9", "object_repr": "ProductSupplier object (9)", "action_flag": 2, "change_message": "[]"}}, {"model": "admin.logentry", "pk": 98, "fields": {"action_time": "2020-08-30T12:58:32.868Z", "user": 8, "content_type": 9, "object_id": "5", "object_repr": "\u06af\u0644 \u0644\u0627\u0644\u0647", "action_flag": 2, "change_message": "[{\"changed\": {\"fields\": [\"Product image\"]}}]"}}, {"model": "admin.logentry", "pk": 99, "fields": {"action_time": "2020-08-30T13:00:27.515Z", "user": 8, "content_type": 13, "object_id": "10", "object_repr": "ProductSupplier object (10)", "action_flag": 1, "change_message": "[{\"added\": {}}]"}}, {"model": "admin.logentry", "pk": 100, "fields": {"action_time": "2020-08-30T13:02:20.915Z", "user": 8, "content_type": 9, "object_id": "19", "object_repr": "\u0633\u0631\u0648\u06cc\u0633 \u0642\u0627\u0628\u0644\u0645\u0647 20 \u067e\u0627\u0631\u0686\u0647 \u062c\u06cc \u0641\u06cc \u0646\u06cc", "action_flag": 1, "change_message": "[{\"added\": {}}]"}}, {"model": "admin.logentry", "pk": 101, "fields": {"action_time": "2020-08-30T13:02:37.605Z", "user": 8, "content_type": 13, "object_id": "11", "object_repr": "ProductSupplier object (11)", "action_flag": 1, "change_message": "[{\"added\": {}}]"}}, {"model": "admin.logentry", "pk": 102, "fields": {"action_time": "2020-08-30T13:03:45.906Z", "user": 8, "content_type": 9, "object_id": "20", "object_repr": "\u067e\u0648\u062f\u0631 \u0645\u0627\u0634\u06cc\u0646 \u0638\u0631\u0641\u0634\u0648\u06cc\u06cc \u067e\u0631\u06cc\u0644 \u0645\u0642\u062f\u0627\u0631 1 \u06a9\u06cc\u0644\u0648\u06af\u0631\u0645", "action_flag": 1, "change_message": "[{\"added\": {}}]"}}, {"model": "admin.logentry", "pk": 103, "fields": {"action_time": "2020-08-30T13:04:46.847Z", "user": 8, "content_type": 13, "object_id": "12", "object_repr": "ProductSupplier object (12)", "action_flag": 1, "change_message": "[{\"added\": {}}]"}}, {"model": "admin.logentry", "pk": 104, "fields": {"action_time": "2020-08-30T13:09:34.564Z", "user": 8, "content_type": 9, "object_id": "21", "object_repr": "\u06a9\u06cc\u0641 \u0627\u062f\u0627\u0631\u06cc \u0645\u0631\u062f\u0627\u0646\u0647 \u062f\u0644\u0646\u06cc\u0627 \u0645\u062f\u0644 E11801", "action_flag": 1, "change_message": "[{\"added\": {}}]"}}, {"model": "admin.logentry", "pk": 105, "fields": {"action_time": "2020-08-30T13:09:41.559Z", "user": 8, "content_type": 13, "object_id": "13", "object_repr": "ProductSupplier object (13)", "action_flag": 1, "change_message": "[{\"added\": {}}]"}}, {"model": "admin.logentry", "pk": 106, "fields": {"action_time": "2020-08-30T13:12:55.984Z", "user": 8, "content_type": 9, "object_id": "22", "object_repr": "\u0633\u0627\u0639\u062a \u0645\u0686\u06cc \u0639\u0642\u0631\u0628\u0647 \u0627\u06cc \u0632\u0646\u0627\u0646\u0647 \u0648\u0627\u0644\u0627\u0631 \u06a9\u062f LF1780", "action_flag": 1, "change_message": "[{\"added\": {}}]"}}, {"model": "admin.logentry", "pk": 107, "fields": {"action_time": "2020-08-30T13:13:21.966Z", "user": 8, "content_type": 13, "object_id": "14", "object_repr": "ProductSupplier object (14)", "action_flag": 1, "change_message": "[{\"added\": {}}]"}}, {"model": "admin.logentry", "pk": 108, "fields": {"action_time": "2020-08-30T13:14:03.659Z", "user": 8, "content_type": 9, "object_id": "23", "object_repr": "\u0646\u06cc\u0645 \u062a\u0646\u0647 \u0648\u0631\u0632\u0634\u06cc \u0632\u0646\u0627\u0646\u0647 \u06a9\u062f 3232-1", "action_flag": 1, "change_message": "[{\"added\": {}}]"}}, {"model": "admin.logentry", "pk": 109, "fields": {"action_time": "2020-08-30T13:14:30.305Z", "user": 8, "content_type": 13, "object_id": "15", "object_repr": "ProductSupplier object (15)", "action_flag": 1, "change_message": "[{\"added\": {}}]"}}, {"model": "admin.logentry", "pk": 110, "fields": {"action_time": "2020-08-30T13:15:15.524Z", "user": 8, "content_type": 9, "object_id": "24", "object_repr": "\u06a9\u062a\u0627\u0628 \u0635\u0648\u062a\u06cc \u0627\u062b\u0631 \u0645\u0631\u06a9\u0628 \u0627\u062b\u0631 \u062f\u0627\u0631\u0646 \u0647\u0627\u0631\u062f\u06cc", "action_flag": 1, "change_message": "[{\"added\": {}}]"}}, {"model": "admin.logentry", "pk": 111, "fields": {"action_time": "2020-08-30T13:15:35.378Z", "user": 8, "content_type": 13, "object_id": "16", "object_repr": "ProductSupplier object (16)", "action_flag": 1, "change_message": "[{\"added\": {}}]"}}, {"model": "admin.logentry", "pk": 112, "fields": {"action_time": "2020-08-30T13:16:27.414Z", "user": 8, "content_type": 9, "object_id": "25", "object_repr": "\u06a9\u062a\u0627\u0628 1984 \u0627\u062b\u0631 \u062c\u0648\u0631\u062c \u0627\u0648\u0631\u0648\u0644 \u0646\u0634\u0631 \u0634\u0627\u0647\u062f\u062e\u062a \u067e\u0627\u06cc\u06cc\u0632", "action_flag": 1, "change_message": "[{\"added\": {}}]"}}, {"model": "admin.logentry", "pk": 113, "fields": {"action_time": "2020-08-30T13:17:07.529Z", "user": 8, "content_type": 13, "object_id": "17", "object_repr": "ProductSupplier object (17)", "action_flag": 1, "change_message": "[{\"added\": {}}]"}}, {"model": "admin.logentry", "pk": 114, "fields": {"action_time": "2020-08-30T13:18:38.736Z", "user": 8, "content_type": 9, "object_id": "26", "object_repr": "\u0633\u062a \u062a\u06cc\u0634\u0631\u062a \u0648 \u0634\u0644\u0648\u0627\u0631 \u0648\u0631\u0632\u0634\u06cc \u0645\u0631\u062f\u0627\u0646\u0647 \u0645\u062f\u0644 2038 \u0631\u0646\u06af \u0642\u0631\u0645\u0632", "action_flag": 1, "change_message": "[{\"added\": {}}]"}}, {"model": "admin.logentry", "pk": 115, "fields": {"action_time": "2020-08-30T13:18:51.817Z", "user": 8, "content_type": 13, "object_id": "18", "object_repr": "ProductSupplier object (18)", "action_flag": 1, "change_message": "[{\"added\": {}}]"}}, {"model": "admin.logentry", "pk": 116, "fields": {"action_time": "2020-08-30T13:20:59.598Z", "user": 8, "content_type": 6, "object_id": "36", "object_repr": "\u06a9\u0627\u0644\u0627\u0647\u0627\u06cc \u0627\u0633\u0627\u0633\u06cc \u0648 \u062e\u0627\u0631 \u0648\u0628\u0627\u0631", "action_flag": 1, "change_message": "[{\"added\": {}}]"}}, {"model": "admin.logentry", "pk": 117, "fields": {"action_time": "2020-08-30T13:22:02.157Z", "user": 8, "content_type": 6, "object_id": "37", "object_repr": "\u0628\u0631\u0646\u062c", "action_flag": 1, "change_message": "[{\"added\": {}}]"}}, {"model": "admin.logentry", "pk": 118, "fields": {"action_time": "2020-08-30T13:22:47.022Z", "user": 8, "content_type": 6, "object_id": "38", "object_repr": "\u06a9\u0641\u0634 \u06a9\u0648\u0647", "action_flag": 1, "change_message": "[{\"added\": {}}]"}}, {"model": "admin.logentry", "pk": 119, "fields": {"action_time": "2020-08-30T13:23:15.916Z", "user": 8, "content_type": 6, "object_id": "39", "object_repr": "\u0648\u0631\u0632\u0634 \u0647\u0627\u06cc \u062a\u0648\u067e\u06cc", "action_flag": 1, "change_message": "[{\"added\": {}}]"}}, {"model": "admin.logentry", "pk": 120, "fields": {"action_time": "2020-08-30T13:23:41.203Z", "user": 8, "content_type": 6, "object_id": "40", "object_repr": "\u06a9\u0641\u0634 \u06a9\u0648\u0647", "action_flag": 1, "change_message": "[{\"added\": {}}]"}}, {"model": "admin.logentry", "pk": 121, "fields": {"action_time": "2020-08-30T13:25:12.799Z", "user": 8, "content_type": 9, "object_id": "27", "object_repr": "\u0686\u0633\u0628 \u0645\u0627\u062a\u06cc\u06a9\u06cc \u0622\u0631\u06cc\u0627 \u06a9\u062f 8004 \u0628\u0633\u062a\u0647 3 \u0639\u062f\u062f\u06cc", "action_flag": 1, "change_message": "[{\"added\": {}}]"}}, {"model": "admin.logentry", "pk": 122, "fields": {"action_time": "2020-08-30T13:25:53.257Z", "user": 8, "content_type": 13, "object_id": "19", "object_repr": "ProductSupplier object (19)", "action_flag": 1, "change_message": "[{\"added\": {}}]"}}, {"model": "admin.logentry", "pk": 123, "fields": {"action_time": "2020-08-30T13:26:11.954Z", "user": 8, "content_type": 9, "object_id": "28", "object_repr": "\u0628\u0631\u0646\u062c \u0639\u0646\u0628\u0631\u0628\u0648 \u0622\u0642\u0627\u0645\u06cc\u0631 - 5 \u06a9\u06cc\u0644\u0648\u06af\u0631\u0645", "action_flag": 1, "change_message": "[{\"added\": {}}]"}}, {"model": "admin.logentry", "pk": 124, "fields": {"action_time": "2020-08-30T13:26:26.979Z", "user": 8, "content_type": 13, "object_id": "20", "object_repr": "ProductSupplier object (20)", "action_flag": 1, "change_message": "[{\"added\": {}}]"}}, {"model": "admin.logentry", "pk": 125, "fields": {"action_time": "2020-08-30T13:27:45.918Z", "user": 8, "content_type": 9, "object_id": "29", "object_repr": "\u06a9\u0641\u0634 \u06a9\u0648\u0647\u0646\u0648\u0631\u062f\u06cc \u0632\u0646\u0627\u0646\u0647 \u0622\u0633\u06cc\u0627 \u0645\u062f\u0644 \u0627\u0633\u06a9\u0627\u0631\u067e\u0627 \u06a9\u062f 458", "action_flag": 1, "change_message": "[{\"added\": {}}]"}}, {"model": "admin.logentry", "pk": 126, "fields": {"action_time": "2020-08-30T13:28:32.357Z", "user": 8, "content_type": 9, "object_id": "30", "object_repr": "\u062a\u0648\u067e \u0641\u0648\u062a\u0628\u0627\u0644 \u0622\u062f\u06cc\u062f\u0627\u0633 \u0645\u062f\u0644 R520", "action_flag": 1, "change_message": "[{\"added\": {}}]"}}, {"model": "admin.logentry", "pk": 127, "fields": {"action_time": "2020-08-30T13:30:38.707Z", "user": 8, "content_type": 6, "object_id": "38", "object_repr": "\u06a9\u0641\u0634 \u06a9\u0648\u06471", "action_flag": 2, "change_message": "[{\"changed\": {\"fields\": [\"Cat name\"]}}]"}}, {"model": "admin.logentry", "pk": 128, "fields": {"action_time": "2020-08-30T13:31:15.379Z", "user": 8, "content_type": 6, "object_id": "40", "object_repr": "\u06a9\u0641\u0634 \u06a9\u0648\u0647", "action_flag": 3, "change_message": ""}}, {"model": "admin.logentry", "pk": 129, "fields": {"action_time": "2020-08-30T13:31:24.235Z", "user": 8, "content_type": 6, "object_id": "38", "object_repr": "\u06a9\u0641\u0634 \u06a9\u0648\u0647", "action_flag": 2, "change_message": "[{\"changed\": {\"fields\": [\"Cat name\"]}}]"}}, {"model": "admin.logentry", "pk": 130, "fields": {"action_time": "2020-08-30T13:32:06.130Z", "user": 8, "content_type": 13, "object_id": "21", "object_repr": "ProductSupplier object (21)", "action_flag": 1, "change_message": "[{\"added\": {}}]"}}, {"model": "admin.logentry", "pk": 131, "fields": {"action_time": "2020-08-30T13:32:19.701Z", "user": 8, "content_type": 13, "object_id": "22", "object_repr": "ProductSupplier object (22)", "action_flag": 1, "change_message": "[{\"added\": {}}]"}}]