[{"model": "contenttypes.contenttype", "pk": 1, "fields": {"app_label": "admin", "model": "logentry"}}, {"model": "contenttypes.contenttype", "pk": 2, "fields": {"app_label": "auth", "model": "permission"}}, {"model": "contenttypes.contenttype", "pk": 3, "fields": {"app_label": "auth", "model": "group"}}, {"model": "contenttypes.contenttype", "pk": 4, "fields": {"app_label": "contenttypes", "model": "contenttype"}}, {"model": "contenttypes.contenttype", "pk": 5, "fields": {"app_label": "sessions", "model": "session"}}, {"model": "contenttypes.contenttype", "pk": 6, "fields": {"app_label": "content", "model": "subcategory"}}, {"model": "contenttypes.contenttype", "pk": 7, "fields": {"app_label": "content", "model": "brand"}}, {"model": "contenttypes.contenttype", "pk": 8, "fields": {"app_label": "content", "model": "attribute"}}, {"model": "contenttypes.contenttype", "pk": 9, "fields": {"app_label": "content", "model": "product"}}, {"model": "contenttypes.contenttype", "pk": 10, "fields": {"app_label": "content", "model": "productattr"}}, {"model": "contenttypes.contenttype", "pk": 11, "fields": {"app_label": "content", "model": "feedback"}}, {"model": "contenttypes.contenttype", "pk": 12, "fields": {"app_label": "customer", "model": "customeraddress"}}, {"model": "contenttypes.contenttype", "pk": 13, "fields": {"app_label": "Supplier", "model": "productsupplier"}}, {"model": "contenttypes.contenttype", "pk": 14, "fields": {"app_label": "financial", "model": "peymentmethod"}}, {"model": "contenttypes.contenttype", "pk": 15, "fields": {"app_label": "financial", "model": "payment"}}, {"model": "contenttypes.contenttype", "pk": 16, "fields": {"app_label": "cart", "model": "delivery"}}, {"model": "contenttypes.contenttype", "pk": 17, "fields": {"app_label": "cart", "model": "cart"}}, {"model": "contenttypes.contenttype", "pk": 18, "fields": {"app_label": "cart", "model": "orderitem"}}, {"model": "contenttypes.contenttype", "pk": 19, "fields": {"app_label": "accounts", "model": "user"}}, {"model": "contenttypes.contenttype", "pk": 20, "fields": {"app_label": "accounts", "model": "customer"}}, {"model": "contenttypes.contenttype", "pk": 21, "fields": {"app_label": "accounts", "model": "supplier"}}, {"model": "contenttypes.contenttype", "pk": 22, "fields": {"app_label": "blog", "model": "category"}}, {"model": "contenttypes.contenttype", "pk": 23, "fields": {"app_label": "blog", "model": "article"}}, {"model": "contenttypes.contenttype", "pk": 24, "fields": {"app_label": "comment", "model": "comment"}}, {"model": "contenttypes.contenttype", "pk": 25, "fields": {"app_label": "comment", "model": "reaction"}}, {"model": "contenttypes.contenttype", "pk": 26, "fields": {"app_label": "comment", "model": "reactioninstance"}}, {"model": "contenttypes.contenttype", "pk": 27, "fields": {"app_label": "comment", "model": "flag"}}, {"model": "contenttypes.contenttype", "pk": 28, "fields": {"app_label": "comment", "model": "flaginstance"}}, {"model": "sessions.session", "pk": "5injxiteslva442fdfv86uqt2dffb5eb", "fields": {"session_data": "YmNiYWRhMDk5MWRmMmJkYTNmMWQ0M2U4MmE1OWFmZDEyMWNjOWQ1Yzp7Il9hdXRoX3VzZXJfaWQiOiIxMiIsIl9hdXRoX3VzZXJfYmFja2VuZCI6ImRqYW5nby5jb250cmliLmF1dGguYmFja2VuZHMuTW9kZWxCYWNrZW5kIiwiX2F1dGhfdXNlcl9oYXNoIjoiY2I2ZmFlYjVmZmFkZjg2NmVhYmU2YzJkMTRmZWUzYWIzMTk0NDRhOCJ9", "expire_date": "2020-09-12T16:08:04.141Z"}}, {"model": "sessions.session", "pk": "89fdx2ol508dr9atgvsg33xm4i2exih5", "fields": {"session_data": "ZTM1NmQ3NWVmNjc3YTI3NDBjNDY3M2ZhNzliYzg2ODdmNWVmNmZlMzp7Il9hdXRoX3VzZXJfaWQiOiIxNCIsIl9hdXRoX3VzZXJfYmFja2VuZCI6ImRqYW5nby5jb250cmliLmF1dGguYmFja2VuZHMuTW9kZWxCYWNrZW5kIiwiX2F1dGhfdXNlcl9oYXNoIjoiODllZjE4YmY3NGY2NGE4Yzk5NjY5OWM5NjczNDJjMjQyMTc0NGJiMyJ9", "expire_date": "2020-09-13T08:41:03.510Z"}}, {"model": "sessions.session", "pk": "8vnfnhfbuco0vu3xjk734jp35y8yd35g", "fields": {"session_data": "YmY4OGQwN2Q3MzI1MTI5ZTA3MDY3NDRiZGNmZjM0NTI0ZjRiMGRjYzp7fQ==", "expire_date": "2020-09-15T07:39:38.211Z"}}, {"model": "sessions.session", "pk": "d053wdcm1xdeq6st9i9j4nrtdfggyse4", "fields": {"session_data": "NmE4ODZmZDkzNzAxNTZkMzVkYjhiM2E5MzMxNzM0ZTdhMjFkNGJmMjp7Il9hdXRoX3VzZXJfaWQiOiI0MSIsIl9hdXRoX3VzZXJfYmFja2VuZCI6ImRqYW5nby5jb250cmliLmF1dGguYmFja2VuZHMuTW9kZWxCYWNrZW5kIiwiX2F1dGhfdXNlcl9oYXNoIjoiZGM1ZDJkMDU1YmU2YjM3YTU2MTgyY2ZlOGIzMjQ3Y2U3OTA5Y2IzMSJ9", "expire_date": "2020-09-16T15:08:59.303Z"}}, {"model": "sessions.session", "pk": "d20wk93vrb1dg2m3sppcqqdn10ie8gu6", "fields": {"session_data": "Mzk1NmY5YWVlNDQ2MTJiYTQ4NjI4Nzk3NDdkNTA3OWRkOTFiN2VmNTp7Il9hdXRoX3VzZXJfaWQiOiIxIiwiX2F1dGhfdXNlcl9iYWNrZW5kIjoiZGphbmdvLmNvbnRyaWIuYXV0aC5iYWNrZW5kcy5Nb2RlbEJhY2tlbmQiLCJfYXV0aF91c2VyX2hhc2giOiJkZThhMTc3YWY1MDg0NTFlMmE2NjE5ZjlmNDhkMTM5MDk0ZmJiOGM0In0=", "expire_date": "2020-09-15T19:39:17.055Z"}}, {"model": "sessions.session", "pk": "d7pfwncjl3f5qaqptpn5p0xzk52o7tzf", "fields": {"session_data": "Mzk1NmY5YWVlNDQ2MTJiYTQ4NjI4Nzk3NDdkNTA3OWRkOTFiN2VmNTp7Il9hdXRoX3VzZXJfaWQiOiIxIiwiX2F1dGhfdXNlcl9iYWNrZW5kIjoiZGphbmdvLmNvbnRyaWIuYXV0aC5iYWNrZW5kcy5Nb2RlbEJhY2tlbmQiLCJfYXV0aF91c2VyX2hhc2giOiJkZThhMTc3YWY1MDg0NTFlMmE2NjE5ZjlmNDhkMTM5MDk0ZmJiOGM0In0=", "expire_date": "2020-09-16T20:32:46.813Z"}}, {"model": "sessions.session", "pk": "dqy1o6che5ilh9sboj9elch0vw7cvct3", "fields": {"session_data": "Mzk1NmY5YWVlNDQ2MTJiYTQ4NjI4Nzk3NDdkNTA3OWRkOTFiN2VmNTp7Il9hdXRoX3VzZXJfaWQiOiIxIiwiX2F1dGhfdXNlcl9iYWNrZW5kIjoiZGphbmdvLmNvbnRyaWIuYXV0aC5iYWNrZW5kcy5Nb2RlbEJhY2tlbmQiLCJfYXV0aF91c2VyX2hhc2giOiJkZThhMTc3YWY1MDg0NTFlMmE2NjE5ZjlmNDhkMTM5MDk0ZmJiOGM0In0=", "expire_date": "2020-09-16T12:09:03.146Z"}}, {"model": "sessions.session", "pk": "ebv7qm5md8hij9c47ef80mv9joko17o0", "fields": {"session_data": "Mzk1NmY5YWVlNDQ2MTJiYTQ4NjI4Nzk3NDdkNTA3OWRkOTFiN2VmNTp7Il9hdXRoX3VzZXJfaWQiOiIxIiwiX2F1dGhfdXNlcl9iYWNrZW5kIjoiZGphbmdvLmNvbnRyaWIuYXV0aC5iYWNrZW5kcy5Nb2RlbEJhY2tlbmQiLCJfYXV0aF91c2VyX2hhc2giOiJkZThhMTc3YWY1MDg0NTFlMmE2NjE5ZjlmNDhkMTM5MDk0ZmJiOGM0In0=", "expire_date": "2020-09-06T11:05:38.255Z"}}, {"model": "sessions.session", "pk": "eqwtr20lgxv1eolv1zpgfzaacp6w619a", "fields": {"session_data": "Mzk1NmY5YWVlNDQ2MTJiYTQ4NjI4Nzk3NDdkNTA3OWRkOTFiN2VmNTp7Il9hdXRoX3VzZXJfaWQiOiIxIiwiX2F1dGhfdXNlcl9iYWNrZW5kIjoiZGphbmdvLmNvbnRyaWIuYXV0aC5iYWNrZW5kcy5Nb2RlbEJhY2tlbmQiLCJfYXV0aF91c2VyX2hhc2giOiJkZThhMTc3YWY1MDg0NTFlMmE2NjE5ZjlmNDhkMTM5MDk0ZmJiOGM0In0=", "expire_date": "2020-09-16T15:40:48.645Z"}}, {"model": "sessions.session", "pk": "ev717ljz8tlh14epjx7bx700yu63yhn7", "fields": {"session_data": "NDE1ZTBkMjAyNjkyMDY0NjFlYjgyYzBmZmI5YjYwNmVkMWY0ZmM5OTp7Il9hdXRoX3VzZXJfaWQiOiIxMCIsIl9hdXRoX3VzZXJfYmFja2VuZCI6ImRqYW5nby5jb250cmliLmF1dGguYmFja2VuZHMuTW9kZWxCYWNrZW5kIiwiX2F1dGhfdXNlcl9oYXNoIjoiMjE0ODUyNTYwZmQ4N2YxNTgzNDcwNmRjMzUyYjQ0YTgyNDliZmVhZCJ9", "expire_date": "2020-09-12T15:27:20.897Z"}}, {"model": "sessions.session", "pk": "gwrfkgtjcpuvew17gla1h1yr2qs0f20j", "fields": {"session_data": "Mzk1NmY5YWVlNDQ2MTJiYTQ4NjI4Nzk3NDdkNTA3OWRkOTFiN2VmNTp7Il9hdXRoX3VzZXJfaWQiOiIxIiwiX2F1dGhfdXNlcl9iYWNrZW5kIjoiZGphbmdvLmNvbnRyaWIuYXV0aC5iYWNrZW5kcy5Nb2RlbEJhY2tlbmQiLCJfYXV0aF91c2VyX2hhc2giOiJkZThhMTc3YWY1MDg0NTFlMmE2NjE5ZjlmNDhkMTM5MDk0ZmJiOGM0In0=", "expire_date": "2020-09-14T06:12:58.742Z"}}, {"model": "sessions.session", "pk": "i7abyr6y3pcn3ds1c5gzkhfqysw91ao6", "fields": {"session_data": "NDE1ZTBkMjAyNjkyMDY0NjFlYjgyYzBmZmI5YjYwNmVkMWY0ZmM5OTp7Il9hdXRoX3VzZXJfaWQiOiIxMCIsIl9hdXRoX3VzZXJfYmFja2VuZCI6ImRqYW5nby5jb250cmliLmF1dGguYmFja2VuZHMuTW9kZWxCYWNrZW5kIiwiX2F1dGhfdXNlcl9oYXNoIjoiMjE0ODUyNTYwZmQ4N2YxNTgzNDcwNmRjMzUyYjQ0YTgyNDliZmVhZCJ9", "expire_date": "2020-09-12T15:42:06.981Z"}}, {"model": "sessions.session", "pk": "jgkje6j37src28fvz3g4cxyihdep4v06", "fields": {"session_data": "YTRiODlhNmU5NzA0YWQ3NmZkNDM0NjY5MjA3MDhlNDk2MzQ0YmY5Mjp7Il9hdXRoX3VzZXJfaWQiOiIzNiIsIl9hdXRoX3VzZXJfYmFja2VuZCI6ImRqYW5nby5jb250cmliLmF1dGguYmFja2VuZHMuTW9kZWxCYWNrZW5kIiwiX2F1dGhfdXNlcl9oYXNoIjoiN2QwY2JhNTQ0ZDMyMDFjODgwNTA2ODE5MDk4MmViMGM2MjMxMmJhMyJ9", "expire_date": "2020-09-16T19:14:14.780Z"}}, {"model": "sessions.session", "pk": "l7k4x4yuebo5tshlt9e0qoaxycgkhrty", "fields": {"session_data": "YTQ1YmNiOGE4ZTI1OTA3MjJmZGI2MjRhMjIzOTM1YzRlZTUyY2YxMDp7Il9hdXRoX3VzZXJfaWQiOiI2IiwiX2F1dGhfdXNlcl9iYWNrZW5kIjoiZGphbmdvLmNvbnRyaWIuYXV0aC5iYWNrZW5kcy5Nb2RlbEJhY2tlbmQiLCJfYXV0aF91c2VyX2hhc2giOiI2ZWY2ZGMzMzg5YmU4ZGFlNGM5MjMwYWFlNzRlYTEzOTc0ZWNkYTliIn0=", "expire_date": "2020-09-15T07:41:28.927Z"}}, {"model": "sessions.session", "pk": "ld22fzavc7c5fsuovtelid2sph4mozuc", "fields": {"session_data": "ZTM1NmQ3NWVmNjc3YTI3NDBjNDY3M2ZhNzliYzg2ODdmNWVmNmZlMzp7Il9hdXRoX3VzZXJfaWQiOiIxNCIsIl9hdXRoX3VzZXJfYmFja2VuZCI6ImRqYW5nby5jb250cmliLmF1dGguYmFja2VuZHMuTW9kZWxCYWNrZW5kIiwiX2F1dGhfdXNlcl9oYXNoIjoiODllZjE4YmY3NGY2NGE4Yzk5NjY5OWM5NjczNDJjMjQyMTc0NGJiMyJ9", "expire_date": "2020-09-13T08:41:04.378Z"}}, {"model": "sessions.session", "pk": "oicc7zba7q9inowk17hfs3ftgmfiur2a", "fields": {"session_data": "Mzk1NmY5YWVlNDQ2MTJiYTQ4NjI4Nzk3NDdkNTA3OWRkOTFiN2VmNTp7Il9hdXRoX3VzZXJfaWQiOiIxIiwiX2F1dGhfdXNlcl9iYWNrZW5kIjoiZGphbmdvLmNvbnRyaWIuYXV0aC5iYWNrZW5kcy5Nb2RlbEJhY2tlbmQiLCJfYXV0aF91c2VyX2hhc2giOiJkZThhMTc3YWY1MDg0NTFlMmE2NjE5ZjlmNDhkMTM5MDk0ZmJiOGM0In0=", "expire_date": "2020-09-13T18:26:17.399Z"}}, {"model": "sessions.session", "pk": "pn9jreqgtiklh6ro7dyqwi7awt7bm2a5", "fields": {"session_data": "ZGEwY2Y3ZDQyNGVhZTcxZmExZTAzMWY2OWY0ZTVlMWE3MGRkYzIyMjp7Il9hdXRoX3VzZXJfaWQiOiI5IiwiX2F1dGhfdXNlcl9iYWNrZW5kIjoiZGphbmdvLmNvbnRyaWIuYXV0aC5iYWNrZW5kcy5Nb2RlbEJhY2tlbmQiLCJfYXV0aF91c2VyX2hhc2giOiI4YTI2NDE2NTY5NjRkODgzYzA3OWRiZTBiNzA3NmEyNWU1YTljZTI0In0=", "expire_date": "2020-09-12T12:01:04.403Z"}}, {"model": "sessions.session", "pk": "qcgohqvus3nt10vfpy26l3tl300ozwi5", "fields": {"session_data": "Mzk1NmY5YWVlNDQ2MTJiYTQ4NjI4Nzk3NDdkNTA3OWRkOTFiN2VmNTp7Il9hdXRoX3VzZXJfaWQiOiIxIiwiX2F1dGhfdXNlcl9iYWNrZW5kIjoiZGphbmdvLmNvbnRyaWIuYXV0aC5iYWNrZW5kcy5Nb2RlbEJhY2tlbmQiLCJfYXV0aF91c2VyX2hhc2giOiJkZThhMTc3YWY1MDg0NTFlMmE2NjE5ZjlmNDhkMTM5MDk0ZmJiOGM0In0=", "expire_date": "2020-09-16T12:32:18.965Z"}}, {"model": "sessions.session", "pk": "qprhg1qafqphsagyb133fkmqu9t1x2fy", "fields": {"session_data": "Mzk1NmY5YWVlNDQ2MTJiYTQ4NjI4Nzk3NDdkNTA3OWRkOTFiN2VmNTp7Il9hdXRoX3VzZXJfaWQiOiIxIiwiX2F1dGhfdXNlcl9iYWNrZW5kIjoiZGphbmdvLmNvbnRyaWIuYXV0aC5iYWNrZW5kcy5Nb2RlbEJhY2tlbmQiLCJfYXV0aF91c2VyX2hhc2giOiJkZThhMTc3YWY1MDg0NTFlMmE2NjE5ZjlmNDhkMTM5MDk0ZmJiOGM0In0=", "expire_date": "2020-09-12T11:58:22.352Z"}}, {"model": "sessions.session", "pk": "sc5boleisquw1r8r3kjuonn7r9yoxwe0", "fields": {"session_data": "MDUyYzU3ZThhYzQ0NjZjZTQzYjU3ZTVjNTNlMTIzMjY2MGUwNWYzMjp7Il9hdXRoX3VzZXJfaWQiOiIxNSIsIl9hdXRoX3VzZXJfYmFja2VuZCI6ImRqYW5nby5jb250cmliLmF1dGguYmFja2VuZHMuTW9kZWxCYWNrZW5kIiwiX2F1dGhfdXNlcl9oYXNoIjoiMDBjY2Y5OTEwN2I0NGI5NjY2YzZkNzMxODBmMzhiYTE0YjBjNjc5ZCJ9", "expire_date": "2020-09-13T11:18:48.662Z"}}, {"model": "sessions.session", "pk": "v1obvax169pj7430oo9ns3d2rclhpv2z", "fields": {"session_data": "Mzk1NmY5YWVlNDQ2MTJiYTQ4NjI4Nzk3NDdkNTA3OWRkOTFiN2VmNTp7Il9hdXRoX3VzZXJfaWQiOiIxIiwiX2F1dGhfdXNlcl9iYWNrZW5kIjoiZGphbmdvLmNvbnRyaWIuYXV0aC5iYWNrZW5kcy5Nb2RlbEJhY2tlbmQiLCJfYXV0aF91c2VyX2hhc2giOiJkZThhMTc3YWY1MDg0NTFlMmE2NjE5ZjlmNDhkMTM5MDk0ZmJiOGM0In0=", "expire_date": "2020-09-15T07:06:07.760Z"}}, {"model": "sessions.session", "pk": "wr6mqwiwpihl8oe19a5zf5aku6216gk6", "fields": {"session_data": "MGU1OTQ2M2E2MTc2MzNjZTYwNjVjNTVhZmM2ODgwOWE2ZWVmNGMzNDp7Il9hdXRoX3VzZXJfaWQiOiI4IiwiX2F1dGhfdXNlcl9iYWNrZW5kIjoiZGphbmdvLmNvbnRyaWIuYXV0aC5iYWNrZW5kcy5Nb2RlbEJhY2tlbmQiLCJfYXV0aF91c2VyX2hhc2giOiI2NTIwNjM1YWNlMGE2NTdjYTY5ZTBlYTU5MzUyMTBkOWQxNTcyOWQ3In0=", "expire_date": "2020-09-15T06:35:47.687Z"}}, {"model": "sessions.session", "pk": "y044fcyd8nazk3o0sdi63oyfdv5zfbge", "fields": {"session_data": "Mzk1NmY5YWVlNDQ2MTJiYTQ4NjI4Nzk3NDdkNTA3OWRkOTFiN2VmNTp7Il9hdXRoX3VzZXJfaWQiOiIxIiwiX2F1dGhfdXNlcl9iYWNrZW5kIjoiZGphbmdvLmNvbnRyaWIuYXV0aC5iYWNrZW5kcy5Nb2RlbEJhY2tlbmQiLCJfYXV0aF91c2VyX2hhc2giOiJkZThhMTc3YWY1MDg0NTFlMmE2NjE5ZjlmNDhkMTM5MDk0ZmJiOGM0In0=", "expire_date": "2020-09-16T19:19:09.708Z"}}, {"model": "sessions.session", "pk": "y6m1jn3iaxnujlp9hadw1oo5nz5txlkn", "fields": {"session_data": "MzkzZDJmNjUwNTRkODY1Y2UzYTBkM2MyOTgzMTAyNmRjOWU3M2ZhYTp7Il9hdXRoX3VzZXJfaWQiOiIzNCIsIl9hdXRoX3VzZXJfYmFja2VuZCI6ImRqYW5nby5jb250cmliLmF1dGguYmFja2VuZHMuTW9kZWxCYWNrZW5kIiwiX2F1dGhfdXNlcl9oYXNoIjoiZThkMzY5YmU3OTU0YmViOTM3MDI4ZTY0ODEyYjk1Yjk0M2RlNDhhOSJ9", "expire_date": "2020-09-16T13:13:00.509Z"}}, {"model": "content.subcategory", "pk": 1, "fields": {"cat_name": "\u0644\u0648\u0627\u0632\u0645 \u0645\u0646\u0632\u0644", "parent_category": null}}, {"model": "content.subcategory", "pk": 2, "fields": {"cat_name": "\u0644\u0648\u0627\u0632\u0645 \u0628\u0631\u0642\u06cc", "parent_category": 1}}, {"model": "content.subcategory", "pk": 3, "fields": {"cat_name": "\u06cc\u062e\u0686\u0627\u0644", "parent_category": 2}}, {"model": "content.subcategory", "pk": 4, "fields": {"cat_name": "\u06af\u06cc\u0627\u0647 \u0648 \u0628\u0627\u063a\u0628\u0627\u0646\u06cc", "parent_category": null}}, {"model": "content.subcategory", "pk": 5, "fields": {"cat_name": "\u06af\u0644", "parent_category": 4}}, {"model": "content.subcategory", "pk": 6, "fields": {"cat_name": "\u06af\u0644 \u0645\u0635\u0646\u0648\u0639\u06cc", "parent_category": 5}}, {"model": "content.subcategory", "pk": 7, "fields": {"cat_name": "\u06af\u0644 \u0637\u0628\u06cc\u0639\u06cc", "parent_category": 5}}, {"model": "content.subcategory", "pk": 8, "fields": {"cat_name": "\u0627\u06a9\u0633\u0633\u0648\u0631\u06cc", "parent_category": null}}, {"model": "content.subcategory", "pk": 9, "fields": {"cat_name": "\u06a9\u06cc\u0641", "parent_category": 8}}, {"model": "content.subcategory", "pk": 10, "fields": {"cat_name": "\u06a9\u06cc\u0641 \u0645\u0631\u062f\u0627\u0646\u0647", "parent_category": 9}}, {"model": "content.subcategory", "pk": 11, "fields": {"cat_name": "\u06a9\u06cc\u0641 \u0632\u0646\u0627\u0646\u0647", "parent_category": 9}}, {"model": "content.subcategory", "pk": 12, "fields": {"cat_name": "\u0633\u0627\u0639\u062a", "parent_category": 8}}, {"model": "content.subcategory", "pk": 13, "fields": {"cat_name": "\u0633\u0627\u0639\u062a \u0632\u0646\u0627\u0646\u0647", "parent_category": 12}}, {"model": "content.subcategory", "pk": 14, "fields": {"cat_name": "\u0633\u0627\u0639\u062a \u0645\u0631\u062f\u0627\u0646\u0647", "parent_category": 12}}, {"model": "content.subcategory", "pk": 15, "fields": {"cat_name": "\u0644\u0648\u0627\u0632\u0645 \u0628\u0627\u063a\u0628\u0627\u0646\u06cc", "parent_category": 4}}, {"model": "content.subcategory", "pk": 16, "fields": {"cat_name": "\u0627\u0628\u0632\u0627\u0631 \u0628\u0627\u063a\u0628\u0627\u0646\u06cc", "parent_category": 15}}, {"model": "content.subcategory", "pk": 17, "fields": {"cat_name": "\u0635\u0648\u062a\u06cc \u0648 \u062a\u0635\u0648\u06cc\u0631\u06cc", "parent_category": 2}}, {"model": "content.subcategory", "pk": 18, "fields": {"cat_name": "\u062f\u06a9\u0648\u0631\u0627\u062a\u06cc\u0648", "parent_category": 1}}, {"model": "content.subcategory", "pk": 19, "fields": {"cat_name": "\u0633\u0627\u0639\u062a \u0648 \u063a\u06cc\u0631\u0647", "parent_category": 18}}, {"model": "content.subcategory", "pk": 20, "fields": {"cat_name": "\u06a9\u062a\u0627\u0628 \u0648 \u0644\u0648\u0627\u0632\u0645 \u062a\u062d\u0631\u06cc\u0631", "parent_category": null}}, {"model": "content.subcategory", "pk": 21, "fields": {"cat_name": "\u0648\u0631\u0632\u0634 \u0648 \u0633\u0641\u0631", "parent_category": null}}, {"model": "content.subcategory", "pk": 22, "fields": {"cat_name": "\u062e\u0648\u0631\u062f\u0646\u06cc \u0648 \u0622\u0634\u0627\u0645\u06cc\u062f\u0646\u06cc", "parent_category": null}}, {"model": "content.subcategory", "pk": 23, "fields": {"cat_name": "\u0622\u0634\u067e\u0632\u062e\u0627\u0646\u0647", "parent_category": 1}}, {"model": "content.subcategory", "pk": 24, "fields": {"cat_name": "\u06a9\u062a\u0627\u0628 \u0648 \u0645\u062c\u0644\u0647", "parent_category": 20}}, {"model": "content.subcategory", "pk": 25, "fields": {"cat_name": "\u0644\u0648\u0627\u0632\u0645 \u062a\u062d\u0631\u06cc\u0631", "parent_category": 20}}, {"model": "content.subcategory", "pk": 26, "fields": {"cat_name": "\u0644\u0648\u0627\u0632\u0645 \u0627\u062f\u0627\u0631\u06cc \u0648 \u0627\u0642\u0644\u0627\u0645 \u0645\u0635\u0631\u0641\u06cc", "parent_category": 25}}, {"model": "content.subcategory", "pk": 27, "fields": {"cat_name": "\u0627\u0644\u06a9\u062a\u0631\u0648\u0646\u06cc\u06a9\u06cc", "parent_category": 24}}, {"model": "content.subcategory", "pk": 28, "fields": {"cat_name": "\u0686\u0627\u067e\u06cc", "parent_category": 24}}, {"model": "content.subcategory", "pk": 29, "fields": {"cat_name": "\u0633\u0631\u0648\u06cc\u0633 \u0648 \u067e\u062e\u062a \u0648 \u067e\u0632", "parent_category": 23}}, {"model": "content.subcategory", "pk": 30, "fields": {"cat_name": "\u0645\u0648\u0627\u062f \u0634\u0648\u06cc\u0646\u062f\u0647", "parent_category": 23}}, {"model": "content.subcategory", "pk": 31, "fields": {"cat_name": "\u06a9\u0648\u0647\u0646\u0648\u0631\u062f\u06cc \u0648 \u06a9\u0645\u067e\u06cc\u0646\u06af", "parent_category": 21}}, {"model": "content.subcategory", "pk": 32, "fields": {"cat_name": "\u067e\u0648\u0634\u0627\u06a9 \u0648\u0631\u0632\u0634\u06cc", "parent_category": 21}}, {"model": "content.subcategory", "pk": 33, "fields": {"cat_name": "\u0644\u0648\u0627\u0632\u0645 \u0648\u0631\u0632\u0634\u06cc", "parent_category": 21}}, {"model": "content.subcategory", "pk": 34, "fields": {"cat_name": "\u067e\u0648\u0634\u0627\u06a9 \u0645\u0631\u062f\u0627\u0646\u0647", "parent_category": 32}}, {"model": "content.subcategory", "pk": 35, "fields": {"cat_name": "\u067e\u0648\u0634\u0627\u06a9 \u0632\u0646\u0627\u0646\u0647", "parent_category": 32}}, {"model": "content.subcategory", "pk": 36, "fields": {"cat_name": "\u06a9\u0627\u0644\u0627\u0647\u0627\u06cc \u0627\u0633\u0627\u0633\u06cc \u0648 \u062e\u0627\u0631 \u0648\u0628\u0627\u0631", "parent_category": 22}}, {"model": "content.subcategory", "pk": 37, "fields": {"cat_name": "\u0628\u0631\u0646\u062c", "parent_category": 36}}, {"model": "content.subcategory", "pk": 38, "fields": {"cat_name": "\u06a9\u0641\u0634 \u06a9\u0648\u0647", "parent_category": 31}}, {"model": "content.subcategory", "pk": 39, "fields": {"cat_name": "\u0648\u0631\u0632\u0634 \u0647\u0627\u06cc \u062a\u0648\u067e\u06cc", "parent_category": 33}}, {"model": "content.brand", "pk": 1, "fields": {"brand_name": "\u06af\u0644 \u0622\u0648\u0631\u0627\u0646", "subcategory_id": 4}}, {"model": "content.brand", "pk": 2, "fields": {"brand_name": "\u0627\u0645\u0631\u0633\u0627\u0646", "subcategory_id": 3}}, {"model": "content.brand", "pk": 3, "fields": {"brand_name": "\u0633\u0627\u0645\u0633\u0648\u0646\u06af", "subcategory_id": 2}}, {"model": "content.brand", "pk": 4, "fields": {"brand_name": "\u06af\u0644 \u06a9\u0627\u0644\u0627", "subcategory_id": 6}}, {"model": "content.brand", "pk": 5, "fields": {"brand_name": "\u062f\u06cc\u0627\u06a9\u0648", "subcategory_id": 9}}, {"model": "content.brand", "pk": 6, "fields": {"brand_name": "\u0648\u0641\u0633", "subcategory_id": 9}}, {"model": "content.brand", "pk": 7, "fields": {"brand_name": "\u0627\u0644 \u062c\u06cc", "subcategory_id": 2}}, {"model": "content.attribute", "pk": 1, "fields": {"attr_title": "\u062e\u0627\u0631\u062f\u0627\u0631", "subcategory_id": 7}}, {"model": "content.attribute", "pk": 2, "fields": {"attr_title": "\u062a\u0639\u062f\u0627\u062f \u0637\u0628\u0642\u0627\u062a \u06cc\u062e\u0686\u0627\u0644", "subcategory_id": 3}}, {"model": "content.attribute", "pk": 3, "fields": {"attr_title": "\u0633\u0627\u06cc\u062f \u0628\u0627\u06cc \u0633\u0627\u06cc\u062f", "subcategory_id": 3}}, {"model": "content.attribute", "pk": 4, "fields": {"attr_title": "\u0636\u062f \u0627\u0628", "subcategory_id": null}}, {"model": "content.product", "pk": 1, "fields": {"product_name": "\u06cc\u062e\u0686\u0627\u0644 \u0627\u0645\u0631\u0633\u0627\u0646 \u0645\u062f\u0644 RH15D", "product_description": "\u0633\u0631\u062f\u0647\u0647\u0647\u0647\u0647\u0647", "product_image": "content/images/110839163_M2asZmU.jpg", "subcategory_id": 3, "brand_id": 2}}, {"model": "content.product", "pk": 2, "fields": {"product_name": "\u0641\u0631\u06cc\u0632\u0631 \u0627\u0645\u0631\u0633\u0627\u0646 \u0645\u062f\u0644 FN15D/TP", "product_description": "\u0641\u0631\u06cc\u0632 \u0634\u062f\u0645\u0645\u0645\u0645\u0645", "product_image": "content/images/1048476_j7Z3mnp.jpg", "subcategory_id": 3, "brand_id": 2}}, {"model": "content.product", "pk": 3, "fields": {"product_name": "\u06cc\u062e\u0686\u0627\u0644 \u0648 \u0641\u0631\u06cc\u0632\u0631 \u0633\u0627\u0645\u0633\u0648\u0646\u06af \u0645\u062f\u0644 FSR12", "product_description": "\u062e\u0627\u0631\u062c\u06cc\u0647 \u0647\u0627\u0627\u0627\u0627", "product_image": "content/images/4197627_1K5lrlE_8F5sXBP.jpg", "subcategory_id": 3, "brand_id": 3}}, {"model": "content.product", "pk": 4, "fields": {"product_name": "\u06af\u0644 \u062e\u0631\u0632\u0647\u0631\u0647", "product_description": "\u06af\u0644 \u062e\u0631\u06cc\u0647", "product_image": "content/images/khar_F1MPMRc.jpg", "subcategory_id": 7, "brand_id": 1}}, {"model": "content.product", "pk": 5, "fields": {"product_name": "\u06af\u0644 \u0644\u0627\u0644\u0647", "product_description": "\u06cc\u06a9 \u062f\u0633\u062a\u0647 \u06af\u0644 \u0644\u0627\u0644\u0647 \u067e\u0644\u0627\u0633\u062a\u06cc\u06a9\u06cc \u062e\u0641\u0646", "product_image": "content/images/111467244.jpg", "subcategory_id": 6, "brand_id": 4}}, {"model": "content.product", "pk": 6, "fields": {"product_name": "\u06a9\u06cc\u0641 \u0631\u0648\u062f\u0648\u0634\u06cc - \u0686\u0631\u0645 \u062f\u06cc\u0627\u06a9\u0648", "product_description": "\u0686\u0631\u0645 \u0637\u0628\u06cc\u0639\u06cc \u06af\u0627\u0648\u06cc \u0628\u0627 \u0631\u0646\u06af \u0633\u0646\u062a\u06cc \u0648 \u0637\u0628\u06cc\u0639\u06cc\r\n\r\n\u062f\u0627\u0631\u0627\u06cc \u0642\u0641\u0644 3 \u0631\u0645\u0632", "product_image": "", "subcategory_id": 9, "brand_id": 5}}, {"model": "content.product", "pk": 7, "fields": {"product_name": "\u06a9\u06cc\u0641 \u0627\u062f\u0627\u0631\u06cc \u0648\u0641\u0633 \u0645\u062f\u0644 Vs-774", "product_description": "\u0632\u06cc\u067e\u060c \u0645\u06af\u0646\u062a\u06cc\r\n\u0686\u0631\u0645 \u0645\u0635\u0646\u0648\u0639\u06cc\r\n\u067e\u0627\u0631\u0686\u0647\u200c\u0627\u06cc", "product_image": "", "subcategory_id": 9, "brand_id": 6}}, {"model": "content.product", "pk": 10, "fields": {"product_name": "\u0639\u0627\u0645\u0647 \u067e\u0633\u0646\u062f", "product_description": "<p>\u0627\u062b\u0631 \u0686\u0627\u0631\u0644\u0632 \u0628\u0648\u06a9\u0648\u0641\u0633\u06a9\u06cc</p>", "product_image": "content/images/pupl_Iu6y976.jpeg", "subcategory_id": 20, "brand_id": 2}}, {"model": "content.product", "pk": 11, "fields": {"product_name": "intel", "product_description": "<p>core i 7</p>", "product_image": "content/images/404eror_LHMuH94.png", "subcategory_id": 27, "brand_id": 3}}, {"model": "content.product", "pk": 12, "fields": {"product_name": "intel", "product_description": "<p>core i 7</p>", "product_image": "content/images/404eror_iHdk8aG.png", "subcategory_id": 27, "brand_id": 3}}, {"model": "content.product", "pk": 13, "fields": {"product_name": "intel", "product_description": "<p>core i 7</p>", "product_image": "content/images/404eror_DJDf3pO.png", "subcategory_id": 27, "brand_id": 3}}, {"model": "content.product", "pk": 14, "fields": {"product_name": "\u062a\u0644\u0648\u06cc\u0632\u06cc\u0648\u0646 LED \u0627\u0644 \u062c\u06cc", "product_description": "\u0633\u0627\u06cc\u0632 \u0635\u0641\u062d\u0647: 43 \u0627\u06cc\u0646\u0686\r\n\u062f\u0631\u06af\u0627\u0647 USB: \u062f\u0627\u0631\u062f\r\n\u06a9\u06cc\u0641\u06cc\u062a \u062a\u0635\u0648\u06cc\u0631: Full HD", "product_image": "content/images/111446992.jpg", "subcategory_id": 17, "brand_id": 7}}, {"model": "content.product", "pk": 15, "fields": {"product_name": "\u0633\u0627\u0639\u062a \u0645\u0686\u06cc \u0639\u0642\u0631\u0628\u0647 \u0627\u06cc \u0645\u0631\u062f\u0627\u0646\u0647 \u0644\u06cc\u0628\u0631\u062a\u06cc \u0645\u062f\u0644 31", "product_description": "\u0641\u0631\u0645 \u0642\u0627\u0628: \u06af\u0631\u062f\r\n\u062a\u0627\u0631\u06cc\u062e \u0634\u0645\u0627\u0631: \u0646\u062f\u0627\u0631\u062f\r\n\u0645\u0648\u0631\u062f \u0627\u0633\u062a\u0641\u0627\u062f\u0647: \u0631\u0633\u0645\u06cc\u060c \u0627\u0633\u067e\u0631\u062a\u060c \u0644\u0648\u06a9\u0633\u060c \u0641\u0634\u0646", "product_image": "content/images/115453333.jpg", "subcategory_id": 14, "brand_id": 5}}, {"model": "content.product", "pk": 16, "fields": {"product_name": "\u0628\u06cc\u0644 \u062e\u0641\u0646", "product_description": "\u0628\u06cc\u0644 \u062a\u0627\u0634\u0648 \u0686\u0646\u062f \u06a9\u0627\u0631\u0647 \u0645\u062f\u0644 450\r\n\u062c\u0646\u0633 \u062f\u0633\u062a\u0647: \u0641\u0644\u0632\u06cc", "product_image": "content/images/3370845.jpg", "subcategory_id": 16, "brand_id": 1}}, {"model": "content.product", "pk": 17, "fields": {"product_name": "\u06a9\u06cc\u0641 \u0686\u0631\u0645\u06cc \u0645\u062f\u0644 \u0627\u0641\u06cc\u0633", "product_description": "\u0646\u0648\u0639 \u06a9\u06cc\u0641: \u06a9\u06cc\u0641 \u0627\u062f\u0627\u0631\u06cc\r\n\u0646\u0648\u0639 \u062f\u0648\u062e\u062a: \u062f\u0633\u062a\u06cc\r\n\u0645\u0646\u0627\u0633\u0628 \u0628\u0631\u0627\u06cc: \u062e\u0627\u0646\u0645 \u0647\u0627", "product_image": "", "subcategory_id": 11, "brand_id": 5}}, {"model": "content.product", "pk": 18, "fields": {"product_name": "\u0633\u0627\u0639\u062a \u062f\u06cc\u0648\u0627\u0631\u06cc \u067e\u062f\u06cc\u062f\u0647 \u0634\u0627\u067e \u0645\u062f\u0644 Harmony", "product_description": "\u0646\u062d\u0648\u0647 \u0646\u0645\u0627\u06cc\u0634:\u0639\u0642\u0631\u0628\u0647\u200c\u0627\u06cc\r\n\u0628\u0633\u06cc\u0627\u0631 \u0633\u06a9\u0633\u06cc", "product_image": "content/images/2525593.jpg", "subcategory_id": 19, "brand_id": 5}}, {"model": "content.product", "pk": 19, "fields": {"product_name": "\u0633\u0631\u0648\u06cc\u0633 \u0642\u0627\u0628\u0644\u0645\u0647 20 \u067e\u0627\u0631\u0686\u0647 \u062c\u06cc \u0641\u06cc \u0646\u06cc", "product_description": "\u062a\u0639\u062f\u0627\u062f \u067e\u0627\u0631\u0686\u0647: 20 \u067e\u0627\u0631\u0686\u0647\r\n\u06a9\u0634\u0648\u0631 \u0645\u0628\u062f\u0627\u0621 \u0628\u0631\u0646\u062f: \u0627\u06cc\u062a\u0627\u0644\u06cc\u0627", "product_image": "content/images/117235285.jpg", "subcategory_id": 29, "brand_id": 2}}, {"model": "content.product", "pk": 20, "fields": {"product_name": "\u067e\u0648\u062f\u0631 \u0645\u0627\u0634\u06cc\u0646 \u0638\u0631\u0641\u0634\u0648\u06cc\u06cc \u067e\u0631\u06cc\u0644 \u0645\u0642\u062f\u0627\u0631 1 \u06a9\u06cc\u0644\u0648\u06af\u0631\u0645", "product_description": "\u0642\u0627\u0628\u0644\u06cc\u062a \u0647\u0627: \u062a\u0645\u06cc\u0632 \u06a9\u0646\u0646\u062f\u06af\u06cc\u060c \u0633\u0641\u06cc\u062f \u06a9\u0646\u0646\u062f\u06af\u06cc\u060c \u0686\u0631\u0628\u06cc \u0632\u062f\u0627\u06cc\u06cc\r\n\u0631\u0627\u06cc\u062d\u0647: \u062f\u0627\u0631\u062f\r\n\u0646\u0648\u0639 \u0631\u0627\u06cc\u062d\u0647: \u0644\u06cc\u0645\u0648", "product_image": "content/images/114684594.jpg", "subcategory_id": 30, "brand_id": 6}}, {"model": "content.product", "pk": 21, "fields": {"product_name": "\u06a9\u06cc\u0641 \u0627\u062f\u0627\u0631\u06cc \u0645\u0631\u062f\u0627\u0646\u0647 \u062f\u0644\u0646\u06cc\u0627 \u0645\u062f\u0644 E11801", "product_description": "\u0646\u062f \u0648 \u062f\u0633\u062a\u06af\u06cc\u0631\u0647: \u0628\u0644\u0646\u062f\u060c \u06a9\u0648\u062a\u0627\u0647\r\n\u062c\u0646\u0633: \u0686\u0631\u0645 \u0645\u0635\u0646\u0648\u0639\u06cc\r\n\u0646\u062d\u0648\u0647 \u0628\u0633\u062a\u0647 \u0634\u062f\u0646: \u062f\u06a9\u0645\u0647", "product_image": "content/images/115712789.jpg", "subcategory_id": 10, "brand_id": 6}}, {"model": "content.product", "pk": 22, "fields": {"product_name": "\u0633\u0627\u0639\u062a \u0645\u0686\u06cc \u0639\u0642\u0631\u0628\u0647 \u0627\u06cc \u0632\u0646\u0627\u0646\u0647 \u0648\u0627\u0644\u0627\u0631 \u06a9\u062f LF1780", "product_description": "\u0641\u0631\u0645 \u0642\u0627\u0628: \u06af\u0631\u062f\r\n\u062a\u0627\u0631\u06cc\u062e \u0634\u0645\u0627\u0631: \u0646\u062f\u0627\u0631\u062f\r\n\u0645\u0648\u0631\u062f \u0627\u0633\u062a\u0641\u0627\u062f\u0647: \u0631\u0648\u0632\u0645\u0631\u0647\u060c \u0641\u0634\u0646", "product_image": "content/images/113777734.jpg", "subcategory_id": 13, "brand_id": 6}}, {"model": "content.product", "pk": 23, "fields": {"product_name": "\u0646\u06cc\u0645 \u062a\u0646\u0647 \u0648\u0631\u0632\u0634\u06cc \u0632\u0646\u0627\u0646\u0647 \u06a9\u062f 3232-1", "product_description": "\u062c\u0646\u0633: \u067e\u0644\u06cc \u0627\u0633\u062a\u0631\r\n\u0628\u0646\u062f \u0644\u0628\u0627\u0633: \u0645\u0639\u0645\u0648\u0644\u06cc\r\n\u067e\u062f: \u067e\u062f \u062f\u0627\u0631", "product_image": "content/images/120133947.jpg", "subcategory_id": 35, "brand_id": 6}}, {"model": "content.product", "pk": 24, "fields": {"product_name": "\u06a9\u062a\u0627\u0628 \u0635\u0648\u062a\u06cc \u0627\u062b\u0631 \u0645\u0631\u06a9\u0628 \u0627\u062b\u0631 \u062f\u0627\u0631\u0646 \u0647\u0627\u0631\u062f\u06cc", "product_description": "\u06af\u0631\u0648\u0647 \u0633\u0646\u06cc: \u0628\u0632\u0631\u06af\u0633\u0627\u0644", "product_image": "content/images/1345921.jpg", "subcategory_id": 27, "brand_id": 5}}, {"model": "content.product", "pk": 25, "fields": {"product_name": "\u06a9\u062a\u0627\u0628 1984 \u0627\u062b\u0631 \u062c\u0648\u0631\u062c \u0627\u0648\u0631\u0648\u0644 \u0646\u0634\u0631 \u0634\u0627\u0647\u062f\u062e\u062a \u067e\u0627\u06cc\u06cc\u0632", "product_description": "\u0642\u0637\u0639: \u0631\u0642\u0639\u06cc\r\n\u0646\u0648\u0639 \u062c\u0644\u062f: \u0634\u0648\u0645\u06cc\u0632\r\n\u0645\u0646\u0627\u0633\u0628 \u0628\u0631\u0627\u06cc: \u0628\u0632\u0631\u06af\u0633\u0627\u0644\u0627\u0646", "product_image": "content/images/121134106.jpg", "subcategory_id": 28, "brand_id": 1}}, {"model": "content.product", "pk": 26, "fields": {"product_name": "\u0633\u062a \u062a\u06cc\u0634\u0631\u062a \u0648 \u0634\u0644\u0648\u0627\u0631 \u0648\u0631\u0632\u0634\u06cc \u0645\u0631\u062f\u0627\u0646\u0647 \u0645\u062f\u0644 2038 \u0631\u0646\u06af \u0642\u0631\u0645\u0632", "product_description": "\u062c\u0646\u0633: \u067e\u0644\u06cc \u0627\u0633\u062a\u0631\u060c \u0646\u062e (\u06a9\u062a\u0627\u0646)\r\n\u0637\u0631\u062d \u067e\u0627\u0631\u0686\u0647: \u0637\u0631\u062d \u062f\u0627\u0631\r\n\u0641\u0631\u0645 \u0644\u0628\u0627\u0633: \u0645\u0639\u0645\u0648\u0644\u06cc\r\n\u06a9\u0644\u0627\u0647: \u0628\u062f\u0648\u0646 \u06a9\u0644\u0627\u0647", "product_image": "content/images/111413420.jpg", "subcategory_id": 34, "brand_id": 5}}, {"model": "content.product", "pk": 27, "fields": {"product_name": "\u0686\u0633\u0628 \u0645\u0627\u062a\u06cc\u06a9\u06cc \u0622\u0631\u06cc\u0627 \u06a9\u062f 8004 \u0628\u0633\u062a\u0647 3 \u0639\u062f\u062f\u06cc", "product_description": "\u0686\u0633\u0628 \u0642\u0648\u06cc \u0648 \u0645\u0634\u062a\u06cc \u06a9\u0644\u0647 \u0631\u0634\u062a\u06cc", "product_image": "content/images/120025324.jpg", "subcategory_id": 26, "brand_id": 5}}, {"model": "content.product", "pk": 28, "fields": {"product_name": "\u0628\u0631\u0646\u062c \u0639\u0646\u0628\u0631\u0628\u0648 \u0622\u0642\u0627\u0645\u06cc\u0631 - 5 \u06a9\u06cc\u0644\u0648\u06af\u0631\u0645", "product_description": "\u0628\u0627\u0632\u0647\u200c\u06cc \u0648\u0632\u0646: \u062a\u0627 5 \u06a9\u06cc\u0644\u0648\u06af\u0631\u0645\r\n\u0627\u0631\u06af\u0627\u0646\u06cc\u06a9: \u0628\u0644\u0647", "product_image": "content/images/121933738.jpg", "subcategory_id": 37, "brand_id": 5}}, {"model": "content.product", "pk": 29, "fields": {"product_name": "\u06a9\u0641\u0634 \u06a9\u0648\u0647\u0646\u0648\u0631\u062f\u06cc \u0632\u0646\u0627\u0646\u0647 \u0622\u0633\u06cc\u0627 \u0645\u062f\u0644 \u0627\u0633\u06a9\u0627\u0631\u067e\u0627 \u06a9\u062f 458", "product_description": "\u062c\u0646\u0633: \u0646\u0628\u0648\u06a9\r\n\u0646\u062d\u0648\u0647 \u0628\u0633\u062a\u0647 \u0634\u062f\u0646: \u0628\u0646\u062f\r\n\u06a9\u0641\u06cc \u06a9\u0641\u0634: \u0642\u0627\u0628\u0644 \u062a\u0639\u0648\u06cc\u0636\r\n\u0645\u062f\u0644 \u067e\u0627\u0634\u0646\u0647: \u067e\u0627\u0634\u0646\u0647 \u067e\u0647\u0646\r\n\u062c\u0646\u0633 \u0632\u06cc\u0631\u0647: \u0627\u062a\u06cc\u0644\u0646 \u0648\u06cc\u0646\u06cc\u0644 \u0627\u0633\u062a\u0627\u062a\r\n\u0648\u06cc\u0698\u06af\u06cc \u0647\u0627\u06cc \u0632\u06cc\u0631\u0647: \u0645\u0642\u0627\u0648\u0645 \u062f\u0631 \u0628\u0631\u0627\u0628\u0631 \u0633\u0627\u06cc\u0634 \u0622\u062c \u062f\u0627\u0631\r\n\u0648\u06cc\u0698\u06af\u06cc \u0647\u0627\u06cc \u062a\u062e\u0635\u0635\u06cc: \u0645\u0642\u0627\u0648\u0645 \u062f\u0631 \u0628\u0631\u0627\u0628\u0631 \u0633\u0627\u06cc\u0634", "product_image": "content/images/115601800.jpg", "subcategory_id": 38, "brand_id": 6}}, {"model": "content.product", "pk": 30, "fields": {"product_name": "\u062a\u0648\u067e \u0641\u0648\u062a\u0628\u0627\u0644 \u0622\u062f\u06cc\u062f\u0627\u0633 \u0645\u062f\u0644 R520", "product_description": "\u0633\u0631\u06cc: \u062d\u0631\u0641\u0647\u200c\u0627\u06cc\r\n\u0646\u0648\u0639 \u0627\u0633\u062a\u0641\u0627\u062f\u0647: \u0632\u0645\u06cc\u0646 \u0686\u0645\u0646", "product_image": "content/images/114527251.jpg", "subcategory_id": 39, "brand_id": 5}}, {"model": "content.product", "pk": 31, "fields": {"product_name": "\u0635\u062f \u0633\u0627\u0644 \u062a\u0646\u0647\u0627\u06cc\u06cc", "product_description": "<p>\u0627\u062b\u0631 \u06af\u0627\u0628\u0631\u06cc\u0644 \u0645\u0627\u0631\u06a9\u0632</p>", "product_image": "content/images/images.jpeg", "subcategory_id": 20, "brand_id": null}}, {"model": "content.product", "pk": 32, "fields": {"product_name": "\u0639\u0627\u0645\u0647 \u067e\u0633\u0646\u062f", "product_description": "\u0627\u062b\u0631 \u0686\u0627\u0631\u0644\u0632 \u0628\u0648\u06a9\u0648\u0641\u0633\u06a9\u06cc", "product_image": "content/images/images_3XpHiCG.jpeg", "subcategory_id": 28, "brand_id": null}}, {"model": "content.product", "pk": 33, "fields": {"product_name": "\u06cc\u062e\u0686\u0627\u0644 \u0648 \u0641\u0631\u06cc\u0632\u0631 \u0633\u0627\u0645\u0633\u0648\u0646\u06af \u0645\u062f\u0644 FSR12", "product_description": "\u0642\u0641\u0644 \u06a9\u0648\u062f\u06a9:\r\n\u0628\u0644\u0647\r\n\u0627\u062e\u0637\u0627\u0631 \u0628\u0627\u0632 \u0645\u0627\u0646\u062f\u0646 \u062f\u0631\u0628:\r\n\u0628\u0644\u0647\r\n\u06af\u0646\u062c\u0627\u06cc\u0634 \u06a9\u0644 \u0628\u0647 \u0641\u0648\u062a:\r\n34", "product_image": "content/images/119860303.jpg", "subcategory_id": 3, "brand_id": 3}}, {"model": "content.product", "pk": 34, "fields": {"product_name": "\u06cc\u062e\u0686\u0627\u0644 \u0627\u06cc\u0633\u062a\u06a9\u0648\u0644 \u0645\u062f\u0644 TM-835-B", "product_description": "\u0627\u062e\u0637\u0627\u0631 \u0628\u0627\u0632 \u0645\u0627\u0646\u062f\u0646 \u062f\u0631\u0628:\r\n\u062e\u06cc\u0631\r\n\u06af\u0646\u062c\u0627\u06cc\u0634 \u06a9\u0644 \u0628\u0647 \u0641\u0648\u062a:\r\n5\r\n\u0622\u0628\u0633\u0631\u062f\u06a9\u0646:\r\n\u062e\u06cc\u0631", "product_image": "content/images/111882296.jpg", "subcategory_id": 3, "brand_id": 3}}, {"model": "content.product", "pk": 35, "fields": {"product_name": "\u06cc\u062e\u0686\u0627\u0644 \u0648 \u0641\u0631\u06cc\u0632\u0631 \u0633\u0627\u06cc\u062f \u0628\u0627\u06cc \u0633\u0627\u06cc\u062f \u062f\u0648\u0648 \u0645\u062f\u0644 DES-2915W", "product_description": "\u0627\u062e\u0637\u0627\u0631 \u0628\u0627\u0632 \u0645\u0627\u0646\u062f\u0646 \u062f\u0631\u0628:\r\n\u0628\u0644\u0647\r\n\u0622\u0628\u0633\u0631\u062f\u06a9\u0646:\r\n\u0628\u0644\u0647\r\n\u06cc\u062e\u0633\u0627\u0632 \u0627\u062a\u0648\u0645\u0627\u062a\u06cc\u06a9 (\u0622\u0628 \u0634\u0647\u0631\u06cc):\r\n\u062f\u0627\u0631\u062f", "product_image": "content/images/yakh1.jpg", "subcategory_id": 3, "brand_id": 7}}, {"model": "content.product", "pk": 36, "fields": {"product_name": "\u06cc\u062e\u0686\u0627\u0644 \u0648 \u0641\u0631\u06cc\u0632\u0631 \u0627\u0645\u0631\u0633\u0627\u0646 \u0645\u062f\u0644 BFN22D-M/TP", "product_description": "\u0642\u0641\u0644 \u06a9\u0648\u062f\u06a9:\r\n\u0628\u0644\u0647\r\n\u0627\u062e\u0637\u0627\u0631 \u0628\u0627\u0632 \u0645\u0627\u0646\u062f\u0646 \u062f\u0631\u0628:\r\n\u062e\u06cc\u0631\r\n\u06af\u0646\u062c\u0627\u06cc\u0634 \u06a9\u0644 \u0628\u0647 \u0641\u0648\u062a:\r\n22", "product_image": "content/images/download.jpg", "subcategory_id": 3, "brand_id": 2}}, {"model": "content.product", "pk": 37, "fields": {"product_name": "\u06cc\u062e\u0686\u0627\u0644 \u0641\u0631\u06cc\u0632\u0631 \u062f\u0648\u0642\u0644\u0648 \u0633\u06cc\u0644\u0648\u0631 \u0645\u062f\u0644 SR-103", "product_description": "\u0642\u0641\u0644 \u06a9\u0648\u062f\u06a9:\r\n\u0628\u0644\u0647\r\n\u0627\u062e\u0637\u0627\u0631 \u0628\u0627\u0632 \u0645\u0627\u0646\u062f\u0646 \u062f\u0631\u0628:\r\n\u062e\u06cc\u0631\r\n\u0622\u0628\u0633\u0631\u062f\u06a9\u0646:\r\n\u0628\u0644\u0647", "product_image": "content/images/113233188.jpg", "subcategory_id": 3, "brand_id": 2}}, {"model": "content.product", "pk": 38, "fields": {"product_name": "\u06cc\u062e\u0686\u0627\u0644 \u0641\u0631\u06cc\u0632\u0631 \u0641\u06cc\u0644\u0648\u0631 \u0645\u062f\u0644 PRN-470BM \u0646\u0648\u0641\u0631\u0627\u0633\u062a", "product_description": "\u0642\u0641\u0644 \u06a9\u0648\u062f\u06a9: \u062e\u06cc\u0631\r\n\u0627\u062e\u0637\u0627\u0631 \u0628\u0627\u0632 \u0645\u0627\u0646\u062f\u0646 \u062f\u0631\u0628: \u0628\u0644\u0647\r\n\u0622\u0628\u0633\u0631\u062f\u06a9\u0646: \u0628\u0644\u0647", "product_image": "content/images/2924546.jpg", "subcategory_id": 3, "brand_id": 3}}, {"model": "content.product", "pk": 39, "fields": {"product_name": "\u06cc\u062e\u0686\u0627\u0644 \u0648 \u0641\u0631\u06cc\u0632\u0631 \u062f\u0648\u0642\u0644\u0648\u06cc \u0633\u0627\u0645\u0633\u0648\u0646\u06af \u0645\u062f\u0644 RR30PN-RZ30PN", "product_description": "\u0642\u0641\u0644 \u06a9\u0648\u062f\u06a9:\r\n\u0628\u0644\u0647\r\n\u0627\u062e\u0637\u0627\u0631 \u0628\u0627\u0632 \u0645\u0627\u0646\u062f\u0646 \u062f\u0631\u0628:\r\n\u0628\u0644\u0647\r\n\u06af\u0646\u062c\u0627\u06cc\u0634 \u06a9\u0644 \u0628\u0647 \u0641\u0648\u062a:\r\n20", "product_image": "content/images/4197627.jpg", "subcategory_id": 3, "brand_id": 3}}, {"model": "content.product", "pk": 40, "fields": {"product_name": "\u06cc\u062e\u0686\u0627\u0644 \u0627\u0645\u0631\u0633\u0627\u0646 \u0645\u062f\u0644 TFH17T350", "product_description": "\u0627\u062e\u0637\u0627\u0631 \u0628\u0627\u0632 \u0645\u0627\u0646\u062f\u0646 \u062f\u0631\u0628: \u062e\u06cc\u0631\r\n\u06af\u0646\u062c\u0627\u06cc\u0634 \u06a9\u0644 \u0628\u0647 \u0641\u0648\u062a: 17\r\n\u0622\u0628\u0633\u0631\u062f\u06a9\u0646: \u062e\u06cc\u0631", "product_image": "content/images/1048416.jpg", "subcategory_id": 3, "brand_id": 2}}, {"model": "content.product", "pk": 41, "fields": {"product_name": "\u06cc\u062e\u0686\u0627\u0644 \u0627\u06cc\u0633\u062a\u06a9\u0648\u0644 \u0645\u062f\u0644 TM-919", "product_description": "\u062e\u0637\u0627\u0631 \u0628\u0627\u0632 \u0645\u0627\u0646\u062f\u0646 \u062f\u0631\u0628:\r\n\u062e\u06cc\u0631\r\n\u06af\u0646\u062c\u0627\u06cc\u0634 \u06a9\u0644 \u0628\u0647 \u0641\u0648\u062a:\r\n9\r\n\u0622\u0628\u0633\u0631\u062f\u06a9\u0646:\r\n\u062e\u06cc\u0631", "product_image": "content/images/yakh2.jpg", "subcategory_id": 3, "brand_id": 2}}, {"model": "content.product", "pk": 42, "fields": {"product_name": "\u0639\u0627\u0645\u0647 \u067e\u0633\u0646\u062f", "product_description": "<p>d</p>", "product_image": "content/images/images_6jwaVdH.jpeg", "subcategory_id": 39, "brand_id": null}}, {"model": "content.productattr", "pk": 1, "fields": {"value_type": "INT", "int_value": 3, "text_value": "", "bool_value": null, "product_id": 1, "attr_id": 2}}, {"model": "content.productattr", "pk": 2, "fields": {"value_type": "INT", "int_value": 4, "text_value": "", "bool_value": null, "product_id": 2, "attr_id": 2}}, {"model": "content.productattr", "pk": 3, "fields": {"value_type": "INT", "int_value": 4, "text_value": "", "bool_value": null, "product_id": 3, "attr_id": 2}}, {"model": "content.productattr", "pk": 4, "fields": {"value_type": "BOOL", "int_value": null, "text_value": "", "bool_value": false, "product_id": 1, "attr_id": 3}}, {"model": "content.productattr", "pk": 5, "fields": {"value_type": "BOOL", "int_value": null, "text_value": "", "bool_value": false, "product_id": 2, "attr_id": 3}}, {"model": "content.productattr", "pk": 6, "fields": {"value_type": "BOOL", "int_value": null, "text_value": "", "bool_value": true, "product_id": 3, "attr_id": 3}}, {"model": "content.productattr", "pk": 7, "fields": {"value_type": "BOOL", "int_value": null, "text_value": "", "bool_value": true, "product_id": 4, "attr_id": 1}}, {"model": "content.productattr", "pk": 10, "fields": {"value_type": "", "int_value": null, "text_value": null, "bool_value": null, "product_id": 10, "attr_id": 1}}, {"model": "content.productattr", "pk": 11, "fields": {"value_type": "", "int_value": null, "text_value": null, "bool_value": null, "product_id": 11, "attr_id": 1}}, {"model": "content.productattr", "pk": 12, "fields": {"value_type": "", "int_value": null, "text_value": null, "bool_value": null, "product_id": 12, "attr_id": 1}}, {"model": "content.productattr", "pk": 13, "fields": {"value_type": "", "int_value": null, "text_value": null, "bool_value": null, "product_id": 13, "attr_id": 1}}, {"model": "content.productattr", "pk": 14, "fields": {"value_type": "", "int_value": null, "text_value": null, "bool_value": null, "product_id": 31, "attr_id": 4}}, {"model": "content.productattr", "pk": 15, "fields": {"value_type": "", "int_value": null, "text_value": null, "bool_value": null, "product_id": 32, "attr_id": 4}}, {"model": "content.productattr", "pk": 16, "fields": {"value_type": "", "int_value": null, "text_value": null, "bool_value": null, "product_id": 42, "attr_id": 4}}, {"model": "content.feedback", "pk": 1, "fields": {"comment": "\u06cc\u062e\u0686\u0627\u0644 \u0622\u0634\u063a\u0627\u0644\u06cc\u0647", "rate": 5, "custumer_id": 6, "product_id": 1}}, {"model": "content.feedback", "pk": 2, "fields": {"comment": "\u0622\u0634\u063a\u0627\u0644\u0647", "rate": 2, "custumer_id": 6, "product_id": 1}}, {"model": "content.feedback", "pk": 3, "fields": {"comment": "\u0639\u0627\u0644\u06cc\u0647", "rate": 5, "custumer_id": 6, "product_id": 1}}, {"model": "content.feedback", "pk": 4, "fields": {"comment": "\u062d\u0631\u0641 \u0646\u062f\u0627\u0631\u0647", "rate": 4, "custumer_id": 6, "product_id": 1}}, {"model": "customer.customeraddress", "pk": 4, "fields": {"address": "\u06cc\u0627\u062e\u0686\u06cc \u0622\u0628\u0627\u062f", "customer_id": 6, "city": "\u062d\u0648\u0645\u0647 \u062a\u0647\u0631\u0627\u0646", "postalcode": 55555}}, {"model": "customer.customeraddress", "pk": 5, "fields": {"address": "\u062c\u0627\u062f\u0648\u063a \u0622\u0628\u0627\u062f", "customer_id": 6, "city": "\u06af\u0648\u0644\u0627\u062e \u062a\u067e\u0647", "postalcode": 11111}}, {"model": "customer.customeraddress", "pk": 6, "fields": {"address": "\u062a\u0647\u0631\u0627\u0646 \u062e\u06cc\u0627\u0628\u0627\u0646 \u0645\u0644\u0627\u0635\u062f\u0631\u0627", "customer_id": 31, "city": "\u062a\u0647\u0631\u0627\u0645", "postalcode": null}}, {"model": "customer.customeraddress", "pk": 7, "fields": {"address": "\u062e\u06cc\u0627\u0628\u0627\u0646 \u0631\u062c\u0627\u06cc\u06cc \u0645\u06cc\u062f\u0627\u0646 \u0628\u0647\u0634\u062a \u062e \u0627\u0628\u0631\u06cc\u0634\u0645 \u062e \u062a\u062e\u062a\u06cc \u06a9 1 \u067e 33", "customer_id": 41, "city": "\u062a\u0647\u0632\u0627\u0646", "postalcode": 1839689313}}, {"model": "Supplier.productsupplier", "pk": 1, "fields": {"supplier_id": 5, "product_id": 1, "stock": 0, "unit_price": 5000000.0}}, {"model": "Supplier.productsupplier", "pk": 3, "fields": {"supplier_id": 5, "product_id": 4, "stock": 5, "unit_price": 100.0}}, {"model": "Supplier.productsupplier", "pk": 6, "fields": {"supplier_id": 5, "product_id": 16, "stock": 2, "unit_price": 50000.0}}, {"model": "Supplier.productsupplier", "pk": 8, "fields": {"supplier_id": 5, "product_id": 14, "stock": 5, "unit_price": 5000000.0}}, {"model": "Supplier.productsupplier", "pk": 11, "fields": {"supplier_id": 5, "product_id": 19, "stock": 2, "unit_price": 730000.0}}, {"model": "Supplier.productsupplier", "pk": 12, "fields": {"supplier_id": 9, "product_id": 20, "stock": 2, "unit_price": 50000.0}}, {"model": "Supplier.productsupplier", "pk": 13, "fields": {"supplier_id": 9, "product_id": 21, "stock": 1, "unit_price": 990000.0}}, {"model": "Supplier.productsupplier", "pk": 14, "fields": {"supplier_id": 5, "product_id": 22, "stock": 2, "unit_price": 54000.0}}, {"model": "Supplier.productsupplier", "pk": 15, "fields": {"supplier_id": 5, "product_id": 23, "stock": 2, "unit_price": 73000.0}}, {"model": "Supplier.productsupplier", "pk": 16, "fields": {"supplier_id": 9, "product_id": 24, "stock": 1, "unit_price": 22000.0}}, {"model": "Supplier.productsupplier", "pk": 18, "fields": {"supplier_id": 9, "product_id": 26, "stock": 2, "unit_price": 200000.0}}, {"model": "Supplier.productsupplier", "pk": 19, "fields": {"supplier_id": 5, "product_id": 27, "stock": 2, "unit_price": 8000.0}}, {"model": "Supplier.productsupplier", "pk": 20, "fields": {"supplier_id": 9, "product_id": 28, "stock": 2, "unit_price": 100000.0}}, {"model": "Supplier.productsupplier", "pk": 21, "fields": {"supplier_id": 9, "product_id": 29, "stock": 0, "unit_price": 540000.0}}, {"model": "Supplier.productsupplier", "pk": 25, "fields": {"supplier_id": 5, "product_id": 10, "stock": 4, "unit_price": 50.0}}, {"model": "Supplier.productsupplier", "pk": 26, "fields": {"supplier_id": 5, "product_id": 38, "stock": 1, "unit_price": 27000000.0}}, {"model": "Supplier.productsupplier", "pk": 27, "fields": {"supplier_id": 9, "product_id": 39, "stock": 2, "unit_price": 30000000.0}}, {"model": "Supplier.productsupplier", "pk": 28, "fields": {"supplier_id": 30, "product_id": 40, "stock": 2, "unit_price": 90000000.0}}, {"model": "Supplier.productsupplier", "pk": 29, "fields": {"supplier_id": 5, "product_id": 41, "stock": 2, "unit_price": 60000000.0}}, {"model": "Supplier.productsupplier", "pk": 30, "fields": {"supplier_id": 5, "product_id": 33, "stock": 3, "unit_price": 90000000.0}}, {"model": "Supplier.productsupplier", "pk": 32, "fields": {"supplier_id": 9, "product_id": 35, "stock": 2, "unit_price": 70000000.0}}, {"model": "Supplier.productsupplier", "pk": 33, "fields": {"supplier_id": 5, "product_id": 37, "stock": 2, "unit_price": 60000000.0}}, {"model": "Supplier.productsupplier", "pk": 34, "fields": {"supplier_id": 30, "product_id": 36, "stock": 2, "unit_price": 100000000.0}}, {"model": "Supplier.productsupplier", "pk": 35, "fields": {"supplier_id": 35, "product_id": 32, "stock": 1, "unit_price": 1.0}}, {"model": "Supplier.productsupplier", "pk": 36, "fields": {"supplier_id": 35, "product_id": 4, "stock": 1, "unit_price": 2.0}}, {"model": "Supplier.productsupplier", "pk": 37, "fields": {"supplier_id": 5, "product_id": 41, "stock": 10, "unit_price": 8.0}}, {"model": "Supplier.productsupplier", "pk": 38, "fields": {"supplier_id": 9, "product_id": 35, "stock": 11, "unit_price": 12.0}}, {"model": "Supplier.productsupplier", "pk": 39, "fields": {"supplier_id": 5, "product_id": 37, "stock": 9, "unit_price": 8.0}}, {"model": "Supplier.productsupplier", "pk": 40, "fields": {"supplier_id": 5, "product_id": 36, "stock": 6, "unit_price": 5.0}}, {"model": "Supplier.productsupplier", "pk": 41, "fields": {"supplier_id": 9, "product_id": 39, "stock": 7, "unit_price": 6.0}}, {"model": "Supplier.productsupplier", "pk": 42, "fields": {"supplier_id": 9, "product_id": 1, "stock": 8, "unit_price": 6.0}}, {"model": "Supplier.productsupplier", "pk": 43, "fields": {"supplier_id": 5, "product_id": 2, "stock": 4, "unit_price": 4.0}}, {"model": "Supplier.productsupplier", "pk": 44, "fields": {"supplier_id": 5, "product_id": 40, "stock": 4, "unit_price": 6.0}}, {"model": "Supplier.productsupplier", "pk": 45, "fields": {"supplier_id": 9, "product_id": 3, "stock": 3, "unit_price": 3.0}}, {"model": "financial.peymentmethod", "pk": 1, "fields": {"method_title": "\u062f \u0631\u06af\u0627\u0647 \u0645\u0644\u062a"}}, {"model": "financial.peymentmethod", "pk": 2, "fields": {"method_title": "\u062f\u0631\u06af\u0627\u0647 \u067e\u0627\u0633\u0627\u0631\u06af\u0627\u062f"}}, {"model": "financial.payment", "pk": 7, "fields": {"payment_status": true, "cart_id": 3, "payment_method": 2}}, {"model": "financial.payment", "pk": 8, "fields": {"payment_status": true, "cart_id": 4, "payment_method": 1}}, {"model": "financial.payment", "pk": 9, "fields": {"payment_status": true, "cart_id": 5, "payment_method": 2}}, {"model": "financial.payment", "pk": 10, "fields": {"payment_status": true, "cart_id": 6, "payment_method": 2}}, {"model": "financial.payment", "pk": 11, "fields": {"payment_status": true, "cart_id": 7, "payment_method": 1}}, {"model": "financial.payment", "pk": 14, "fields": {"payment_status": true, "cart_id": 11, "payment_method": 1}}, {"model": "financial.payment", "pk": 15, "fields": {"payment_status": true, "cart_id": 8, "payment_method": 1}}, {"model": "financial.payment", "pk": 16, "fields": {"payment_status": true, "cart_id": 12, "payment_method": 1}}, {"model": "financial.payment", "pk": 17, "fields": {"payment_status": true, "cart_id": 13, "payment_method": 2}}, {"model": "financial.payment", "pk": 18, "fields": {"payment_status": true, "cart_id": 16, "payment_method": 1}}, {"model": "financial.payment", "pk": 20, "fields": {"payment_status": true, "cart_id": 17, "payment_method": 1}}, {"model": "cart.cart", "pk": 1, "fields": {"customer_id": 6, "delivery_id": null, "total_price": 5000100.0, "status": "f", "adresses": null}}, {"model": "cart.cart", "pk": 3, "fields": {"customer_id": 6, "delivery_id": null, "total_price": 5500000.0, "status": "f", "adresses": null}}, {"model": "cart.cart", "pk": 4, "fields": {"customer_id": 8, "delivery_id": null, "total_price": 5000000.0, "status": "f", "adresses": null}}, {"model": "cart.cart", "pk": 5, "fields": {"customer_id": 6, "delivery_id": null, "total_price": 10000300.0, "status": "f", "adresses": null}}, {"model": "cart.cart", "pk": 6, "fields": {"customer_id": 6, "delivery_id": null, "total_price": 22500.0, "status": "f", "adresses": null}}, {"model": "cart.cart", "pk": 7, "fields": {"customer_id": 6, "delivery_id": null, "total_price": 22000.0, "status": "f", "adresses": null}}, {"model": "cart.cart", "pk": 8, "fields": {"customer_id": 6, "delivery_id": null, "total_price": 16095000.0, "status": "f", "adresses": null}}, {"model": "cart.cart", "pk": 11, "fields": {"customer_id": 8, "delivery_id": null, "total_price": 5000000.0, "status": "f", "adresses": null}}, {"model": "cart.cart", "pk": 12, "fields": {"customer_id": 6, "delivery_id": null, "total_price": 5000000.0, "status": "f", "adresses": 5}}, {"model": "cart.cart", "pk": 13, "fields": {"customer_id": 6, "delivery_id": null, "total_price": 11000000.0, "status": "f", "adresses": 4}}, {"model": "cart.cart", "pk": 14, "fields": {"customer_id": 6, "delivery_id": null, "total_price": 0.0, "status": "u", "adresses": null}}, {"model": "cart.cart", "pk": 15, "fields": {"customer_id": 29, "delivery_id": null, "total_price": 0.0, "status": "u", "adresses": null}}, {"model": "cart.cart", "pk": 16, "fields": {"customer_id": 41, "delivery_id": null, "total_price": 27000000.0, "status": "f", "adresses": 7}}, {"model": "cart.cart", "pk": 17, "fields": {"customer_id": 42, "delivery_id": null, "total_price": 0.0, "status": "u", "adresses": null}}, {"model": "cart.orderitem", "pk": 1, "fields": {"cart_id": 1, "product_supplier_id": 1, "cost": 5000000.0, "number": 1}}, {"model": "cart.orderitem", "pk": 2, "fields": {"cart_id": 1, "product_supplier_id": 3, "cost": 100.0, "number": 1}}, {"model": "cart.orderitem", "pk": 4, "fields": {"cart_id": 4, "product_supplier_id": 1, "cost": 5000000.0, "number": 1}}, {"model": "cart.orderitem", "pk": 5, "fields": {"cart_id": 5, "product_supplier_id": 1, "cost": 5000000.0, "number": 2}}, {"model": "cart.orderitem", "pk": 6, "fields": {"cart_id": 5, "product_supplier_id": 3, "cost": 100.0, "number": 3}}, {"model": "cart.orderitem", "pk": 8, "fields": {"cart_id": 6, "product_supplier_id": 16, "cost": 22000.0, "number": 1}}, {"model": "cart.orderitem", "pk": 9, "fields": {"cart_id": 7, "product_supplier_id": 16, "cost": 22000.0, "number": 1}}, {"model": "cart.orderitem", "pk": 11, "fields": {"cart_id": 8, "product_supplier_id": 21, "cost": 540000.0, "number": 2}}, {"model": "cart.orderitem", "pk": 15, "fields": {"cart_id": 11, "product_supplier_id": 8, "cost": 5000000.0, "number": 1}}, {"model": "cart.orderitem", "pk": 16, "fields": {"cart_id": 8, "product_supplier_id": 1, "cost": 5000000.0, "number": 3}}, {"model": "cart.orderitem", "pk": 18, "fields": {"cart_id": 12, "product_supplier_id": 8, "cost": 5000000.0, "number": 1}}, {"model": "cart.orderitem", "pk": 21, "fields": {"cart_id": 14, "product_supplier_id": 13, "cost": 0.0, "number": 1}}, {"model": "cart.orderitem", "pk": 22, "fields": {"cart_id": 15, "product_supplier_id": 13, "cost": 0.0, "number": 1}}, {"model": "cart.orderitem", "pk": 23, "fields": {"cart_id": 15, "product_supplier_id": 8, "cost": 0.0, "number": 5}}, {"model": "cart.orderitem", "pk": 24, "fields": {"cart_id": 14, "product_supplier_id": 11, "cost": 0.0, "number": 1}}, {"model": "cart.orderitem", "pk": 26, "fields": {"cart_id": 16, "product_supplier_id": 26, "cost": 27000000.0, "number": 1}}, {"model": "cart.orderitem", "pk": 27, "fields": {"cart_id": 17, "product_supplier_id": 3, "cost": 100.0, "number": 1}}, {"model": "blog.category", "pk": 1, "fields": {"parent": null, "title": "\u0627\u062e\u0628\u0627\u0631", "slug": "news", "status": true, "position": 1}}, {"model": "blog.category", "pk": 2, "fields": {"parent": null, "title": "\u0622\u0645\u0648\u0632\u0634", "slug": "learning", "status": true, "position": 2}}, {"model": "auth.permission", "pk": 1, "fields": {"name": "Can add log entry", "content_type": 1, "codename": "add_logentry"}}, {"model": "auth.permission", "pk": 2, "fields": {"name": "Can change log entry", "content_type": 1, "codename": "change_logentry"}}, {"model": "auth.permission", "pk": 3, "fields": {"name": "Can delete log entry", "content_type": 1, "codename": "delete_logentry"}}, {"model": "auth.permission", "pk": 4, "fields": {"name": "Can view log entry", "content_type": 1, "codename": "view_logentry"}}, {"model": "auth.permission", "pk": 5, "fields": {"name": "Can add permission", "content_type": 2, "codename": "add_permission"}}, {"model": "auth.permission", "pk": 6, "fields": {"name": "Can change permission", "content_type": 2, "codename": "change_permission"}}, {"model": "auth.permission", "pk": 7, "fields": {"name": "Can delete permission", "content_type": 2, "codename": "delete_permission"}}, {"model": "auth.permission", "pk": 8, "fields": {"name": "Can view permission", "content_type": 2, "codename": "view_permission"}}, {"model": "auth.permission", "pk": 9, "fields": {"name": "Can add group", "content_type": 3, "codename": "add_group"}}, {"model": "auth.permission", "pk": 10, "fields": {"name": "Can change group", "content_type": 3, "codename": "change_group"}}, {"model": "auth.permission", "pk": 11, "fields": {"name": "Can delete group", "content_type": 3, "codename": "delete_group"}}, {"model": "auth.permission", "pk": 12, "fields": {"name": "Can view group", "content_type": 3, "codename": "view_group"}}, {"model": "auth.permission", "pk": 13, "fields": {"name": "Can add content type", "content_type": 4, "codename": "add_contenttype"}}, {"model": "auth.permission", "pk": 14, "fields": {"name": "Can change content type", "content_type": 4, "codename": "change_contenttype"}}, {"model": "auth.permission", "pk": 15, "fields": {"name": "Can delete content type", "content_type": 4, "codename": "delete_contenttype"}}, {"model": "auth.permission", "pk": 16, "fields": {"name": "Can view content type", "content_type": 4, "codename": "view_contenttype"}}, {"model": "auth.permission", "pk": 17, "fields": {"name": "Can add session", "content_type": 5, "codename": "add_session"}}, {"model": "auth.permission", "pk": 18, "fields": {"name": "Can change session", "content_type": 5, "codename": "change_session"}}, {"model": "auth.permission", "pk": 19, "fields": {"name": "Can delete session", "content_type": 5, "codename": "delete_session"}}, {"model": "auth.permission", "pk": 20, "fields": {"name": "Can view session", "content_type": 5, "codename": "view_session"}}, {"model": "auth.permission", "pk": 21, "fields": {"name": "Can add sub category", "content_type": 6, "codename": "add_subcategory"}}, {"model": "auth.permission", "pk": 22, "fields": {"name": "Can change sub category", "content_type": 6, "codename": "change_subcategory"}}, {"model": "auth.permission", "pk": 23, "fields": {"name": "Can delete sub category", "content_type": 6, "codename": "delete_subcategory"}}, {"model": "auth.permission", "pk": 24, "fields": {"name": "Can view sub category", "content_type": 6, "codename": "view_subcategory"}}, {"model": "auth.permission", "pk": 25, "fields": {"name": "Can add brand", "content_type": 7, "codename": "add_brand"}}, {"model": "auth.permission", "pk": 26, "fields": {"name": "Can change brand", "content_type": 7, "codename": "change_brand"}}, {"model": "auth.permission", "pk": 27, "fields": {"name": "Can delete brand", "content_type": 7, "codename": "delete_brand"}}, {"model": "auth.permission", "pk": 28, "fields": {"name": "Can view brand", "content_type": 7, "codename": "view_brand"}}, {"model": "auth.permission", "pk": 29, "fields": {"name": "Can add attribute", "content_type": 8, "codename": "add_attribute"}}, {"model": "auth.permission", "pk": 30, "fields": {"name": "Can change attribute", "content_type": 8, "codename": "change_attribute"}}, {"model": "auth.permission", "pk": 31, "fields": {"name": "Can delete attribute", "content_type": 8, "codename": "delete_attribute"}}, {"model": "auth.permission", "pk": 32, "fields": {"name": "Can view attribute", "content_type": 8, "codename": "view_attribute"}}, {"model": "auth.permission", "pk": 33, "fields": {"name": "Can add product", "content_type": 9, "codename": "add_product"}}, {"model": "auth.permission", "pk": 34, "fields": {"name": "Can change product", "content_type": 9, "codename": "change_product"}}, {"model": "auth.permission", "pk": 35, "fields": {"name": "Can delete product", "content_type": 9, "codename": "delete_product"}}, {"model": "auth.permission", "pk": 36, "fields": {"name": "Can view product", "content_type": 9, "codename": "view_product"}}, {"model": "auth.permission", "pk": 37, "fields": {"name": "Can add product attr", "content_type": 10, "codename": "add_productattr"}}, {"model": "auth.permission", "pk": 38, "fields": {"name": "Can change product attr", "content_type": 10, "codename": "change_productattr"}}, {"model": "auth.permission", "pk": 39, "fields": {"name": "Can delete product attr", "content_type": 10, "codename": "delete_productattr"}}, {"model": "auth.permission", "pk": 40, "fields": {"name": "Can view product attr", "content_type": 10, "codename": "view_productattr"}}, {"model": "auth.permission", "pk": 41, "fields": {"name": "Can add feedback", "content_type": 11, "codename": "add_feedback"}}, {"model": "auth.permission", "pk": 42, "fields": {"name": "Can change feedback", "content_type": 11, "codename": "change_feedback"}}, {"model": "auth.permission", "pk": 43, "fields": {"name": "Can delete feedback", "content_type": 11, "codename": "delete_feedback"}}, {"model": "auth.permission", "pk": 44, "fields": {"name": "Can view feedback", "content_type": 11, "codename": "view_feedback"}}, {"model": "auth.permission", "pk": 45, "fields": {"name": "Can add customer address", "content_type": 12, "codename": "add_customeraddress"}}, {"model": "auth.permission", "pk": 46, "fields": {"name": "Can change customer address", "content_type": 12, "codename": "change_customeraddress"}}, {"model": "auth.permission", "pk": 47, "fields": {"name": "Can delete customer address", "content_type": 12, "codename": "delete_customeraddress"}}, {"model": "auth.permission", "pk": 48, "fields": {"name": "Can view customer address", "content_type": 12, "codename": "view_customeraddress"}}, {"model": "auth.permission", "pk": 49, "fields": {"name": "Can add product supplier", "content_type": 13, "codename": "add_productsupplier"}}, {"model": "auth.permission", "pk": 50, "fields": {"name": "Can change product supplier", "content_type": 13, "codename": "change_productsupplier"}}, {"model": "auth.permission", "pk": 51, "fields": {"name": "Can delete product supplier", "content_type": 13, "codename": "delete_productsupplier"}}, {"model": "auth.permission", "pk": 52, "fields": {"name": "Can view product supplier", "content_type": 13, "codename": "view_productsupplier"}}, {"model": "auth.permission", "pk": 53, "fields": {"name": "Can add peyment method", "content_type": 14, "codename": "add_peymentmethod"}}, {"model": "auth.permission", "pk": 54, "fields": {"name": "Can change peyment method", "content_type": 14, "codename": "change_peymentmethod"}}, {"model": "auth.permission", "pk": 55, "fields": {"name": "Can delete peyment method", "content_type": 14, "codename": "delete_peymentmethod"}}, {"model": "auth.permission", "pk": 56, "fields": {"name": "Can view peyment method", "content_type": 14, "codename": "view_peymentmethod"}}, {"model": "auth.permission", "pk": 57, "fields": {"name": "Can add payment", "content_type": 15, "codename": "add_payment"}}, {"model": "auth.permission", "pk": 58, "fields": {"name": "Can change payment", "content_type": 15, "codename": "change_payment"}}, {"model": "auth.permission", "pk": 59, "fields": {"name": "Can delete payment", "content_type": 15, "codename": "delete_payment"}}, {"model": "auth.permission", "pk": 60, "fields": {"name": "Can view payment", "content_type": 15, "codename": "view_payment"}}, {"model": "auth.permission", "pk": 61, "fields": {"name": "Can add delivery", "content_type": 16, "codename": "add_delivery"}}, {"model": "auth.permission", "pk": 62, "fields": {"name": "Can change delivery", "content_type": 16, "codename": "change_delivery"}}, {"model": "auth.permission", "pk": 63, "fields": {"name": "Can delete delivery", "content_type": 16, "codename": "delete_delivery"}}, {"model": "auth.permission", "pk": 64, "fields": {"name": "Can view delivery", "content_type": 16, "codename": "view_delivery"}}, {"model": "auth.permission", "pk": 65, "fields": {"name": "Can add cart", "content_type": 17, "codename": "add_cart"}}, {"model": "auth.permission", "pk": 66, "fields": {"name": "Can change cart", "content_type": 17, "codename": "change_cart"}}, {"model": "auth.permission", "pk": 67, "fields": {"name": "Can delete cart", "content_type": 17, "codename": "delete_cart"}}, {"model": "auth.permission", "pk": 68, "fields": {"name": "Can view cart", "content_type": 17, "codename": "view_cart"}}, {"model": "auth.permission", "pk": 69, "fields": {"name": "Can add order item", "content_type": 18, "codename": "add_orderitem"}}, {"model": "auth.permission", "pk": 70, "fields": {"name": "Can change order item", "content_type": 18, "codename": "change_orderitem"}}, {"model": "auth.permission", "pk": 71, "fields": {"name": "Can delete order item", "content_type": 18, "codename": "delete_orderitem"}}, {"model": "auth.permission", "pk": 72, "fields": {"name": "Can view order item", "content_type": 18, "codename": "view_orderitem"}}, {"model": "auth.permission", "pk": 73, "fields": {"name": "Can add user", "content_type": 19, "codename": "add_user"}}, {"model": "auth.permission", "pk": 74, "fields": {"name": "Can change user", "content_type": 19, "codename": "change_user"}}, {"model": "auth.permission", "pk": 75, "fields": {"name": "Can delete user", "content_type": 19, "codename": "delete_user"}}, {"model": "auth.permission", "pk": 76, "fields": {"name": "Can view user", "content_type": 19, "codename": "view_user"}}, {"model": "auth.permission", "pk": 77, "fields": {"name": "Can add customer", "content_type": 20, "codename": "add_customer"}}, {"model": "auth.permission", "pk": 78, "fields": {"name": "Can change customer", "content_type": 20, "codename": "change_customer"}}, {"model": "auth.permission", "pk": 79, "fields": {"name": "Can delete customer", "content_type": 20, "codename": "delete_customer"}}, {"model": "auth.permission", "pk": 80, "fields": {"name": "Can view customer", "content_type": 20, "codename": "view_customer"}}, {"model": "auth.permission", "pk": 81, "fields": {"name": "Can add supplier", "content_type": 21, "codename": "add_supplier"}}, {"model": "auth.permission", "pk": 82, "fields": {"name": "Can change supplier", "content_type": 21, "codename": "change_supplier"}}, {"model": "auth.permission", "pk": 83, "fields": {"name": "Can delete supplier", "content_type": 21, "codename": "delete_supplier"}}, {"model": "auth.permission", "pk": 84, "fields": {"name": "Can view supplier", "content_type": 21, "codename": "view_supplier"}}, {"model": "auth.permission", "pk": 85, "fields": {"name": "Can add \u062f\u0633\u062a\u0647\u200c\u0628\u0646\u062f\u06cc", "content_type": 22, "codename": "add_category"}}, {"model": "auth.permission", "pk": 86, "fields": {"name": "Can change \u062f\u0633\u062a\u0647\u200c\u0628\u0646\u062f\u06cc", "content_type": 22, "codename": "change_category"}}, {"model": "auth.permission", "pk": 87, "fields": {"name": "Can delete \u062f\u0633\u062a\u0647\u200c\u0628\u0646\u062f\u06cc", "content_type": 22, "codename": "delete_category"}}, {"model": "auth.permission", "pk": 88, "fields": {"name": "Can view \u062f\u0633\u062a\u0647\u200c\u0628\u0646\u062f\u06cc", "content_type": 22, "codename": "view_category"}}, {"model": "auth.permission", "pk": 89, "fields": {"name": "Can add \u0645\u0642\u0627\u0644\u0647", "content_type": 23, "codename": "add_article"}}, {"model": "auth.permission", "pk": 90, "fields": {"name": "Can change \u0645\u0642\u0627\u0644\u0647", "content_type": 23, "codename": "change_article"}}, {"model": "auth.permission", "pk": 91, "fields": {"name": "Can delete \u0645\u0642\u0627\u0644\u0647", "content_type": 23, "codename": "delete_article"}}, {"model": "auth.permission", "pk": 92, "fields": {"name": "Can view \u0645\u0642\u0627\u0644\u0647", "content_type": 23, "codename": "view_article"}}, {"model": "auth.permission", "pk": 93, "fields": {"name": "Can add comment", "content_type": 24, "codename": "add_comment"}}, {"model": "auth.permission", "pk": 94, "fields": {"name": "Can change comment", "content_type": 24, "codename": "change_comment"}}, {"model": "auth.permission", "pk": 95, "fields": {"name": "Can delete comment", "content_type": 24, "codename": "delete_comment"}}, {"model": "auth.permission", "pk": 96, "fields": {"name": "Can view comment", "content_type": 24, "codename": "view_comment"}}, {"model": "auth.permission", "pk": 97, "fields": {"name": "Can add reaction", "content_type": 25, "codename": "add_reaction"}}, {"model": "auth.permission", "pk": 98, "fields": {"name": "Can change reaction", "content_type": 25, "codename": "change_reaction"}}, {"model": "auth.permission", "pk": 99, "fields": {"name": "Can delete reaction", "content_type": 25, "codename": "delete_reaction"}}, {"model": "auth.permission", "pk": 100, "fields": {"name": "Can view reaction", "content_type": 25, "codename": "view_reaction"}}, {"model": "auth.permission", "pk": 101, "fields": {"name": "Can add reaction instance", "content_type": 26, "codename": "add_reactioninstance"}}, {"model": "auth.permission", "pk": 102, "fields": {"name": "Can change reaction instance", "content_type": 26, "codename": "change_reactioninstance"}}, {"model": "auth.permission", "pk": 103, "fields": {"name": "Can delete reaction instance", "content_type": 26, "codename": "delete_reactioninstance"}}, {"model": "auth.permission", "pk": 104, "fields": {"name": "Can view reaction instance", "content_type": 26, "codename": "view_reactioninstance"}}, {"model": "auth.permission", "pk": 105, "fields": {"name": "Can add flag", "content_type": 27, "codename": "add_flag"}}, {"model": "auth.permission", "pk": 106, "fields": {"name": "Can change flag", "content_type": 27, "codename": "change_flag"}}, {"model": "auth.permission", "pk": 107, "fields": {"name": "Can delete flag", "content_type": 27, "codename": "delete_flag"}}, {"model": "auth.permission", "pk": 108, "fields": {"name": "Can view flag", "content_type": 27, "codename": "view_flag"}}, {"model": "auth.permission", "pk": 109, "fields": {"name": "Can add flag instance", "content_type": 28, "codename": "add_flaginstance"}}, {"model": "auth.permission", "pk": 110, "fields": {"name": "Can change flag instance", "content_type": 28, "codename": "change_flaginstance"}}, {"model": "auth.permission", "pk": 111, "fields": {"name": "Can delete flag instance", "content_type": 28, "codename": "delete_flaginstance"}}, {"model": "auth.permission", "pk": 112, "fields": {"name": "Can view flag instance", "content_type": 28, "codename": "view_flaginstance"}}, {"model": "auth.permission", "pk": 113, "fields": {"name": "Can delete flagged comment", "content_type": 24, "codename": "delete_flagged_comment"}}, {"model": "auth.group", "pk": 1, "fields": {"name": "comment_admin", "permissions": [95, 113]}}, {"model": "auth.group", "pk": 2, "fields": {"name": "comment_moderator", "permissions": [113]}}, {"model": "accounts.user", "pk": 1, "fields": {"password": "pbkdf2_sha256$180000$H6yEbY2SZPA2$8tFst+0wY4UgSNN6qkk0wgB4EEMWuxEjVKAsvzsIr1w=", "last_login": "2020-09-02T20:32:46.602Z", "is_superuser": true, "username": "admin", "is_staff": true, "is_active": true, "date_joined": "2020-08-23T08:36:01Z", "is_customer": false, "is_supplier": false, "first_name": "admin", "last_name": "bozorgh", "email": "aim@gmail.com", "groups": [], "user_permissions": []}}, {"model": "accounts.user", "pk": 4, "fields": {"password": "4321", "last_login": null, "is_superuser": false, "username": "kharidar", "is_staff": false, "is_active": true, "date_joined": "2020-08-28T19:23:09Z", "is_customer": true, "is_supplier": false, "first_name": "\u062e\u0631\u06cc\u062f\u0627\u0631", "last_name": "\u0639\u0632\u06cc\u0632", "email": "hq@gmail.com", "groups": [], "user_permissions": []}}, {"model": "accounts.user", "pk": 5, "fields": {"password": "4321", "last_login": null, "is_superuser": false, "username": "foroushandeh", "is_staff": false, "is_active": true, "date_joined": "2020-08-28T19:26:55Z", "is_customer": false, "is_supplier": true, "first_name": "\u0641\u0631\u0648\u0634\u0646\u062f\u0647", "last_name": "\u0627\u0639\u0638\u0645", "email": "hwwwq@gmail.com", "groups": [], "user_permissions": []}}, {"model": "accounts.user", "pk": 6, "fields": {"password": "pbkdf2_sha256$180000$YldMvkbcIo0Q$UypjTY1e72oJjFacSXmC/S2dWkEtVpDM2tmhp9o4XKo=", "last_login": "2020-09-02T12:26:43.721Z", "is_superuser": false, "username": "kharidar1", "is_staff": false, "is_active": true, "date_joined": "2020-08-28T20:04:12Z", "is_customer": true, "is_supplier": false, "first_name": "\u062e\u0631\u06cc\u062f\u0627\u0631", "last_name": "\u0639\u0632\u06cc\u0632", "email": "youddddddr@email.com", "groups": [], "user_permissions": []}}, {"model": "accounts.user", "pk": 8, "fields": {"password": "pbkdf2_sha256$180000$zrDiQ6OJ6Fny$sA497DnnQKuwKGRHdSzAqNChMVISJxHI6g+ZliXZG9k=", "last_login": "2020-09-01T06:35:47Z", "is_superuser": true, "username": "mamad", "is_staff": true, "is_active": true, "date_joined": "2020-08-29T08:10:37Z", "is_customer": false, "is_supplier": false, "first_name": "mamad", "last_name": "donyavi", "email": "mamad@gmail.com", "groups": [], "user_permissions": []}}, {"model": "accounts.user", "pk": 9, "fields": {"password": "pbkdf2_sha256$180000$Oc8z67onDbAE$61IMgP9Esmezukv/I/fCd/divuBKXYL5fNHhzi2Fn34=", "last_login": "2020-08-29T12:01:04Z", "is_superuser": false, "username": "foroush", "is_staff": true, "is_active": true, "date_joined": "2020-08-29T12:01:00Z", "is_customer": false, "is_supplier": true, "first_name": "\u0641\u0631\u0648\u0634\u0646\u062f\u0647", "last_name": "\u0644\u0639\u0646\u062a\u06cc", "email": "your@email.com", "groups": [], "user_permissions": []}}, {"model": "accounts.user", "pk": 29, "fields": {"password": "pbkdf2_sha256$180000$OGKVnV3vNE6v$em5NqlaOtTGJlOJVXO5/EyRxF30WMvUFgv6DVYPogSw=", "last_login": "2020-09-02T11:46:16.773Z", "is_superuser": false, "username": "maryam12", "is_staff": false, "is_active": true, "date_joined": "2020-09-02T11:46:13.419Z", "is_customer": true, "is_supplier": false, "first_name": "\u0645\u0631\u06cc\u0645", "last_name": "\u062e\u0627\u0644\u0642\u06cc", "email": "khakeghi@yahoo.com", "groups": [], "user_permissions": []}}, {"model": "accounts.user", "pk": 30, "fields": {"password": "pbkdf2_sha256$180000$JIDGlOpECIzs$dUqYMQrQC9Pi9OTFm0qThQSgc3KkV9iyxRAlZlwS23I=", "last_login": "2020-09-02T11:58:00.909Z", "is_superuser": false, "username": "azadmin", "is_staff": true, "is_active": true, "date_joined": "2020-09-02T11:57:56.127Z", "is_customer": false, "is_supplier": true, "first_name": "s", "last_name": "s", "email": "arminazimi@gmail.com", "groups": [], "user_permissions": []}}, {"model": "accounts.user", "pk": 31, "fields": {"password": "pbkdf2_sha256$180000$ueK8dAsfGcKI$9O788fingjkw5u9RFfXvYNWRGJtfPDg6qWwMN4gbJXE=", "last_login": "2020-09-02T12:05:42.534Z", "is_superuser": false, "username": "dmin2", "is_staff": false, "is_active": true, "date_joined": "2020-09-02T12:04:42.617Z", "is_customer": true, "is_supplier": false, "first_name": "armin", "last_name": "azimi", "email": "arminazimi4030@gmail.com", "groups": [], "user_permissions": []}}, {"model": "accounts.user", "pk": 32, "fields": {"password": "pbkdf2_sha256$180000$ZB7aOXUxsOAc$ijPTPR2IO7pDfkfim8Z2nDQkWDJ6IHocjbkWAaN9II4=", "last_login": "2020-09-02T12:30:29.004Z", "is_superuser": false, "username": "gh", "is_staff": true, "is_active": true, "date_joined": "2020-09-02T12:26:16.204Z", "is_customer": false, "is_supplier": true, "first_name": "h", "last_name": "h", "email": "82e4edb255@mozej.com", "groups": [], "user_permissions": []}}, {"model": "accounts.user", "pk": 34, "fields": {"password": "pbkdf2_sha256$180000$drNEhmc6qZWi$k+CYdjB8Tni/F8gecL5ha1ksvYadaAJHL3l91NgYXUY=", "last_login": "2020-09-02T13:53:36.884Z", "is_superuser": false, "username": "admin33", "is_staff": true, "is_active": true, "date_joined": "2020-09-02T12:32:14.443Z", "is_customer": false, "is_supplier": true, "first_name": "a", "last_name": "a", "email": "e6fa59417f@mozej.com", "groups": [], "user_permissions": []}}, {"model": "accounts.user", "pk": 35, "fields": {"password": "pbkdf2_sha256$180000$IhtdwZyMzlNW$B3ALvW6KYW3K18tB7BABEVJsK0Gbsz2KJt0EVz/Pzk0=", "last_login": "2020-09-02T15:35:26.989Z", "is_superuser": false, "username": "qwwe", "is_staff": true, "is_active": true, "date_joined": "2020-09-02T15:34:37.189Z", "is_customer": false, "is_supplier": true, "first_name": "armin", "last_name": "azimi", "email": "ce84821488@mozej.com", "groups": [], "user_permissions": []}}, {"model": "accounts.user", "pk": 36, "fields": {"password": "pbkdf2_sha256$180000$CX1Q2WSFzAdl$stTJyTw0CBULLOtHENf+iiurvVoB9s6poIRpzJj+1fU=", "last_login": "2020-09-02T19:14:14.570Z", "is_superuser": false, "username": "soheil", "is_staff": false, "is_active": true, "date_joined": "2020-09-02T17:28:49.813Z", "is_customer": true, "is_supplier": false, "first_name": "\u0633\u0647\u06cc\u0644", "last_name": "\u0633\u0627\u0639\u062f\u06cc", "email": "k.najafi.mn@gmail.com", "groups": [], "user_permissions": []}}, {"model": "accounts.user", "pk": 37, "fields": {"password": "pbkdf2_sha256$180000$WDe4Ghr9ZERS$dbsF8c3zivgpbcA6+qDyzubZ0grCog19K8O21TR2LDw=", "last_login": "2020-09-02T13:53:11.019Z", "is_superuser": false, "username": "sd", "is_staff": false, "is_active": true, "date_joined": "2020-09-02T13:51:46.312Z", "is_customer": true, "is_supplier": false, "first_name": "ali", "last_name": "Azimi", "email": "02ba66bc62@mozej.com", "groups": [], "user_permissions": []}}, {"model": "accounts.user", "pk": 40, "fields": {"password": "pbkdf2_sha256$180000$A6y5RDKgkau8$/n09W8SihAbQ5yK/xpWnl3HlhEoPR112t+PYPKwmbiA=", "last_login": "2020-09-02T13:56:43.121Z", "is_superuser": false, "username": "dffggv", "is_staff": true, "is_active": true, "date_joined": "2020-09-02T13:55:55.394Z", "is_customer": false, "is_supplier": true, "first_name": "dd", "last_name": "dd", "email": "723db389e7@mozej.com", "groups": [], "user_permissions": []}}, {"model": "accounts.user", "pk": 41, "fields": {"password": "pbkdf2_sha256$180000$na7wtu6kkf2q$BjaB+m1ol17BEK8kZQg9+1l/B4ebkyzrq5+fSjN6TD8=", "last_login": "2020-09-02T15:08:58.229Z", "is_superuser": false, "username": "ghgh", "is_staff": false, "is_active": true, "date_joined": "2020-09-02T14:00:08.233Z", "is_customer": true, "is_supplier": false, "first_name": "x", "last_name": "x", "email": "eb30c7b341@mozej.com", "groups": [], "user_permissions": []}}, {"model": "accounts.user", "pk": 42, "fields": {"password": "pbkdf2_sha256$180000$fjmgAE4fkqec$ETphSUFc6AhR1O+f4e+A5uHD1Lp/IUYtOewjlJRd6vY=", "last_login": "2020-09-02T14:52:33.925Z", "is_superuser": false, "username": "wwss", "is_staff": false, "is_active": true, "date_joined": "2020-09-02T14:52:03.582Z", "is_customer": true, "is_supplier": false, "first_name": "ss", "last_name": "ss", "email": "b335504155@mozej.com", "groups": [], "user_permissions": []}}, {"model": "accounts.customer", "pk": 4, "fields": {"phone_number": "4321", "gender": "M", "city": "tehran"}}, {"model": "accounts.customer", "pk": 6, "fields": {"phone_number": "4321", "gender": "", "city": ""}}, {"model": "accounts.customer", "pk": 8, "fields": {"phone_number": "09372049946", "gender": "M", "city": "tehran"}}, {"model": "accounts.customer", "pk": 29, "fields": {"phone_number": "09192211445", "gender": "", "city": ""}}, {"model": "accounts.customer", "pk": 31, "fields": {"phone_number": "09128582848", "gender": "", "city": ""}}, {"model": "accounts.customer", "pk": 36, "fields": {"phone_number": "3241", "gender": "", "city": ""}}, {"model": "accounts.customer", "pk": 37, "fields": {"phone_number": "x", "gender": "", "city": ""}}, {"model": "accounts.customer", "pk": 41, "fields": {"phone_number": "x", "gender": "", "city": ""}}, {"model": "accounts.customer", "pk": 42, "fields": {"phone_number": "ss", "gender": "", "city": ""}}, {"model": "accounts.supplier", "pk": 5, "fields": {"phone_number": "4321", "company_name": "\u06af\u0648\u0644\u0627\u062e \u0628\u0627\u0632\u0627\u0631", "address": "\u0645\u0631\u06a9\u0632 \u062e\u0631\u06cc\u062f \u067e\u0627\u06cc\u062a\u062e\u062a", "city": "tehran"}}, {"model": "accounts.supplier", "pk": 9, "fields": {"phone_number": "1234", "company_name": "\u06a9\u0641 \u0628\u0627\u0632\u0627\u0631", "address": "", "city": ""}}, {"model": "accounts.supplier", "pk": 30, "fields": {"phone_number": "s", "company_name": "s", "address": "", "city": ""}}, {"model": "accounts.supplier", "pk": 32, "fields": {"phone_number": "h", "company_name": "h", "address": "", "city": ""}}, {"model": "accounts.supplier", "pk": 34, "fields": {"phone_number": "a", "company_name": "a", "address": "", "city": ""}}, {"model": "accounts.supplier", "pk": 35, "fields": {"phone_number": "09128582848", "company_name": "asus", "address": "", "city": ""}}, {"model": "accounts.supplier", "pk": 40, "fields": {"phone_number": "dd", "company_name": "ddd", "address": "", "city": ""}}, {"model": "blog.article", "pk": 2, "fields": {"author": 1, "title": "\u0647\u06a9 \u06af\u0648\u06af\u0644 \u0645\u067e \u0628\u0627 \u06f9\u06f9 \u06af\u0648\u0634\u06cc \u062a\u0648\u06cc \u06cc\u0647 \u06af\u0627\u0631\u06cc \u062f\u0633\u062a\u06cc\u061b \u062a\u0631\u0627\u0641\u06cc\u06a9 \u0631\u0648 \u0628\u0627 \u062e\u0648\u062f\u062a\u0648\u0646 \u0627\u06cc\u0646\u0637\u0631\u0641 \u0648 \u0627\u0648\u0646\u0637\u0631\u0641 \u0628\u06a9\u0634\u06cc\u0646", "slug": "google-map-hack", "description": "<p style=\"border: 0px; font-family: DroidArabicNaskhRegular, sans-serif; font-size: 16px; margin-right: 0px; margin-bottom: 24px; margin-left: 0px; outline: 0px; padding: 0px; vertical-align: baseline; color: rgb(43, 43, 43); text-align: start;\">\u0633\u06cc\u0645\u0648\u0646 \u0648\u06a9\u0631\u062a\u060c\u060c \u06f9\u06f9 \u062a\u0627 \u06af\u0648\u0634\u06cc \u062f\u0633\u062a \u062f\u0648\u0645 \u062e\u0631\u06cc\u062f\u0647 \u0648 \u0628\u0639\u062f \u0627\u0632 \u0628\u0627\u0632 \u06a9\u0631\u062f\u0646 \u06af\u0648\u06af\u0644 \u0645\u067e\u0632\u060c \u0627\u0648\u0646\u0647\u0627 \u0631\u0648 \u062a\u0648\u06cc \u06cc\u0647 \u06af\u0627\u0631\u06cc \u062f\u0633\u062a\u06cc \u06a9\u0648\u0686\u06cc\u06a9 \u06af\u0630\u0627\u0634\u062a\u0647 \u0648 \u062e\u06cc\u0644\u06cc \u0622\u0631\u0648\u0645 \u0627\u0632 \u06cc\u0647 \u062e\u06cc\u0627\u0628\u0648\u0646 \u0631\u062f \u0634\u062f\u0647. \u0646\u062a\u06cc\u062c\u0647\u061f \u06af\u0648\u06af\u0644 \u0641\u06a9\u0631 \u06a9\u0631\u062f\u0647 \u0627\u0648\u0646 \u062e\u06cc\u0627\u0628\u0648\u0646 \u062f\u0631\u06af\u06cc\u0631 \u06cc\u0647 \u062a\u0631\u0627\u0641\u06cc\u06a9 \u062e\u06cc\u0644\u06cc \u0633\u0646\u06af\u06cc\u0646 \u0627\u0633\u062a \u06a9\u0647 \u06f9\u06f9 \u0646\u0641\u0631 \u0627\u06cc\u0646\u0642\u062f\u0631 \u0622\u0631\u0648\u0645 \u062f\u0627\u0631\u0646 \u0627\u0632 \u0648\u0633\u0637\u0634 \u0631\u062f \u0645\u06cc \u0634\u0646 \u0648 \u0627\u0648\u0646\u062c\u0627 \u0631\u0648 \u062a\u0648\u06cc \u0646\u0642\u0634\u0647\u200c\u0627\u0634 \u0642\u0631\u0645\u0632 \u06a9\u0631\u062f\u0647 \u0648 \u0645\u0627\u0634\u06cc\u0646\u200c\u0647\u0627 \u0631\u0648 \u0627\u0632 \u0645\u0633\u06cc\u0631\u0647\u0627\u06cc \u062f\u06cc\u06af\u0647 \u0647\u062f\u0627\u06cc\u062a \u06a9\u0631\u062f\u0647.</p><p style=\"border: 0px; font-family: DroidArabicNaskhRegular, sans-serif; font-size: 16px; margin-right: 0px; margin-bottom: 24px; margin-left: 0px; outline: 0px; padding: 0px; vertical-align: baseline; color: rgb(43, 43, 43); text-align: start;\">\u0622\u06cc\u0627 \u0627\u06cc\u0646 \u06a9\u0627\u0631 \u0647\u06a9 \u0627\u0633\u062a\u061f \u0628\u0644\u0647. \u0647\u06a9 \u062a\u0648 \u0645\u0639\u0646\u06cc \u0648\u0627\u0642\u0639\u06cc\u200c\u0627\u0634 \u06cc\u0639\u0646\u06cc \u0628\u0631\u062e\u0648\u0631\u062f \u0647\u0648\u0634\u0645\u0646\u062f\u0627\u0646\u0647 \u0648 \u063a\u06cc\u0631\u0645\u0631\u0633\u0648\u0645 \u0628\u0627 \u0627\u0628\u0632\u0627\u0631. \u0634\u0627\u06cc\u062f\u0645 \u0631\u0633\u06cc\u062f\u0646 \u0628\u0647 \u0646\u062a\u06cc\u062c\u0647 \u0627\u06cc \u06a9\u0647 \u0637\u0631\u0627\u062d \u0627\u0628\u0632\u0627\u0631\u060c \u0627\u0646\u062a\u0638\u0627\u0631\u0634 \u0631\u0648 \u0646\u062f\u0627\u0634\u062a\u0647. \u06af\u0648\u06af\u0644 \u0645\u067e\u0632 \u0647\u0645 \u0628\u0647 \u0639\u0646\u0648\u0627\u0646 \u06cc\u06a9 \u0646\u0642\u0634\u0647 \u0648\u06cc\u0631\u0686\u0648\u0627\u0644\u060c \u0686\u06cc\u0632\u0647\u0627\u06cc \u0632\u06cc\u0627\u062f\u06cc \u0631\u0648 \u0628\u0647 \u062c\u0627\u0645\u0639\u0647 \u0627\u0636\u0627\u0641\u0647 \u06a9\u0631\u062f. \u0648\u0642\u062a\u06cc \u0645\u0627 \u06f2\u06f0 \u0633\u0627\u0644 \u0642\u0628\u0644 \u0642\u0631\u0627\u0631 \u0628\u0648\u062f \u0645\u062b\u0644\u0627 \u0628\u0631\u06cc\u0645 \u0634\u0647\u0631\u06a9 \u063a\u0631\u0628 \u062e\u06cc\u0627\u0628\u0627\u0646 \u0641\u0644\u0627\u0646\u060c \u0628\u0627\u06cc\u062f \u0627\u0632 \u0642\u0628\u0644 \u0622\u0645\u0627\u062f\u0647 \u0645\u06cc \u06a9\u0631\u062f\u06cc\u0645 \u06a9\u0647 \u0627\u0632 \u0686\u0647 \u0645\u0633\u06cc\u0631\u06cc \u0628\u0627\u06cc\u062f \u0631\u0641\u062a \u0648 \u0686\u06cc\u06a9\u0627\u0631 \u0628\u0627\u06cc\u062f \u06a9\u0631\u062f \u0648 \u0628\u0627\u06cc\u062f \u0628\u0627\u0631\u0647\u0627 \u0645\u06cc \u0627\u06cc\u0633\u062a\u0627\u062f\u06cc\u0645 \u0648 \u0627\u0632 \u0645\u0631\u062f\u0645 \u0645\u062d\u0644\u06cc\u200c\u062a\u0631 \u0645\u06cc \u067e\u0631\u0633\u06cc\u062f\u06cc\u0645 \u0641\u0644\u0627\u0646 \u062e\u06cc\u0627\u0628\u0627\u0646 \u06a9\u062c\u0627\u0633\u062a. \u0627\u0645\u0627 \u0627\u0644\u0627\u0646 \u0627\u06cc\u0646 \u0634\u06cc\u0648\u0647 \u06a9\u0627\u0645\u0644\u0627 \u0628\u0627 \u0646\u0642\u0634\u0647\u200c\u0647\u0627\u06cc \u0648\u06cc\u0631\u0686\u0648\u0627\u0644 \u062c\u0627\u06cc\u06af\u0632\u06cc\u0646 \u0634\u062f\u0646. \u0627\u0632 \u0627\u0648\u0646\u0637\u0631\u0641 \u0686\u06cc\u0632\u0647\u0627\u06cc \u062c\u062f\u06cc\u062f\u06cc \u0628\u0627 \u0646\u0642\u0634\u0647\u200c \u06af\u0648\u06af\u0644 \u0645\u0645\u06a9\u0646 \u0634\u062f. \u0645\u062b\u0644\u0627 \u0627\u06af\u0631 \u0634\u0645\u0627 \u06cc\u0647 \u06a9\u0644\u0628\u0647 \u062f\u0648\u0631 \u0627\u0641\u062a\u0627\u062f\u0647 \u062f\u0631 \u06cc\u0647 \u062c\u0627\u06cc \u062c\u0630\u0627\u0628 \u062f\u0627\u0634\u062a\u0647 \u0645\u06cc\u200c\u062f\u0627\u0634\u062a\u06cc\u0646\u060c \u063a\u06cc\u0631\u0645\u0645\u06a9\u0646 \u0628\u0648\u062f \u06f3\u06f0 \u0633\u0627\u0644 \u0642\u0628\u0644 \u0628\u062a\u0648\u0646\u06cc\u0646 \u0628\u0627\u0647\u0627\u0634 \u0628\u06cc\u0632\u0646\u0633 \u062e\u0648\u0628\u06cc \u0631\u0627\u0647 \u0628\u0646\u062f\u0627\u0632\u06cc\u0646 \u0648\u0644\u06cc \u0627\u0644\u0627\u0646 \u0639\u0645\u0644\u0627 \u00ab\u067e\u0631\u062a \u0628\u0648\u062f\u0646 \u0644\u0648\u06a9\u06cc\u0634\u0646\u00bb \u062f\u0631 \u0645\u0642\u0627\u06cc\u0633\u0647\u200c \u0628\u0627 \u0686\u06cc\u0632\u0647\u0627\u06cc\u06cc \u06a9\u0647 \u0645\u0631\u062f\u0645 \u062f\u0646\u0628\u0627\u0644\u0634 \u0647\u0633\u062a\u0646\u060c \u0627\u0647\u0645\u06cc\u062a\u0634 \u0631\u0648 \u06a9\u0627\u0645\u0644\u0627 \u0627\u0632 \u062f\u0633\u062a \u062f\u0627\u062f\u0647.</p><p style=\"border: 0px; font-family: DroidArabicNaskhRegular, sans-serif; font-size: 16px; margin-right: 0px; margin-bottom: 24px; margin-left: 0px; outline: 0px; padding: 0px; vertical-align: baseline; color: rgb(43, 43, 43); text-align: start;\">\u0627\u0645\u0627 \u062f\u06cc\u062a\u0627\u06cc \u0627\u06cc\u0646 \u0646\u0642\u0634\u0647\u200c\u0647\u0627\u06cc \u0648\u06cc\u0631\u0686\u0648\u0627\u0644 \u0627\u0632 \u06a9\u062c\u0627 \u0645\u06cc\u0627\u062f\u061f \u0627\u0632 \u062e\u0648\u062f \u0645\u0627 \u0648 \u0633\u06cc\u0645\u0648\u0646 \u06a9\u0631\u062a \u0646\u0634\u0648\u0646 \u062f\u0627\u062f\u0647 \u06a9\u0647 \u0628\u0627 \u06cc\u0647 \u0627\u06cc\u062f\u0647 \u0633\u0627\u062f\u0647\u060c \u0645\u06cc \u0634\u0647 \u062a\u0627\u062b\u06cc\u0631\u06cc \u0628\u0647 \u0686\u0647 \u0628\u0632\u0631\u06af\u06cc \u062f\u0631 \u062c\u0647\u0627\u0646\u06cc \u06af\u0630\u0627\u0634\u062a \u06a9\u0647 \u0645\u0631\u062f\u0645\u0634 \u0628\u06cc\u0634\u062a\u0631 \u0648 \u0628\u06cc\u0634\u062a\u0631 \u0628\u0647 \u0627\u0644\u06af\u0648\u0631\u06cc\u062a\u0645\u200c\u0647\u0627 \u062a\u06a9\u06cc\u0647 \u0645\u06cc \u06a9\u0646\u0646. \u0627\u0644\u06af\u0648\u0631\u06cc\u062a\u0645\u200c\u0647\u0627\u06cc\u06cc \u06a9\u0647 \u062f\u0631 \u0639\u06cc\u0646 \u0647\u0648\u0634\u0645\u0646\u062f \u0628\u0648\u062f\u0646\u060c \u0647\u0646\u0648\u0632 \u0628\u0627 \u0628\u0639\u0636\u06cc \u0645\u0641\u0627\u0647\u06cc\u0645 \u0645\u0627 \u062e\u06cc\u0644\u06cc \u062e\u0646\u06af\u0646 \u0648 \u06a9\u0627\u0641\u06cc\u0647 \u06cc\u0647 \u06af\u0627\u0631\u06cc \u0628\u0627 \u06f9\u06f9 \u062a\u0627 \u06af\u0648\u0634\u06cc \u067e\u0634\u062a \u062e\u0648\u062f\u062a\u0648\u0646 \u0628\u06a9\u0634\u06cc\u0646 \u062a\u0627 \u0647\u0631 \u062c\u0627\u06cc\u06cc \u06a9\u0647 \u0634\u0645\u0627 \u0645\u06cc \u0631\u06cc\u0646 \u06a9\u0627\u0645\u0644\u0627 \u0628\u062f\u0648\u0646 \u0645\u0627\u0634\u06cc\u0646 \u0628\u0634\u0647 (: \u0686\u0648\u0646 \u06af\u0648\u06af\u0644 \u0628\u0647 \u0645\u0627\u0634\u06cc\u0646 \u0647\u0627 \u0645\u06cc \u06af\u0647 \u00ab\u0627\u0648\u0646\u062c\u0627 \u0646\u0631\u06cc\u0646 \u062e\u06cc\u0644\u06cc \u0634\u0644\u0648\u063a\u0647!\u00bb</p>", "image": "blog/images/4.jpeg", "publish": "2020-09-01T19:00:43Z", "created": "2020-09-01T19:03:00.492Z", "updated": "2020-09-01T19:41:30.847Z", "status": "p", "category": [1]}}, {"model": "blog.article", "pk": 3, "fields": {"author": null, "title": "\u0647\u0648\u0634 \u0645\u0635\u0646\u0648\u0639\u06cc \u0645\u0627\u06cc\u06a9\u0631\u0648\u0633\u0627\u0641\u062a \u06a9\u0647 \u0628\u0627 \u062f\u0642\u062a \u06f9\u06f7\u066a \u0628\u0627\u06af\u200c\u0647\u0627\u06cc \u0627\u0645\u0646\u06cc\u062a\u06cc \u0631\u0648 \u062a\u0634\u062e\u06cc\u0635 \u0645\u06cc \u062f\u0647", "slug": "bug-finding", "description": "<p style=\"border: 0px; font-family: DroidArabicNaskhRegular, sans-serif; font-size: 16px; margin-right: 0px; margin-bottom: 24px; margin-left: 0px; outline: 0px; padding: 0px; vertical-align: baseline; color: rgb(43, 43, 43); text-align: start;\">\u0645\u0627\u06cc\u06a9\u0631\u0648\u0633\u0627\u0641\u062a&nbsp;<a href=\"https://www.microsoft.com/security/blog/2020/04/16/secure-software-development-lifecycle-machine-learning/\" style=\"border: 0px; font-family: inherit; font-style: inherit; font-weight: inherit; margin: 0px; outline: 0px; padding: 0px; vertical-align: baseline; color: rgb(36, 137, 13); text-decoration-line: underline;\">\u0645\u062f\u0639\u06cc \u0634\u062f\u0647 \u06a9\u0647</a>&nbsp;\u0633\u06cc\u0633\u062a\u0645\u06cc \u0631\u0648 \u062a\u0648\u0633\u0639\u0647 \u062f\u0627\u062f\u0647 \u06a9\u0647 \u0645\u06cc\u200c\u062a\u0648\u0646\u0647 \u06cc\u06a9 \u0628\u0627\u06af \u0627\u0645\u0646\u06cc\u062a\u06cc \u0631\u0648 \u0627\u0632 \u06cc\u06a9 \u0628\u0627\u06af \u063a\u06cc\u0631\u0627\u0645\u0646\u06cc\u062a\u06cc \u062a\u0634\u062e\u06cc\u0635 \u0628\u062f\u0647\u060c \u0627\u0648\u0646\u0645 \u0628\u0627 \u062f\u0642\u062a \u06f9\u06f9\u066a\u060c \u0647\u0645\u0686\u0646\u06cc\u0646 \u0627\u06cc\u0646 \u0633\u06cc\u0633\u062a\u0645 \u0645\u06cc\u200c\u062a\u0648\u0646\u0647 \u062f\u0631 \u06f9\u06f7\u066a \u0645\u0648\u0627\u0642\u0639\u060c \u0628\u062d\u0631\u0627\u0646\u06cc \u0628\u0648\u062f\u0646 \u06cc\u06a9 \u0628\u0627\u06af \u0631\u0648 \u0647\u0645 \u0645\u0634\u062e\u0635 \u06a9\u0646\u0647. \u06af\u0641\u062a\u0647 \u0634\u062f\u0647 \u06a9\u0647 \u0627\u06cc\u0646 \u0633\u06cc\u0633\u062a\u0645 \u062f\u0631 \u0637\u0648\u0644 \u0686\u0646\u062f \u0645\u0627\u0647 \u0622\u06cc\u0646\u062f\u0647 \u0628\u0627\u0632\u0645\u062a\u0646 \u062e\u0648\u0627\u0647\u062f \u0634\u062f \u062a\u0627 \u0628\u0642\u06cc\u0647 \u0647\u0645 \u0628\u062a\u0648\u0646\u0646 \u0627\u0632\u0634 \u0627\u0633\u062a\u0641\u0627\u062f\u0647 \u06a9\u0646\u0646.</p><p style=\"border: 0px; font-family: DroidArabicNaskhRegular, sans-serif; font-size: 16px; margin-right: 0px; margin-bottom: 24px; margin-left: 0px; outline: 0px; padding: 0px; vertical-align: baseline; color: rgb(43, 43, 43); text-align: start;\">\u0645\u06cc\u200c\u0634\u0647 \u062d\u062f\u0633 \u0632\u062f \u06a9\u0647 \u06cc\u06a9\u06cc \u0627\u0632 \u067e\u0627\u06cc\u0647\u200c\u0647\u0627\u06cc \u0631\u0633\u06cc\u062f\u0646 \u0628\u0647 \u0627\u06cc\u0646 \u0645\u0633\u0627\u0644\u0647\u060c \u062e\u0631\u06cc\u062f\u0646 \u06af\u06cc\u062a \u0647\u0627\u0628 \u062a\u0648\u0633\u0637 \u0645\u0627\u06cc\u06a9\u0631\u0648\u0633\u0627\u0641\u062a \u062f\u0631 \u06f2\u06f0\u06f1\u06f8 \u0648 \u062f\u0633\u062a\u0631\u0633\u06cc \u0645\u0633\u062a\u0642\u06cc\u0645 \u0628\u0647 \u062d\u062c\u0645 \u0639\u0638\u06cc\u0645\u06cc \u0627\u0632 \u06a9\u062f \u0648 \u0627\u06cc\u0634\u0648\u0647\u0627\u06cc \u0645\u0631\u062a\u0628\u0637 \u0628\u0627 \u0627\u0648\u0646\u0647\u0627 \u0628\u0648\u062f\u0647. \u0645\u0627\u06cc\u06a9\u0631\u0648\u0633\u0627\u0641\u062a \u0645\u06cc\u200c\u06af\u0647 \u0627\u06cc\u0646 \u0633\u06cc\u0633\u062a\u0645 \u0628\u0631 \u0627\u0633\u0627\u0633 \u06f1\u06f3 \u0645\u06cc\u0644\u06cc\u0648\u0646 \u0646\u0645\u0648\u0646\u0647 \u0642\u0628\u0644\u06cc \u06a9\u0627\u0631 \u0645\u06cc \u06a9\u0646\u0647 \u0648 \u0627\u062d\u062a\u0645\u0627\u0644\u0627 \u0647\u0645\u0631\u0627\u0647 \u062e\u0648\u0628\u06cc \u062e\u0648\u0627\u0647\u062f \u0628\u0648\u062f \u062f\u0631 \u0627\u0646\u0633\u0627\u0646\u200c\u0647\u0627\u06cc\u06cc \u06a9\u0647 \u0645\u06cc\u200c\u062e\u0648\u0627\u0646 \u0628\u0627\u06af\u200c\u0647\u0627\u06cc \u0631\u0648 \u062f\u0633\u062a\u0647 \u0628\u0646\u062f\u06cc \u06a9\u0646\u0646. \u0627\u062f\u0639\u0627 \u0645\u06cc\u200c\u0634\u0647 \u0647\u0631 \u0628\u0631\u0646\u0627\u0645\u0647 \u0646\u0648\u06cc\u0633 \u062f\u0631 \u0647\u0631 \u06f1\u06f0\u06f0\u06f0 \u062e\u0637 \u062a\u0642\u0631\u06cc\u0628\u0627 \u06f7\u06f0 \u0628\u0627\u06af \u062a\u0648\u0644\u06cc\u062f \u0645\u06cc\u200c\u06a9\u0646\u0647 \u0648 \u0628\u0646\u0627 \u0628\u0647 \u062a\u062e\u0645\u06cc\u0646\u060c \u062d\u0644 \u06cc\u06a9 \u0628\u0627\u06af \u06f3\u06f0 \u0628\u0631\u0627\u0628\u0631 \u0628\u06cc\u0634\u062a\u0631 \u0627\u0632 \u0646\u0648\u0634\u062a\u0646 \u06cc\u0647 \u062e\u0637 \u06a9\u062f \u0632\u0645\u0627\u0646 \u0645\u06cc\u200c\u062e\u0648\u0627\u062f. \u062f\u0631 \u062d\u0627\u0644 \u062d\u0627\u0636\u0631 \u06af\u0641\u062a\u0647 \u0645\u06cc\u200c\u0634\u0647 \u06a9\u0647 \u0622\u0645\u0631\u06cc\u06a9\u0627 \u0628\u0647 \u062a\u0646\u0647\u0627\u06cc\u06cc \u06f1\u06f1\u06f3 \u0645\u06cc\u0644\u06cc\u0627\u0631\u062f \u062f\u0644\u0627\u0631 \u0647\u0632\u06cc\u0646\u0647 \u06a9\u0634\u0641 \u0648 \u062d\u0644 \u0645\u0634\u06a9\u0644\u0627\u062a \u0646\u0631\u0645\u200c\u0627\u0641\u0632\u0627\u0631\u06cc \u0645\u06cc\u200c\u06a9\u0646\u0647.</p><p style=\"border: 0px; font-family: DroidArabicNaskhRegular, sans-serif; font-size: 16px; margin-right: 0px; margin-bottom: 24px; margin-left: 0px; outline: 0px; padding: 0px; vertical-align: baseline; color: rgb(43, 43, 43); text-align: start;\">\u0645\u062f\u0644\u06cc \u06a9\u0647 \u0645\u0627\u06cc\u06a9\u0631\u0648\u0633\u0627\u0641\u062a \u062a\u0648\u0633\u0639\u0647 \u062f\u0627\u062f\u0647\u060c \u0628\u0631 \u0627\u0633\u0627\u0633 \u062f\u06cc\u062a\u0627\u0647\u0627\u06cc \u0644\u06cc\u0628\u0644 \u062e\u0648\u0631\u062f\u0647 \u06a9\u0627\u0631 \u0645\u06cc \u06a9\u0646\u0647 \u0648 \u062f\u0631 \u062f\u0648 \u0633\u0637\u062d: \u0627\u0648\u0644 \u062a\u0634\u062e\u06cc\u0635 \u0627\u0645\u0646\u06cc\u062a\u06cc \u0628\u0648\u062f\u0646 \u0628\u0627\u06af \u0648 \u0628\u0639\u062f \u062a\u0639\u06cc\u06cc\u0646 \u0633\u0637\u062d \u0627\u0648\u0646. \u0633\u06cc\u0633\u062a\u0645 \u0628\u0631 \u0627\u0633\u0627\u0633 \u0627\u0644\u06af\u0648\u0631\u06cc\u062a\u0645&nbsp;<a href=\"https://en.wikipedia.org/wiki/Tf%E2%80%93idf\" style=\"border: 0px; font-family: inherit; font-style: inherit; font-weight: inherit; margin: 0px; outline: 0px; padding: 0px; vertical-align: baseline; color: rgb(36, 137, 13); text-decoration-line: underline;\">\u0641\u0631\u0627\u0648\u0627\u0646\u06cc \u0648\u0632\u0646\u06cc TF-IDF</a>&nbsp;\u06a9\u0627\u0631 \u0645\u06cc \u06a9\u0646\u0647 \u0648 \u0628\u0647 \u06af\u0641\u062a\u0647 \u0645\u0627\u06cc\u06a9\u0631\u0648\u0633\u0627\u0641\u062a \u062f\u0631 \u062f\u0627\u062e\u0644 \u0634\u0631\u06a9\u062a \u062f\u0631 \u062d\u0627\u0644 \u0627\u0633\u062a\u0641\u0627\u062f\u0647 \u0627\u0633\u062a. \u0627\u06cc\u0646 \u0633\u06cc\u0633\u062a\u0645 \u0628\u0627\u06af \u0647\u0627\u06cc \u0648\u0627\u0631\u062f\u0647 \u0631\u0648 \u0646\u06af\u0627\u0647 \u0645\u06cc \u06a9\u0646\u0647 \u0648 \u0633\u0639\u06cc \u0645\u06cc \u06a9\u0646\u0647 \u0627\u0648\u0646\u0647\u0627\u06cc\u06cc \u06a9\u0647 \u0627\u0632 \u0646\u0638\u0631 \u0627\u0645\u0646\u06cc\u062a\u06cc \u0645\u0647\u0645 \u0647\u0633\u062a\u0646 \u0631\u0648 \u0645\u0634\u062e\u0635 \u06a9\u0646\u0647 \u062a\u0627 \u0628\u0634\u0647 \u0632\u0648\u062f\u062a\u0631 \u0633\u0631\u0627\u063a\u0634\u0648\u0646 \u0631\u0641\u062a. \u0686\u06cc\u0632\u06cc \u06a9\u0647 \u0648\u0642\u062a \u0632\u06cc\u0627\u062f\u06cc \u0627\u0632 \u0646\u06cc\u0631\u0648\u0647\u0627\u06cc \u0627\u0646\u0633\u0627\u0646\u06cc \u0634\u0631\u06a9\u062a \u0647\u0627 \u0631\u0648 \u0628\u0647 \u062e\u0648\u062f\u0634 \u0627\u062e\u062a\u0635\u0627\u0635 \u0645\u06cc \u062f\u0647 \u0648 \u062f\u0631 \u0646\u0647\u0627\u06cc\u062a \u0647\u0645 \u0628\u0627\u0632\u062f\u0647\u06cc \u06a9\u0645\u062a\u0631\u06cc \u0627\u0632 \u0627\u06cc\u0646 \u0633\u06cc\u0633\u062a\u0645 \u0627\u06cc\u062c\u0627\u062f \u0645\u06cc\u200c\u06a9\u0646\u0647.</p><p><div class=\"sharedaddy sd-sharing-enabled\" style=\"border: 0px; font-family: Lato, sans-serif; font-size: 16px; margin: 0px; outline: 0px; padding: 0px; vertical-align: baseline; clear: both; color: rgb(43, 43, 43); text-align: start;\"></div></p><p style=\"border: 0px; font-family: DroidArabicNaskhRegular, sans-serif; font-size: 16px; font-style: normal; font-weight: 400; margin: 0px 0px 24px; outline: 0px; padding: 0px; vertical-align: baseline; color: rgb(43, 43, 43); font-variant-ligatures: normal; font-variant-caps: normal; letter-spacing: normal; orphans: 2; text-align: start; text-indent: 0px; text-transform: none; white-space: normal; widows: 2; word-spacing: 0px; -webkit-text-stroke-width: 0px; text-decoration-style: initial; text-decoration-color: initial;\">\u0627\u06cc\u0646 \u062d\u0636\u0648\u0631 \u0647\u0648\u0636 \u0645\u0635\u0646\u0648\u0639\u06cc \u062f\u0631 \u062f\u0646\u06cc\u0627\u06cc \u0646\u0631\u0645 \u0627\u0641\u0632\u0627\u0631\u060c \u0631\u0648\u0646\u062f \u0631\u0648 \u0628\u0647 \u0631\u0634\u062f\u06cc \u0627\u0633\u062a \u0648 \u0642\u0628\u0644\u0627 \u0647\u0645<span>&nbsp;</span><a href=\"https://aws.amazon.com/codeguru/\" style=\"border: 0px; font-family: inherit; font-size: 16px; font-style: inherit; font-weight: inherit; margin: 0px; outline: 0px; padding: 0px; vertical-align: baseline; color: rgb(36, 137, 13); text-decoration: underline;\">\u06a9\u062f\u06af\u0648\u0631\u0648\u06cc \u0622\u0645\u0627\u0632\u0648\u0646</a><span>&nbsp;</span>\u0633\u0639\u06cc \u0645\u06cc \u06a9\u0631\u062f \u0646\u0631\u0645 \u0627\u0641\u0632\u0627\u0631\u0647\u0627\u06cc \u062f\u0627\u062e\u0644\u06cc \u0627\u06cc\u0646 \u0634\u0631\u06a9\u062a \u0631\u0648 \u0627\u0632 \u0646\u0638\u0631 \u0645\u0634\u06a9\u0644\u0627\u062a\u06cc \u0645\u062b\u0644 \u0644\u06cc\u0646\u06a9 \u0645\u0646\u0627\u0628\u0639 \u0628\u0631\u0631\u0633\u06cc \u06a9\u0646\u0647 \u0648 \u062d\u0627\u0644\u0627 \u06cc\u0647 \u0646\u0633\u062e\u0647 \u067e\u06cc\u0634 \u0646\u0645\u0627\u06cc\u0634 \u0639\u0645\u0648\u0645\u06cc \u0627\u0632\u0634 \u0648\u062c\u0648\u062f \u062f\u0627\u0631\u0647 \u06cc\u0627 \u0645\u062b\u0644\u0627<span>&nbsp;</span><a href=\"https://engineering.fb.com/developer-tools/finding-and-fixing-software-bugs-automatically-with-sapfix-and-sapienz/\" style=\"border: 0px; font-family: inherit; font-size: 16px; font-style: inherit; font-weight: inherit; margin: 0px; outline: 0px; padding: 0px; vertical-align: baseline; color: rgb(36, 137, 13); text-decoration: underline;\">SapFix \u0641\u06cc\u0633\u0628\u0648\u06a9</a><span>&nbsp;</span>\u0647\u0645 \u0633\u0639\u06cc \u0645\u06cc \u06a9\u0631\u062f \u06a9\u0627\u0631 \u0645\u0634\u0627\u0628\u0647\u06cc \u0631\u0648 \u0628\u0631\u0627\u06cc \u0627\u06cc\u0646 \u06cc\u06a9\u06cc \u063a\u0648\u0644 \u0628\u06a9\u0646\u0647.</p>", "image": "blog/images/1.jpg", "publish": "2020-09-01T19:14:02Z", "created": "2020-09-01T19:15:24.544Z", "updated": "2020-09-01T19:41:27.405Z", "status": "p", "category": [1]}}, {"model": "blog.article", "pk": 4, "fields": {"author": null, "title": "\u0628\u0648\u0633\u062a\u0648\u0646 \u0647\u0645 \u062f\u0631 \u06a9\u0646\u0627\u0631 \u062f\u06cc\u06af\u0631 \u0634\u0647\u0631\u0647\u0627\u06cc \u0622\u0645\u0631\u06cc\u06a9\u0627\u060c \u0627\u0633\u062a\u0641\u0627\u062f\u0647 \u062f\u0648\u0644\u062a \u0627\u0632 \u062a\u06a9\u0646\u0648\u0644\u0648\u0698\u06cc \u062a\u0634\u062e\u06cc\u0635 \u0686\u0647\u0631\u0647 \u0628\u0631\u0627\u06cc \u0639\u0645\u0648\u0645 \u0631\u0627 \u0645\u0645\u0646\u0648\u0639 \u06a9\u0631\u062f", "slug": "ai-banding", "description": "<p style=\"border: 0px; font-family: DroidArabicNaskhRegular, sans-serif; font-size: 16px; margin-right: 0px; margin-bottom: 24px; margin-left: 0px; outline: 0px; padding: 0px; vertical-align: baseline; color: rgb(43, 43, 43); text-align: start;\">\u0628\u0648\u0633\u062a\u0648\u0646 \u0647\u0645 \u0631\u0627\u06cc\u200c\u0627\u06cc \u0645\u0634\u0627\u0628\u0647 \u0634\u0647\u0631\u0647\u0627\u06cc \u0633\u0627\u0646 \u0641\u0631\u0627\u0646\u0633\u06cc\u0633\u06a9\u0648\u060c \u0627\u0648\u06a9\u0644\u0646\u062f\u060c \u06a9\u0627\u0644\u06cc\u0641\u0631\u0646\u06cc\u0627\u060c\u200c\u06a9\u0645\u0628\u0631\u062c \u0648 \u0645\u0627\u0633\u0627\u0686\u0648\u0633\u062a \u062f\u0627\u062f \u0648 \u0637\u0628\u0642 \u0642\u0627\u0646\u0648\u0646\u06cc \u0627\u0633\u062a\u0641\u0627\u062f\u0647 \u062f\u0648\u0644\u062a \u0627\u0632 \u062a\u06a9\u0646\u0648\u0644\u0648\u0698\u06cc \u0647\u0627\u06cc \u062a\u0634\u062e\u06cc\u0635 \u0686\u0647\u0631\u0647 \u0628\u0631\u0627\u06cc \u0632\u06cc\u0631\u0646\u0638\u0631 \u06af\u0631\u0641\u062a\u0646 \u0634\u0647\u0631\u0648\u0646\u062f\u0627\u0646 \u0631\u0648 \u0645\u0645\u0646\u0648\u0639 \u06a9\u0631\u062f. \u0637\u0628\u0642 \u0627\u06cc\u0646 \u0642\u0627\u0646\u0648\u0646 \u0627\u0633\u062a\u0641\u0627\u062f\u0647 \u0627\u0632 \u0627\u06cc\u0646 \u062a\u06a9\u0646\u0648\u0644\u0648\u0698\u06cc \u06cc\u0627 \u062d\u062a\u06cc \u062e\u0631\u06cc\u062f\u0646 \u0646\u0631\u0645 \u0627\u0641\u0632\u0627\u0631\u0647\u0627\u06cc \u0645\u0631\u062a\u0628\u0637 \u0628\u0627 \u0627\u0648\u0646 \u0645\u0645\u0646\u0648\u0639\u0647. \u06cc\u06a9\u06cc \u0627\u0632 \u0627\u0639\u0636\u0627\u06cc \u0634\u0648\u0631\u0627\u06cc \u0634\u0647\u0631 \u062f\u0631 \u0627\u06cc\u0646 \u0645\u0648\u0631\u062f \u06af\u0641\u062a\u0647 \u06a9\u0647 \u0627\u06cc\u0646 \u0634\u0648\u0631\u0627 \u0646\u0645\u06cc \u062a\u0648\u0646\u0647 \u0628\u0627 \u062a\u06a9\u0646\u0648\u0644\u0648\u0698\u06cc \u0627\u06cc \u06a9\u0647 \u062d\u0642\u0648\u0642 \u067e\u0627\u06cc\u0647 \u0627\u06cc \u0634\u0647\u0631\u0648\u0646\u062f\u0627\u0646 \u0631\u0648 \u062a\u0647\u062f\u06cc\u062f \u0645\u06cc \u06a9\u0646\u0647\u060c \u0645\u0648\u0627\u0641\u0642 \u0628\u0634\u0647.</p><p style=\"border: 0px; font-family: DroidArabicNaskhRegular, sans-serif; font-size: 16px; margin-right: 0px; margin-bottom: 24px; margin-left: 0px; outline: 0px; padding: 0px; vertical-align: baseline; color: rgb(43, 43, 43); text-align: start;\">\u0627\u0644\u0628\u062a\u0647&nbsp;<a href=\"https://www.cnet.com/news/boston-votes-to-ban-government-use-of-facial-recognition/#ftag=CAD590a51e\" style=\"border: 0px; font-family: inherit; font-style: inherit; font-weight: inherit; margin: 0px; outline: 0px; padding: 0px; vertical-align: baseline; color: rgb(36, 137, 13); text-decoration-line: underline;\">\u0642\u0627\u0646\u0648\u0646 \u0627\u0633\u062a\u062b\u0646\u0627\u0647\u0627\u06cc\u06cc \u0631\u0648 \u0647\u0645 \u0642\u0627\u0626\u0644 \u0634\u062f\u0647</a>&nbsp;\u0648 \u0645\u062b\u0644\u0627 \u0645\u06cc\u200c\u067e\u0630\u06cc\u0631\u0647 \u06a9\u0647 \u062f\u0648\u0644\u062a\u06cc \u0647\u0627 \u0628\u0631\u0627\u06cc \u0622\u0646\u0644\u0627\u06a9 \u06a9\u0631\u062f\u0646 \u0627\u0628\u0632\u0627\u0631\u0647\u0627\u0634\u0648\u0646 \u0627\u0632 \u062a\u0634\u062e\u06cc\u0635 \u0686\u0647\u0631\u0647 \u0627\u0633\u062a\u0641\u0627\u062f\u0647 \u06a9\u0646\u0646 \u06cc\u0627 \u062f\u0631 \u0639\u06a9\u0633\u0647\u0627\u060c \u0635\u0648\u0631\u062a \u0647\u0627 \u0631\u0648 \u062c\u062f\u0627 \u06a9\u0646\u0646 \u0648\u0644\u06cc \u0627\u06cc\u0646\u06a9\u0647 \u0628\u062a\u0648\u0646\u0646 \u0628\u0631 \u0627\u0633\u0627\u0633 \u062a\u0634\u062e\u06cc\u0635 \u0686\u0647\u0631\u0647 \u0647\u0648\u06cc\u062a \u062a\u06a9 \u062a\u06a9 \u0627\u0641\u0631\u0627\u062f \u0631\u0648 \u062a\u0634\u062e\u06cc\u0635 \u0628\u062f\u0646 \u0645\u0645\u0646\u0648\u0639 \u0634\u062f\u0647.</p><p style=\"border: 0px; font-family: DroidArabicNaskhRegular, sans-serif; font-size: 16px; margin-right: 0px; margin-bottom: 24px; margin-left: 0px; outline: 0px; padding: 0px; vertical-align: baseline; color: rgb(43, 43, 43); text-align: start;\">\u0627\u06cc\u0646 \u0645\u062c\u0645\u0648\u0639\u0647 \u0642\u0648\u0627\u0646\u06cc\u0646 \u062a\u0627 \u062d\u062f\u06cc \u0645\u0631\u062a\u0628\u0637 \u0647\u0633\u062a\u0646 \u0628\u0647 \u0627\u062a\u0641\u0627\u0642\u0627\u062a \u062c\u062f\u06cc\u062f \u0622\u0645\u0631\u06cc\u06a9\u0627 \u0648 \u0627\u06cc\u062f\u0647 \u0647\u0627\u06cc\u06cc \u0645\u062b\u0644 \u0627\u06cc\u0646\u06a9\u0647 \u062d\u06a9\u0648\u0645\u062a \u0645\u0645\u06a9\u0646\u0647 \u0628\u0647 \u0633\u0645\u062a \u0632\u06cc\u0631 \u0646\u0638\u0631 \u06af\u0631\u0641\u062a\u0646 \u062f\u0627\u0626\u0645\u06cc \u0647\u0645\u0647 \u0634\u0647\u0631\u0648\u0646\u062f\u0627\u0646 \u062d\u0631\u06a9\u062a \u06a9\u0646\u0647\u061b \u0686\u06cc\u0632\u06cc \u06a9\u0647 \u06a9\u0627\u0631\u0628\u0631\u062f\u0634 \u0627\u06cc\u0646 \u0631\u0648\u0632\u0647\u0627 \u062f\u0631 \u062d\u06a9\u0648\u0645\u062a \u0647\u0627\u06cc \u062f\u06cc\u06a9\u062a\u0627\u062a\u0648\u0631\u06cc \u0627\u0633\u062a \u0648 \u0628\u0631\u0627\u06cc \u0633\u0631\u06a9\u0648\u0628 \u0639\u0642\u0627\u06cc\u062f \u0645\u062e\u0627\u0644\u0641. \u062f\u0631 \u0627\u0642\u062f\u0627\u0645\u06cc \u0645\u0634\u0627\u0628\u0647\u060c \u0646\u06cc\u0648\u06cc\u0648\u0631\u06a9 \u062a\u0645\u0627\u0645 \u0646\u06cc\u0631\u0648\u0647\u0627\u06cc \u067e\u0644\u06cc\u0633 \u0631\u0648 \u0645\u062c\u0628\u0648\u0631 \u06a9\u0631\u062f\u0647 \u062a\u0627 \u0627\u0628\u0632\u0627\u0631\u0647\u0627\u06cc \u0634\u0646\u0648\u062f / \u0646\u0638\u0627\u0631\u062a \u062e\u0648\u062f\u0634\u0648\u0646 \u0631\u0648 \u0634\u0641\u0627\u0641 \u06a9\u0646\u0646 \u0648 \u0645\u0634\u062e\u0635 \u0628\u0627\u0634\u0647 \u0686\u0647 \u062a\u0648\u0627\u0646\u0645\u0646\u062f\u06cc \u0647\u0627\u06cc\u06cc \u062f\u0627\u0631\u0646. \u0647\u0645\u0686\u0646\u06cc\u0646 \u0634\u0631\u06a9\u062a \u0647\u0627\u06cc \u0622\u0645\u0627\u0632\u0648\u0646 \u0648 \u0622\u06cc \u0628\u06cc \u0627\u0645 \u0627\u0639\u0644\u0627\u0645 \u06a9\u0631\u062f\u0646 \u06a9\u0647 \u062a\u06a9\u0646\u0648\u0644\u0648\u0698\u06cc \u0647\u0627\u06cc \u062a\u0634\u062e\u06cc\u0635 \u0686\u0647\u0631\u0647 \u0631\u0648 \u0628\u0647 \u062f\u0648\u0644\u062a \u0646\u062e\u0648\u0627\u0647\u0646\u062f \u0641\u0631\u0648\u062e\u062a.</p><p style=\"border: 0px; font-family: DroidArabicNaskhRegular, sans-serif; font-size: 16px; margin-right: 0px; margin-bottom: 24px; margin-left: 0px; outline: 0px; padding: 0px; vertical-align: baseline; color: rgb(43, 43, 43); text-align: start;\">\u0634\u0627\u06cc\u062f \u062f\u0631 \u0627\u0628\u062a\u062f\u0627 \u0628\u0647 \u0646\u0638\u0631 \u0628\u06cc\u0627\u062f \u06a9\u0647 \u0627\u06af\u0631 \u0646\u06cc\u0631\u0648\u06cc \u067e\u0644\u06cc\u0633 \u0628\u062a\u0648\u0646\u0647 \u062f\u0648\u0631\u0628\u06cc\u0646\u06cc \u0628\u0647 \u0686\u0634\u0645 \u062f\u0627\u0634\u062a\u0647 \u0628\u0627\u0634\u0647 \u06a9\u0647 \u0627\u0633\u0645 \u0648 \u062f\u0631\u0622\u0645\u062f \u0648 \u0645\u0634\u062e\u0635\u0627\u062a \u0647\u0631 \u0622\u062f\u0645\u06cc \u06a9\u0647 \u0645\u06cc \u0628\u06cc\u0646\u0647 \u0631\u0648 \u0628\u0647\u0634 \u0646\u0634\u0648\u0646 \u0628\u062f\u0647 \u06cc\u0627 \u0647\u0631 \u0644\u062d\u0638\u0647 \u06a9\u0647 \u062e\u0648\u0627\u0633\u062a \u0628\u062a\u0648\u0646\u0647 \u0645\u0634\u062e\u0635\u0627\u062a \u062f\u0642\u06cc\u0642 \u062a\u0645\u0627\u0645 \u0627\u0641\u0631\u0627\u062f \u062c\u0644\u0648\u06cc \u0647\u0631 \u06a9\u062f\u0648\u0645 \u0627\u0632 \u062f\u0648\u0631\u0628\u06cc\u0646 \u0647\u0627\u06cc \u0628\u0647 \u0627\u0635\u0637\u0644\u0627\u062d \u0631\u0627\u0647\u0646\u0645\u0627\u06cc\u06cc \u0648 \u0631\u0627\u0646\u0646\u062f\u06af\u06cc \u0631\u0648 \u0628\u0647 \u062f\u0633\u062a \u0628\u06cc\u0627\u0631\u0647 \u062e\u0648\u0628 \u0628\u0627\u0634\u0647 \u0648&nbsp;<em style=\"border: 0px; font-family: inherit; font-weight: inherit; margin: 0px; outline: 0px; padding: 0px; vertical-align: baseline;\">\u0627\u0645\u0646\u06cc\u062a</em>&nbsp;\u0628\u0647 \u0628\u0627\u0631 \u0628\u06cc\u0627\u0631\u0647. \u0648\u0644\u06cc \u062f\u0631 \u0639\u0645\u0644 \u0627\u06cc\u0646\u062c\u0648\u0631 \u062a\u06a9\u0646\u0648\u0644\u0648\u0698\u06cc \u0647\u0627 \u0628\u0647 \u062f\u0644\u0627\u06cc\u0644 \u0645\u062e\u062a\u0644\u0641 \u0645\u0646\u062c\u0631 \u0628\u0647 \u062c\u0627\u0645\u0639\u0647 \u0647\u0627\u06cc\u06cc \u0622\u0632\u0627\u062f\u062a\u0631 \u0648 \u062e\u0644\u0627\u0642 \u062a\u0631 \u0648 \u067e\u0648\u06cc\u0627\u062a\u0631 \u0646\u0634\u062f\u0646. \u06cc\u06a9\u06cc \u0627\u0632 \u062f\u0644\u0627\u06cc\u0644\u060c \u0639\u062f\u0645 \u062a\u0648\u0627\u0632\u0646 \u0627\u06cc\u0646 \u0642\u062f\u0631\u062a \u0647\u0627 \u0627\u0633\u062a. \u0622\u06cc\u0627 \u0645\u0631\u062f\u0645 \u0647\u0645 \u0645\u06cc \u062a\u0648\u0646\u0646 \u0646\u0633\u0628\u062a \u0628\u0647 \u0631\u0641\u062a\u0627\u0631 \u0628\u062f \u067e\u0644\u06cc\u0633 \u0628\u0631 \u0627\u0633\u0627\u0633 \u062f\u0648\u0631\u0628\u06cc\u0646\u06cc \u06a9\u0647 \u0631\u0648\u06cc \u0645\u0627\u0634\u06cc\u0646 \u067e\u0644\u06cc\u0633 \u0646\u0635\u0628\u0647 \u0634\u06a9\u0627\u06cc\u062a \u06a9\u0646\u0646\u061f \u0622\u06cc\u0627 \u0645\u0631\u062f\u0645 \u0647\u0645 \u0645\u06cc \u062a\u0648\u0646\u0646 \u0647\u0631 \u062c\u0627\u06cc \u0632\u0646\u062f\u0627\u0646 \u0631\u0648 \u06a9\u0647 \u062e\u0648\u0627\u0633\u062a\u0646 \u0646\u06af\u0627\u0647 \u06a9\u0646\u0646 \u0648 \u0628\u0628\u06cc\u0646\u0646 \u0631\u0641\u062a\u0627\u0631 \u0648 \u0632\u0646\u062f\u06af\u06cc \u0628\u0627\u0632\u062f\u0627\u0634\u062a \u0634\u062f\u0647 \u0647\u0627 \u0648 \u0632\u0646\u062f\u0627\u0646\u06cc \u0647\u0627 \u0686\u0637\u0648\u0631\u06cc\u0647\u061f \u0622\u06cc\u0627 \u0645\u0631\u062f\u0645 \u0647\u0645 \u0645\u06cc \u062a\u0648\u0646\u0646 \u06cc\u0647 \u062f\u0648\u0631\u0628\u06cc\u0646 \u062f\u0627\u0634\u062a\u0647 \u0628\u0627\u0634\u0646 \u06a9\u0647 \u0628\u0627\u0647\u0627\u0634 \u0645\u062c\u0644\u0633 \u0631\u0648 \u0646\u06af\u0627\u0647 \u06a9\u0646\u0646 \u0648 \u06a9\u0646\u0627\u0631 \u0635\u0648\u0631\u062a \u0647\u0631 \u0646\u0641\u0631 \u0645\u0631\u0628\u0639\u06cc \u0628\u0627\u0634\u0647 \u06a9\u0647 \u0646\u0634\u0648\u0646 \u0628\u062f\u0647 \u062f\u0631 \u0637\u0648\u0644 \u06f1\u06f0 \u0633\u0627\u0644 \u06af\u0630\u0634\u062a\u0647 \u0686\u0642\u062f\u0631 \u067e\u0648\u0644 \u0627\u0632 \u06a9\u062c\u0627 \u06af\u0631\u0641\u062a\u0647\u061f \u0627\u06cc\u0646 \u0639\u062f\u0645 \u062a\u0648\u0627\u0632\u0646\u060c \u0639\u0645\u0644\u0627 \u0627\u06cc\u0646 \u0627\u0628\u0632\u0627\u0631\u0647\u0627 \u0631\u0648 \u0628\u0647 \u0633\u06cc\u0633\u062a\u0645 \u0647\u0627\u06cc \u0633\u0631\u06a9\u0648\u0628 \u0642\u0648\u06cc \u062a\u0631 \u0648\u0635\u0644 \u0645\u06cc \u06a9\u0646\u0647.</p><p style=\"border: 0px; font-family: DroidArabicNaskhRegular, sans-serif; font-size: 16px; margin-right: 0px; margin-bottom: 24px; margin-left: 0px; outline: 0px; padding: 0px; vertical-align: baseline; color: rgb(43, 43, 43); text-align: start;\">\u0627\u0648\u0627\u0646 \u06af\u0631\u06cc\u0631 \u0645\u062f\u06cc\u0631 \u0645\u0648\u0633\u0633\u0647 \u062d\u0642\u0648\u0642 \u062f\u06cc\u062c\u06cc\u062a\u0627\u0644 \u00ab\u0645\u0628\u0627\u0631\u0632\u0647 \u0628\u0631\u0627\u06cc \u0622\u06cc\u0646\u062f\u0647\u00bb \u0645\u06cc\u200c\u06af\u0647 \u06a9\u0647 \u00ab\u062a\u06a9\u0646\u0648\u0644\u0648\u0698\u06cc \u062a\u0634\u062e\u06cc\u0635 \u0686\u0647\u0631\u0647 \u062e\u0637\u0631\u0646\u0627\u06a9 \u0648 \u0630\u0627\u062a\u0627 \u0633\u0631\u06a9\u0648\u0628\u06af\u0631 \u0627\u0633\u062a. \u0627\u06cc\u0646 \u062a\u06a9\u0646\u0648\u0644\u0648\u0698\u06cc \u0642\u0627\u0628\u0644 \u0627\u0635\u0644\u0627\u062d \u0648 \u06a9\u0646\u062a\u0631\u0644 \u0646\u06cc\u0633\u062a \u0648 \u0628\u0627\u06cc\u062f \u0627\u0632 \u0628\u06cc\u0646 \u0628\u0631\u0648\u062f\u00bb. \u0634\u0627\u06cc\u062f \u0627\u06cc\u0646 \u0646\u0638\u0631 \u062a\u0646\u062f \u0628\u0627\u0634\u0647 \u0648\u0644\u06cc \u062d\u062f\u0627\u0642\u0644 \u062f\u0631 \u0648\u0636\u0639\u06cc\u062a \u0641\u0639\u0644\u06cc \u062c\u0647\u0627\u0646\u060c \u0627\u06cc\u0646 \u062a\u06a9\u0646\u0648\u0644\u0648\u0698\u06cc \u0686\u06cc\u0632 \u0628\u0631\u0627\u0628\u0631\u06cc \u0646\u06cc\u0633\u062a. \u0648\u0642\u062a\u06cc \u062f\u0631 \u06a9\u0634\u0648\u0631\u06cc \u062d\u062f\u0627\u0642\u0644 \u0627\u0633\u062a\u0627\u0646\u062f\u0627\u0631\u062f\u0647\u0627\u06cc \u0628\u0631\u062e\u0648\u0631\u062f \u0628\u0627 \u0645\u062a\u0647\u0645\u06cc\u0646 \u06cc\u0627 \u0627\u0645\u06a9\u0627\u0646 \u062f\u0633\u062a\u0631\u0633\u06cc \u0628\u0647 \u062d\u0642\u0648\u0642 \u0627\u0648\u0644\u06cc\u0647 \u0627\u0646\u0633\u0627\u0646 \u0647\u0627 \u0648\u062c\u0648\u062f \u0646\u062f\u0627\u0634\u062a\u0647 \u0628\u0627\u0634\u0647\u060c \u062a\u06a9\u0646\u0648\u0644\u0648\u0698\u06cc \u0647\u0627\u06cc \u062a\u0634\u062e\u06cc\u0635 \u0686\u0647\u0631\u0647 \u0639\u0645\u0648\u0645\u06cc \u062f\u0631 \u0645\u0639\u0627\u0628\u0631\u060c \u0641\u0642\u0637 \u0648 \u0641\u0642\u0637 \u0633\u0631\u06a9\u0648\u0628 \u06a9\u0646\u0646\u062f\u0647 \u062d\u0642 \u0627\u0638\u0647\u0627\u0631 \u0646\u0638\u0631 \u0622\u0632\u0627\u062f \u062e\u0648\u0627\u0647\u0646\u062f \u0628\u0648\u062f\u061b \u062d\u062a\u06cc \u0627\u06af\u0631 \u0628\u0647 \u0627\u0633\u0645 \u0627\u0645\u0646\u06cc\u062a \u0648 \u063a\u06cc\u0631\u0647 \u0642\u0627\u0644\u0628 \u0628\u0634\u0646. \u062d\u0627\u0644\u0627 \u0627\u06cc\u0646 \u0631\u0648 \u0628\u0630\u0627\u0631\u06cc\u0645 \u06a9\u0646\u0627\u0631 \u0627\u062d\u062a\u0645\u0627\u0644 \u0627\u0634\u062a\u0628\u0627\u0647 \u0648 \u0645\u0634\u06a9\u0644\u0627\u062a \u0627\u0644\u06af\u0648\u0631\u06cc\u062a\u0645 \u062a\u0634\u062e\u06cc\u0635\u06cc \u06a9\u0647 \u0627\u0644\u0627\u0646 \u0648\u062c\u0648\u062f \u062f\u0627\u0631\u0647 \u062a\u0627 \u0628\u0641\u0647\u0645\u06cc\u0645 \u0686\u0631\u0627 \u0642\u0627\u0646\u0648\u0646\u06af\u0630\u0627\u0631\u0627\u0646\u06cc \u06a9\u0647 \u0639\u0642\u0644\u0634\u0648\u0646 \u0645\u06cc\u200c\u0631\u0633\u0647 \u0648 \u062f\u0646\u0628\u0627\u0644 \u0628\u0647\u062a\u0631 \u0634\u062f\u0646 \u062c\u0627\u0645\u0639\u0647 \u0634\u0648\u0646 \u0647\u0633\u062a\u0646\u060c \u0642\u0648\u0627\u0646\u06cc\u0646 \u0645\u0633\u062a\u0642\u06cc\u0645\u06cc \u0648\u0636\u0639 \u0645\u06cc \u06a9\u0646\u0646 \u062a\u0627 \u0686\u0646\u06cc\u0646 \u0686\u06cc\u0632\u0647\u0627\u06cc\u06cc \u0628\u0647 \u0634\u0647\u0631 \u0648 \u06a9\u0634\u0648\u0631\u0634\u0648\u0646 \u0631\u0627\u0647 \u067e\u06cc\u062f\u0627 \u0646\u06a9\u0646\u0646.</p>", "image": "blog/images/2.png", "publish": "2020-09-01T19:15:56Z", "created": "2020-09-01T19:16:58.753Z", "updated": "2020-09-01T19:41:21.432Z", "status": "p", "category": [1]}}, {"model": "blog.article", "pk": 5, "fields": {"author": null, "title": "\u0628\u0647\u062a\u0631\u06cc\u0646 \u0634\u0631\u0648\u0639 \u0628\u0631\u0627\u06cc \u062f\u0631\u06a9 \u0627\u06cc\u0646\u06a9\u0647 \u06a9\u0627\u0645\u067e\u06cc\u0648\u062a\u0631\u0647\u0627 \u0686\u0637\u0648\u0631 \u00ab\u0641\u06a9\u0631 \u0645\u06cc \u06a9\u0646\u0646\u00bb: \u0645\u0642\u062f\u0645\u0647 \u0628\u0635\u0631\u06cc \u0628\u0631 \u06cc\u0627\u062f\u06af\u06cc\u0631\u06cc \u0645\u0627\u0634\u06cc\u0646", "slug": "start-ml", "description": "<p style=\"border: 0px; font-family: DroidArabicNaskhRegular, sans-serif; font-size: 16px; margin-right: 0px; margin-bottom: 24px; margin-left: 0px; outline: 0px; padding: 0px; vertical-align: baseline; color: rgb(43, 43, 43); text-align: start;\"><span style=\"border: 0px; font-family: inherit; font-style: inherit; font-weight: 700; margin: 0px; outline: 0px; padding: 0px; vertical-align: baseline;\">\u06cc\u0627\u062f\u06af\u06cc\u0631\u06cc \u0645\u0627\u0634\u06cc\u0646</span>&nbsp;\u0627\u06cc\u0646 \u0631\u0648\u0632\u0647\u0627 \u062e\u06cc\u0644\u06cc \u0631\u0648\u06cc \u0628\u0648\u0631\u0633 \u0627\u0633\u062a. \u0627\u0632 \u0633\u06cc\u0633\u062a\u0645 \u0647\u0627\u06cc \u067e\u06cc\u0634\u0646\u0647\u0627\u062f \u062f\u0647\u0646\u062f\u0647 \u062a\u0627 \u062a\u0634\u062e\u06cc\u0635 \u0686\u0647\u0631\u0647 \u0648 \u0628\u0642\u06cc\u0647 \u0686\u06cc\u0632\u0647\u0627 \u062f\u0627\u0631\u0646 \u0628\u0647 \u0633\u0631\u0639\u062a \u067e\u06cc\u0634 \u0645\u06cc\u200c\u0631\u0646 \u0648 \u0645\u0627 \u06af\u0627\u0647\u06cc \u0627\u0632\u0634\u0648\u0646 \u0639\u0642\u0628 \u0645\u06cc\u200c\u0645\u0648\u0646\u06cc\u0645.&nbsp;<a href=\"https://jadi.net/p/r2d3.us/visual-intro-to-machine-learning-part-1/\" style=\"border: 0px; font-family: inherit; font-style: inherit; font-weight: inherit; margin: 0px; outline: 0px; padding: 0px; vertical-align: baseline; color: rgb(36, 137, 13); text-decoration-line: underline;\">\u0627\u06cc\u0646 \u0635\u0641\u062d\u0647 \u0641\u0648\u0642 \u0627\u0644\u0639\u0627\u062f\u0647 \u062a\u0648\u0636\u06cc\u062d \u0645\u06cc \u062f\u0647 \u06a9\u0647 \u06cc\u0627\u062f\u06af\u06cc\u0631\u06cc \u0645\u0627\u0634\u06cc\u0646 \u0686\u0637\u0648\u0631\u06cc \u06a9\u0627\u0631 \u0645\u06cc \u06a9\u0646\u0647\u061b \u0628\u0627 \u062a\u0635\u0648\u0631 \u0648 \u0645\u062b\u0627\u0644</a>. \u0645\u062f\u062a\u200c\u0647\u0627 \u067e\u06cc\u0634 \u0627\u06cc\u0646\u0648 \u062f\u06cc\u062f\u06cc\u0645 \u0648&nbsp;<a href=\"https://twitter.com/JKhakpour\" style=\"border: 0px; font-family: inherit; font-style: inherit; font-weight: inherit; margin: 0px; outline: 0px; padding: 0px; vertical-align: baseline; color: rgb(36, 137, 13); text-decoration-line: underline;\">\u062c\u0639\u0641\u0631 \u062e\u0627\u06a9\u067e\u0648\u0631</a>&nbsp;\u0632\u062d\u0645\u062a \u062a\u0631\u062c\u0645\u0647 \u0631\u0648 \u06a9\u0634\u06cc\u062f \u0648\u0644\u06cc \u0627\u06cc\u0645\u06cc\u0644\u200c\u0646\u06af\u0627\u0631\u06cc \u0628\u0627 \u062a\u0647\u06cc\u0647 \u06a9\u0646\u0646\u062f\u06af\u0627\u0646 \u0627\u0635\u0644\u06cc \u062a\u0642\u0631\u06cc\u0628\u0627 \u0628\u062f\u0648\u0646 \u062c\u0648\u0627\u0628 \u0645\u0648\u0646\u062f \u0648 \u0622\u062e\u0631\u0634 \u0647\u0645\u06cc\u0646\u062c\u0627 \u0645\u0646\u062a\u0634\u0631\u0634 \u06a9\u0631\u062f\u06cc\u0645. \u0627\u0645\u06cc\u062f\u0648\u0627\u0631\u0645 \u0644\u0630\u062a \u0628\u0628\u0631\u06cc\u0646 \u0648 \u062f\u06cc\u062f \u062e\u0648\u0628\u06cc \u0628\u0647\u062a\u0648\u0646 \u0627\u0632 \u0627\u06cc\u0646 \u0628\u062f\u0647 \u06a9\u0647 \u06a9\u0627\u0645\u067e\u06cc\u0648\u062a\u0631\u0647\u0627 \u0686\u0637\u0648\u0631\u06cc \u0641\u06a9\u0631 \u0645\u06cc\u200c\u06a9\u0646\u0646 \u0648 \u062a\u0635\u0645\u06cc\u0645 \u0645\u06cc\u200c\u06af\u06cc\u0631\u0646 \u0648 \u067e\u06cc\u0634\u200c\u0628\u06cc\u0646\u06cc \u0645\u06cc\u200c\u06a9\u0646\u0646 \u0686\u0648\u0646 \u0644\u0627\u0632\u0645\u0647 \u0645\u0627 \u0645\u0646\u0637\u0642 \u067e\u0634\u062a \u0647\u0648\u0634 \u0645\u0635\u0646\u0648\u0639\u06cc \u0631\u0648 \u062f\u0631\u06a9 \u06a9\u0646\u06cc\u0645.</p><p style=\"border: 0px; font-family: DroidArabicNaskhRegular, sans-serif; font-size: 16px; margin-right: 0px; margin-bottom: 24px; margin-left: 0px; outline: 0px; padding: 0px; vertical-align: baseline; color: rgb(43, 43, 43); text-align: start;\"><a href=\"https://jadi.net/p/r2d3.us/visual-intro-to-machine-learning-part-1/\" style=\"border: 0px; font-family: inherit; font-style: inherit; font-weight: inherit; margin: 0px; outline: 0px; padding: 0px; vertical-align: baseline; color: rgb(36, 137, 13); text-decoration-line: underline;\">\u062f\u0631 \u06cc\u0627\u062f\u06af\u06cc\u0631\u06cc \u0645\u0627\u0634\u06cc\u0646\u060c \u06a9\u0627\u0645\u067e\u06cc\u0648\u062a\u0631\u0647\u0627 \u0628\u0647 \u06a9\u0645\u06a9 \u0631\u0648\u0634 \u0647\u0627\u06cc \u06cc\u0627\u062f\u06af\u06cc\u0631\u06cc \u0622\u0645\u0627\u0631\u06cc \u0627\u0644\u06af\u0648\u0647\u0627\u06cc \u062f\u0627\u062e\u0644 \u062f\u0627\u062f\u0647 \u0647\u0627 \u0631\u0627 \u0628\u0647 \u0635\u0648\u0631\u062a \u062e\u0648\u062f\u06a9\u0627\u0631 \u0627\u0633\u062a\u062e\u0631\u0627\u062c \u0645\u06cc \u06a9\u0646\u0646\u062f. \u0627\u06cc\u0646 \u062a\u06a9\u0646\u06cc\u06a9 \u0647\u0627 \u0645\u06cc\u062a\u0648\u0627\u0646\u0646\u062f \u067e\u06cc\u0634 \u0628\u06cc\u0646\u06cc \u0631\u0627 \u0628\u0627 \u062f\u0642\u062a \u0628\u0633\u06cc\u0627\u0631 \u0628\u0627\u0644\u0627\u06cc\u06cc \u0627\u0646\u062c\u0627\u0645 \u062f\u0647\u0646\u062f. \u067e\u06cc\u0645\u0627\u06cc\u0634 \u0635\u0641\u062d\u0647 \u0631\u0627 \u0627\u062f\u0627\u0645\u0647 \u062f\u0647\u06cc\u062f. \u0628\u0647 \u06a9\u0645\u06a9 \u06cc\u06a9 \u0645\u062c\u0645\u0648\u0639\u0647 \u062f\u0627\u062f\u0647 \u062f\u0631 \u0645\u0648\u0631\u062f \u062e\u0627\u0646\u0647 \u0647\u0627\u06cc \u0646\u06cc\u0648\u06cc\u0648\u0631\u06a9 \u0648 \u0633\u0627\u0646 \u0641\u0631\u0627\u0646\u0633\u06cc\u0633\u06a9\u0648\u060c \u0645\u0627 \u06cc\u06a9 \u0645\u062f\u0644 \u06cc\u0627\u062f\u06af\u06cc\u0631\u06cc \u0645\u0627\u0634\u06cc\u0646 \u062a\u0648\u0644\u06cc\u062f \u062e\u0648\u0627\u0647\u06cc\u0645 \u06a9\u0631\u062f \u06a9\u0647 \u0628\u062a\u0648\u0627\u0646\u062f \u0627\u0632 \u0631\u0648\u06cc \u0645\u0634\u062e\u0635\u0627\u062a \u062e\u0627\u0646\u0647 \u062a\u0634\u062e\u06cc\u0635 \u062f\u0647\u062f \u06a9\u0647 \u0627\u06cc\u0646 \u062e\u0627\u0646\u0647 \u062f\u0631 \u0646\u06cc\u0648\u06cc\u0648\u0631\u06a9 \u0627\u0633\u062a \u06cc\u0627 \u0633\u0627\u0646 \u0641\u0631\u0627\u0646\u0633\u06cc\u0633\u06a9\u0648</a></p>", "image": "blog/images/33.jpeg", "publish": "2020-09-01T19:19:08Z", "created": "2020-09-01T19:21:00.020Z", "updated": "2020-09-01T19:41:17.130Z", "status": "p", "category": [2]}}, {"model": "blog.article", "pk": 6, "fields": {"author": null, "title": "\u0627\u067e\u0644 \u062f\u0631 \u0647\u0648\u0634 \u0645\u0635\u0646\u0648\u0639\u06cc \u0627\u0632 \u06af\u0648\u06af\u0644 \u0648 \u0641\u06cc\u0633\u0628\u0648\u06a9 \u0639\u0642\u0628 \u0627\u0633\u062a\u061b \u0628\u0647 \u062f\u0644\u06cc\u0644\u06cc \u062c\u0627\u0644\u0628", "slug": "apell-ai", "description": "<p style=\"border: 0px; font-family: DroidArabicNaskhRegular, sans-serif; font-size: 16px; margin-right: 0px; margin-bottom: 24px; margin-left: 0px; outline: 0px; padding: 0px; vertical-align: baseline; color: rgb(43, 43, 43); text-align: start;\">\u0627\u067e\u0644 \u0645\u0634\u0647\u0648\u0631\u0647 \u0628\u0647 \u0645\u062e\u0641\u06cc \u06a9\u0627\u0631 \u06a9\u0631\u062f\u0646 \u0648 \u06cc\u06a9\u0647\u0648 \u0686\u06cc\u0632 \u0631\u0648 \u06a9\u0631\u062f\u0646. \u0627\u06cc\u0646 \u0634\u0631\u06a9\u062a \u0686\u0646\u062f \u0648\u0642\u062a \u0642\u0628\u0644 \u0627\u0633\u062a\u06cc\u0648\u0646 \u0644\u0648\u06cc \u0631\u0648 \u0628\u0647 \u062f\u0641\u0627\u062a\u0631 \u0645\u0631\u06a9\u0632\u06cc\u200c\u0627\u0634 \u062f\u0639\u0648\u062a \u06a9\u0631\u062f\u0647 \u0628\u0648\u062f \u062a\u0627 \u062a\u06a9\u0646\u0648\u0644\u0648\u0698\u06cc\u200c\u0647\u0627\u0634 \u0631\u0648 \u0628\u0647 \u0627\u0648\u0646 \u0646\u0634\u0648\u0646 \u0628\u062f\u0647 \u0648 \u0627\u062e\u0628\u0627\u0631\u06cc \u0631\u0648 \u062f\u0631\u0632 \u0628\u062f\u0647 \u06a9\u0647 \u0644\u0631\u0632\u0647 \u0628\u0647 \u062a\u0646 \u062d\u0631\u06cc\u0641\u200c\u0647\u0627 \u0628\u0646\u062f\u0627\u0632\u0647\u061b \u0628\u062e\u0635\u0648\u0635 \u062f\u0631 \u062d\u0648\u0632\u0647 \u06cc\u0627\u062f\u06af\u06cc\u0631\u06cc \u0645\u0627\u0634\u06cc\u0646 \u0648 \u0633\u06cc\u0631\u06cc \u0648 \u06cc\u0627\u062f\u06af\u06cc\u0631\u06cc \u0639\u0645\u06cc\u0642.</p><p style=\"border: 0px; font-family: DroidArabicNaskhRegular, sans-serif; font-size: 16px; margin-right: 0px; margin-bottom: 24px; margin-left: 0px; outline: 0px; padding: 0px; vertical-align: baseline; color: rgb(43, 43, 43); text-align: start;\"><a href=\"https://backchannel.com/an-exclusive-look-at-how-ai-and-machine-learning-work-at-apple-8dbfb131932b#.gu7t7025y\" style=\"border: 0px; font-family: inherit; font-style: inherit; font-weight: inherit; margin: 0px; outline: 0px; padding: 0px; vertical-align: baseline; color: rgb(36, 137, 13); text-decoration-line: underline;\">\u0645\u0642\u0627\u0644\u0647 \u0646\u0647\u0627\u06cc\u06cc \u06a9\u0647 \u062f\u0631 \u0633\u0627\u06cc\u062a \u0644\u0648\u06cc \u0645\u0646\u062a\u0634\u0631 \u0634\u062f</a>&nbsp;\u0628\u0647 \u0686\u06cc\u0632\u0647\u0627\u06cc \u062c\u0627\u0644\u0628\u06cc \u067e\u0631\u062f\u0627\u062e\u062a\u0647 \u0628\u0648\u062f \u0645\u062b\u0644 \u0627\u0633\u062a\u0641\u0627\u062f\u0647 \u0627\u0632 \u06cc\u0627\u062f\u06af\u06cc\u0631\u06cc \u0639\u0645\u06cc\u0642 \u0628\u0631\u0627\u06cc \u0628\u0647\u0628\u0648\u062f \u062a\u0634\u062e\u06cc\u0635 \u0635\u062f\u0627\u06cc \u0633\u06cc\u0631\u06cc \u0648 \u062f\u0631\u06a9 \u0627\u0648\u0646 \u0627\u0632 \u0632\u0628\u0627\u0646 \u0637\u0628\u06cc\u0639\u06cc \u0648\u0644\u06cc \u06cc\u06a9 \u0686\u06cc\u0632 \u0628\u06cc\u0634\u062a\u0631 \u0627\u0632 \u0647\u0645\u0647 \u062a\u0648\u0634 \u0645\u0634\u0647\u0648\u062f \u0628\u0648\u062f: \u0639\u0642\u0628 \u0645\u0648\u0646\u062f\u0646 \u0627\u067e\u0644 \u0627\u0632 \u0641\u06cc\u0633\u0628\u0648\u06a9 \u0648 \u06af\u0648\u06af\u0644 \u2013 \u062a\u0627\u0632\u0647 \u062f\u0631 \u0645\u0642\u0627\u06cc\u0633\u0647 \u0628\u0627 \u062a\u06a9\u0646\u0648\u0644\u0648\u0698\u06cc\u200c\u0647\u0627\u06cc\u06cc \u06a9\u0647 \u0641\u06cc\u0633\u0628\u0648\u06a9 \u0648 \u06af\u0648\u06af\u0644 \u0647\u0631 \u0647\u0641\u062a\u0647 \u0622\u0632\u0627\u062f \u0627\u0639\u0644\u0627\u0645\u0634\u0648\u0646 \u0645\u06cc\u200c\u06a9\u0646\u0646 \u062a\u0627 \u0645\u0634\u0627\u0631\u06a9\u062a \u0646\u0633\u0628\u062a \u0628\u0647\u0634\u0648\u0646 \u0628\u0627\u0644\u0627\u062a\u0631 \u0628\u0631\u0647.</p><p style=\"border: 0px; font-family: DroidArabicNaskhRegular, sans-serif; font-size: 16px; margin-right: 0px; margin-bottom: 24px; margin-left: 0px; outline: 0px; padding: 0px; vertical-align: baseline; color: rgb(43, 43, 43); text-align: start;\">\u0645\u0634\u06a9\u0644 \u0627\u0635\u0644\u06cc \u0627\u067e\u0644 \u0638\u0627\u0647\u0631\u0627 \u0639\u062f\u0645 \u062a\u0648\u0627\u0646\u0627\u06cc\u06cc \u062f\u0631 \u062c\u0630\u0628 \u00ab\u0628\u0647\u062a\u0631\u06cc\u0646\u200c\u0647\u0627\u00bb\u06cc \u0628\u0627\u0632\u0627\u0631 \u06a9\u0627\u0631 \u0627\u06cc\u0646 \u062d\u0648\u0632\u0647 \u0627\u0633\u062a. \u0647\u0645\u0648\u0646\u0637\u0648\u0631 \u06a9\u0647&nbsp;<a href=\"https://www.bloomberg.com/news/articles/2015-10-29/apple-s-secrecy-hurts-its-ai-software-development\" style=\"border: 0px; font-family: inherit; font-style: inherit; font-weight: inherit; margin: 0px; outline: 0px; padding: 0px; vertical-align: baseline; color: rgb(36, 137, 13); text-decoration-line: underline;\">\u0645\u0642\u0627\u0644\u0647 \u0628\u0644\u0648\u0645\u0628\u0631\u06af</a>&nbsp;\u0647\u0645 \u0627\u0634\u0627\u0631\u0647 \u0645\u06cc\u200c\u06a9\u0646\u0647\u060c \u0645\u062e\u0641\u06cc \u06a9\u0627\u0631\u06cc \u062f\u0627\u062e\u0644\u06cc \u0627\u067e\u0644 \u062f\u0631 \u0645\u0648\u0631\u062f \u067e\u0631\u0648\u0698\u0647\u200c\u0647\u0627\u0634 \u0628\u0631\u0627\u06cc&nbsp;<em style=\"border: 0px; font-family: inherit; font-weight: inherit; margin: 0px; outline: 0px; padding: 0px; vertical-align: baseline;\">\u062f\u0627\u0646\u0634\u0645\u0646\u062f</em>\u0647\u0627 \u06cc\u06a9 \u062a\u0631\u0646 \u0622\u0641 \u062c\u062f\u06cc \u0627\u0633\u062a. \u0628\u0631\u0627\u06cc \u0645\u062b\u0627\u0644 \u0633\u0627\u0644 \u06af\u0630\u0634\u062a\u0647 \u062f\u0631 \u0628\u0632\u0631\u06af\u062a\u0631\u06cc\u0646 \u06a9\u0646\u0641\u0631\u0627\u0646\u0633 \u0647\u0648\u0634 \u0645\u0635\u0646\u0648\u0639\u06cc \u0633\u0627\u0644\u060c \u06a9\u0633\u0627\u0646\u06cc \u06a9\u0647 \u062a\u0648\u06cc \u06af\u0648\u06af\u0644\u060c \u0645\u0627\u06cc\u06a9\u0631\u0648\u0633\u0627\u0641\u062a \u0648 \u0622\u06cc\u200c\u0628\u06cc\u200c\u0627\u0645 \u06a9\u0627\u0631 \u0645\u06cc\u200c\u06a9\u0631\u062f\u0646 \u0633\u062e\u0646\u0631\u0627\u0646\u200c\u0647\u0627\u06cc \u067e\u0631 \u0645\u062e\u0627\u0637\u0628\u06cc \u0628\u0648\u062f\u0646 \u06a9\u0647 \u0645\u0642\u0627\u0644\u0647\u200c\u0647\u0627\u06cc \u0639\u0644\u0645\u06cc \u0645\u0647\u0645\u06cc \u0631\u0648 \u0647\u0645 \u062f\u0631 \u062d\u0648\u0632\u0647 \u06a9\u0627\u0631\u06cc\u0634\u0648\u0646 \u0686\u0627\u067e \u0645\u06cc\u200c\u06a9\u0646\u0646 \u0648\u0644\u06cc \u062a\u0648\u06cc \u0647\u0645\u06cc\u0646 \u06a9\u0646\u0641\u0631\u0627\u0646\u0633 \u06a9\u0633\u0627\u0646\u06cc \u06a9\u0647 \u0627\u0632 \u0637\u0631\u0641 \u0627\u067e\u0644 \u0634\u0631\u06a9\u062a \u06a9\u0631\u062f\u0647 \u0628\u0648\u062f\u0646\u060c \u062a\u0627 \u0648\u0642\u062a\u06cc \u06a9\u0647 \u0645\u0633\u062a\u0642\u06cc\u0645 \u062e\u0637\u0627\u0628\u0634\u0648\u0646 \u0646\u0645\u06cc\u200c\u06a9\u0631\u062f\u06cc\u0646 \u0648 \u0646\u0645\u06cc\u200c\u067e\u0631\u0633\u06cc\u062f\u06cc\u0646 \u00ab\u0627\u0632 \u06a9\u062c\u0627 \u0647\u0633\u062a\u06cc\u0646\u061f\u00bb \u0646\u0645\u06cc\u200c\u06af\u0641\u062a\u0646 \u06a9\u0647 \u0627\u0632 \u0627\u067e\u0644 \u0627\u0648\u0645\u062f\u0646\u061b \u0686\u0647 \u0628\u0631\u0633\u0647 \u0628\u0647 \u0627\u0631\u0627\u0626\u0647 \u0645\u0642\u0627\u0644\u0647.</p><p style=\"border: 0px; font-family: DroidArabicNaskhRegular, sans-serif; font-size: 16px; margin-right: 0px; margin-bottom: 24px; margin-left: 0px; outline: 0px; padding: 0px; vertical-align: baseline; color: rgb(43, 43, 43); text-align: start;\">\u0645\u0634\u062e\u0635\u0627 \u0634\u0645\u0627 \u0627\u06af\u0631 \u06cc\u06a9 \u062f\u0627\u0646\u0634\u0645\u0646\u062f \u06cc\u0627 \u0645\u062d\u0642\u0642 \u0628\u0627\u0634\u06cc\u0646 \u062f\u0648\u0633\u062a \u062f\u0627\u0631\u06cc\u0646 \u062f\u0631 \u062d\u0648\u0632\u0647 \u06a9\u0627\u0631\u06cc \u062e\u0648\u062f\u062a\u0648\u0646 \u0645\u0642\u0627\u0644\u0647 \u0645\u0646\u062a\u0634\u0631 \u06a9\u0646\u06cc\u0646 \u062a\u0627 \u0627\u0633\u0645 \u0648 \u0631\u0633\u0645 \u0648 \u0634\u0647\u0631\u062a\u06cc \u062f\u0631 \u062d\u0648\u0632\u0647 \u062e\u0648\u062f\u062a\u0648\u0646 \u0628\u0647 \u0647\u0645 \u0628\u0632\u0646\u06cc\u0646 \u0648 \u0628\u0647 \u0647\u0645\u06cc\u0646 \u062f\u0644\u06cc\u0644 \u0647\u0645 \u0647\u0633\u062a \u06a9\u0647 \u062a\u0627\u067e \u062a\u0644\u0646\u062a\u200c\u0647\u0627 (\u0628\u0647\u062a\u0631\u06cc\u0646 \u0627\u0633\u062a\u0639\u062f\u0627\u062f\u0647\u0627\u061f) \u062a\u0644\u0627\u0634\u0634\u0648\u0646 \u0631\u0648 \u0645\u06cc\u200c\u06a9\u0646\u0646 \u062a\u0627 \u062f\u0631 \u0645\u0631\u0627\u06a9\u0632 \u062a\u062d\u0642\u06cc\u0642 \u0648 \u062a\u0648\u0633\u0639\u0647 \u0634\u0631\u06a9\u062a\u200c\u0647\u0627\u06cc \u0628\u0632\u0631\u06af \u06a9\u0627\u0631 \u06a9\u0646\u0646. \u0645\u0639\u0644\u0648\u0645\u0647 \u06a9\u0647 \u0627\u06af\u0631 \u062f\u0631 \u0645\u0631\u0627\u06a9\u0632 \u062a\u062d\u0642\u06cc\u0642 \u0648 \u062a\u0648\u0633\u0639\u0647 \u06cc\u06a9\u06cc \u0627\u0632 \u0634\u0631\u06a9\u062a\u200c\u0647\u0627\u06cc \u0628\u0632\u0631\u06af \u06a9\u0627\u0631 \u06a9\u0646\u06cc\u0646\u060c \u06cc\u06a9 \u0622\u062f\u0645 \u062f\u06cc\u06af\u0647 \u0628\u0647\u062a\u0648\u0646 \u062d\u0642\u0648\u0642 \u0648 \u0648\u0633\u0627\u06cc\u0644 \u0645\u06cc\u200c\u062f\u0647 \u062a\u0627 \u0639\u0644\u0645 \u0631\u0648 \u067e\u06cc\u0634 \u0628\u0628\u0631\u06cc\u0646 \u0648 \u062e\u0648\u062f\u062a\u0648\u0646 \u0647\u0645 \u0645\u0634\u0647\u0648\u0631 \u0628\u0634\u06cc\u0646\u061b \u0628\u0647 \u062c\u0632 \u062d\u0627\u0644\u062a\u06cc \u06a9\u0647 \u0627\u06cc\u0646 \u0645\u0631\u06a9\u0632 \u0627\u067e\u0644 \u0628\u0627\u0634\u0647. \u0627\u06af\u0631 \u062f\u0631 \u0627\u067e\u0644 \u06a9\u0627\u0631 \u06a9\u0646\u06cc\u0646 \u0627\u062c\u0627\u0632\u0647 \u0686\u0627\u067e \u0645\u0642\u0627\u0644\u0647 \u0646\u062f\u0627\u0631\u06cc\u0646 \u0648 \u062f\u0631 \u0645\u062d\u06cc\u0637\u06cc \u0645\u062e\u0641\u06cc \u06a9\u0627\u0631 \u0645\u06cc \u06a9\u0646\u06cc\u0646 \u062a\u0627 \u0645\u062d\u0635\u0648\u0644\u06cc \u062f\u0648 \u0633\u0647 \u0633\u0627\u0644 \u062f\u06cc\u06af\u0647 \u0628\u0647 \u0628\u0627\u0632\u0627\u0631 \u0639\u0631\u0636\u0647 \u0628\u0634\u0647 \u0648 \u0627\u06cc\u0646 \u0645\u0637\u0644\u0648\u0628 \u0627\u06a9\u062b\u0631 \u0622\u062f\u0645\u200c\u0647\u0627\u06cc \u0639\u0644\u0645\u06cc \u0646\u06cc\u0633\u062a.</p><p style=\"border: 0px; font-family: DroidArabicNaskhRegular, sans-serif; font-size: 16px; margin-right: 0px; margin-bottom: 24px; margin-left: 0px; outline: 0px; padding: 0px; vertical-align: baseline; color: rgb(43, 43, 43); text-align: start;\">\u0627\u06cc\u0646 \u0645\u0633\u0627\u0644\u0647 \u0628\u0631\u0627\u06cc \u0648\u0636\u0639\u06cc\u062a \u0627\u06cc\u0631\u0627\u0646 \u0647\u0645 \u0645\u06cc\u200c\u062a\u0648\u0646\u0647 \u0635\u0627\u062f\u0642 \u0628\u0627\u0634\u0647. \u062a\u0627 \u062c\u0627\u06cc\u06cc \u06a9\u0647 \u0645\u0646 \u062f\u06cc\u062f\u0645 \u0634\u0631\u06a9\u062a\u200c\u0647\u0627\u06cc\u06cc \u06a9\u0647 \u0627\u0633\u0645 \u0648 \u0631\u0633\u0645 \u0628\u0647\u062a\u0631\u06cc \u062f\u0631 \u062c\u0627\u0645\u0639\u0647 \u0628\u0627\u0632\u0645\u062a\u0646 \u062f\u0627\u0631\u0646 \u0627\u0645\u06a9\u0627\u0646 \u0628\u0633\u06cc\u0627\u0631 \u0628\u0647\u062a\u0631\u06cc \u0628\u0631\u0627\u06cc \u062c\u0630\u0628 \u0627\u0633\u062a\u0639\u062f\u0627\u062f\u0647\u0627\u06cc \u062f\u0631 \u062d\u0627\u0644 \u0631\u0634\u062f \u06cc\u0627 \u0627\u0641\u0631\u0627\u062f \u0645\u062a\u062e\u0635\u0635 \u062f\u0631 \u062d\u0648\u0632\u0647 \u062f\u0627\u0631\u0646 \u0648 \u0627\u06af\u0631 \u0631\u0648\u0646\u062f \u0686\u0627\u067e \u062e\u0631\u0648\u062c\u06cc\u200c\u0647\u0627\u06cc \u0648\u0627\u0642\u0639\u06cc \u06a9\u0627\u0631\u0647\u0627 \u062f\u0631 \u0634\u0631\u06a9\u062a \u0647\u0627 \u0639\u0645\u0644\u06cc\u0627\u062a\u06cc \u0628\u0634\u0647\u060c \u0627\u062d\u062a\u0645\u0627\u0644\u0627 \u067e\u06cc\u0648\u0646\u062f \u0646\u0627\u0645\u0648\u062c\u0648\u062f \u0628\u06cc\u0646 \u0639\u0644\u0645 \u0648 \u0635\u0646\u0639\u062a \u06a9\u0645 \u06a9\u0645 \u0645\u0645\u06a9\u0646\u0647 \u06a9\u0645\u06cc \u0647\u0648\u06cc\u062f\u0627 \u062a\u0631 \u0628\u0634\u0647.</p><p style=\"border: 0px; font-family: DroidArabicNaskhRegular, sans-serif; font-size: 16px; margin-right: 0px; margin-bottom: 24px; margin-left: 0px; outline: 0px; padding: 0px; vertical-align: baseline; color: rgb(43, 43, 43); text-align: start;\">\u06cc\u06a9 \u0646\u06a9\u062a\u0647 \u0628\u0631\u0627\u06cc \u062f\u0648\u0644\u062a: \u0645\u0646\u0638\u0648\u0631\u0645 \u0627\u06cc\u0646 \u0646\u06cc\u0633\u062a \u06a9\u0647 \u0634\u0645\u0627 \u0628\u06cc\u0627\u06cc\u0646 \u06cc\u06a9 \u0642\u0627\u0646\u0648\u0646 \u0632\u0648\u0631 \u06a9\u0646\u06cc\u0646 \u06a9\u0647 \u0634\u0631\u06a9\u062a \u0647\u0627\u06cc \u062f\u0627\u0646\u0634 \u0628\u0646\u06cc\u0627\u0646 \u0628\u0627\u06cc\u062f \u0633\u0627\u0644\u06cc \u062f\u0648 \u062a\u0627 \u0645\u0642\u0627\u0644\u0647 ISI \u0647\u0645 \u0686\u0627\u067e \u06a9\u0646\u0646! \u0627\u06af\u0631 \u0645\u06cc\u200c\u062e\u0648\u0627\u06cc\u0646 \u06a9\u0627\u0631 \u0645\u062b\u0628\u062a\u06cc \u0628\u06a9\u0646\u06cc\u0646 \u0642\u0648\u0627\u0646\u06cc\u0646 \u0646\u0638\u0627\u0631\u062a \u0648 \u06a9\u0646\u062a\u0631\u0644 \u0648 \u062c\u0647\u062a \u062f\u0647\u06cc \u0648 \u0645\u0633\u06cc\u0631\u0628\u062e\u0634 \u0648 \u0647\u062f\u0641\u200c\u0633\u0627\u0632 \u0648 .. \u0631\u0648 \u06a9\u0645 \u0648 \u06a9\u0645\u062a\u0631 \u06a9\u0646\u06cc\u0646.</p>", "image": "blog/images/5.jpg", "publish": "2020-09-01T19:21:17Z", "created": "2020-09-01T19:22:41.512Z", "updated": "2020-09-01T19:41:12.218Z", "status": "p", "category": [1]}}, {"model": "blog.article", "pk": 7, "fields": {"author": null, "title": "\u06a9\u0627\u0631\u062a \u0648\u06cc\u0632\u06cc\u062a\u06cc \u06a9\u0647 \u0644\u06cc\u0646\u0648\u06a9\u0633 \u0627\u062c\u0631\u0627 \u0645\u06cc\u200c\u06a9\u0646\u0647", "slug": "vissit-cart", "description": "<p><span style=\"color: rgb(43, 43, 43); font-family: DroidArabicNaskhRegular, sans-serif; font-size: 16px; text-align: start;\">\u0627\u0645\u0631\u0648\u0632 \u062a\u0648\u06cc \u062e\u0628\u0631\u0647\u0627\u06cc \u0644\u06cc\u0646\u0648\u06a9\u0633&nbsp;</span><a href=\"https://www.thirtythreeforty.net/posts/2019/12/my-business-card-runs-linux/\" style=\"border: 0px; font-family: DroidArabicNaskhRegular, sans-serif; font-size: 16px; margin: 0px; outline: 0px; padding: 0px; vertical-align: baseline; color: rgb(36, 137, 13); text-decoration-line: underline; text-align: start; background-color: rgb(255, 255, 255);\">\u0627\u06cc\u0646 \u0645\u0637\u0644\u0628 \u062e\u06cc\u0644\u06cc \u062c\u0630\u0627\u0628 \u0634\u062f\u0647</a><span style=\"color: rgb(43, 43, 43); font-family: DroidArabicNaskhRegular, sans-serif; font-size: 16px; text-align: start;\">&nbsp;\u0648 \u0647\u0645\u0647 \u062f\u0631 \u0645\u0648\u0631\u062f\u0634 \u062d\u0631\u0641 \u0645\u06cc\u200c\u0632\u0646\u0646. \u06cc\u0647 \u0628\u0631\u0646\u0627\u0645\u0647 \u0646\u0648\u06cc\u0633 \u0633\u06cc\u0633\u062a\u0645\u200c\u0647\u0627\u06cc \u0627\u0645\u0628\u062f\u062f \u06a9\u0627\u0631\u062a \u0648\u06cc\u0632\u06cc\u062a \u06cc\u0627 \u0628\u06cc\u0632\u0646\u0633 \u06a9\u0627\u0631\u062a\u06cc \u06a9\u0647 \u062f\u0631\u0633\u062a \u06a9\u0631\u062f\u0647 \u0631\u0648 \u0645\u0639\u0631\u0641\u06cc \u0645\u06cc\u200c\u06a9\u0646\u0647. \u0645\u06cc \u06af\u0647 \u0639\u0644\u0627\u0642\u0645\u0646\u062f \u0628\u0647 \u0686\u06cc\u067e\u200c\u0647\u0627\u06cc \u062e\u06cc\u0644\u06cc \u0627\u0631\u0632\u0648\u0646\u06cc \u0627\u0633\u062a \u06a9\u0647 \u0645\u06cc\u200c\u062a\u0648\u0646\u0646 \u0644\u06cc\u0646\u0648\u06a9\u0633 \u0631\u0627\u0646 \u06a9\u0646\u0646 \u0648 \u062a\u0627 \u0627\u0648\u0646\u062c\u0627 \u067e\u06cc\u0634 \u0631\u0641\u062a\u0647 \u06a9\u0647 \u0686\u06cc\u067e\u200c\u0647\u0627\u06cc\u06cc \u062f\u0627\u0631\u0647 \u06a9\u0647 \u0645\u06cc\u200c\u0634\u0647 \u0645\u062c\u0627\u0646\u06cc \u0628\u0647 \u0627\u06cc\u0646 \u0648 \u0627\u0648\u0646 \u062f\u0627\u062f\u0634\u0648\u0646. \u0628\u0639\u062f \u0628\u0627 \u062e\u0648\u062f\u0634 \u0641\u06a9\u0631 \u0645\u06cc\u200c\u06a9\u0646\u0647 \u06a9\u0647 \u0686\u0631\u0627 \u0627\u0632 \u0627\u06cc\u0646\u200c\u0647\u0627 \u06cc\u0647 \u06a9\u0627\u0631\u062a \u0648\u06cc\u0632\u06cc\u062a \u0644\u06cc\u0646\u0648\u06a9\u0633\u06cc \u062f\u0631\u0633\u062a \u0646\u06a9\u0646\u0647 \u0648 \u0627\u0644\u0627\u0646 \u0628\u0647 \u0627\u0648\u0646 \u0639\u06a9\u0633 \u0628\u0627\u0644\u0627 \u0631\u0633\u06cc\u062f\u0647.</span></p><p style=\"border: 0px; font-family: DroidArabicNaskhRegular, sans-serif; font-size: 16px; margin-right: 0px; margin-bottom: 24px; margin-left: 0px; outline: 0px; padding: 0px; vertical-align: baseline; color: rgb(43, 43, 43); text-align: start;\">\u06af\u0631 \u0627\u06cc\u0646 \u06a9\u0627\u0645\u067e\u06cc\u0648\u062a\u0631 \u0631\u0648 \u0628\u0647 \u06cc\u0647 \u06a9\u0627\u0645\u067e\u06cc\u0648\u062a\u0631 \u062f\u06cc\u06af\u0647 \u0648\u0635\u0644 \u06a9\u0646\u06cc\u0646\u060c \u062f\u0631 \u062a\u0642\u0631\u06cc\u0628\u0627 \u06f6 \u062b\u0627\u0646\u06cc\u0647 \u0628\u0648\u062a \u0645\u06cc\u200c\u0634\u0647 \u0648 \u0639\u0644\u0627\u0648\u0647 \u0628\u0631 \u06cc\u0647 \u0641\u0648\u0644\u062f\u0631 \u06a9\u0647 \u062a\u0648\u0634 \u0641\u0627\u06cc\u0644 \u0647\u0627\u06cc\u06cc \u0645\u062b\u0644 \u0631\u0632\u0648\u0645\u0647 \u0648 \u0627\u06cc\u0646\u0647\u0627 \u0647\u0633\u062a\u060c \u06cc\u0647 \u067e\u0648\u0631\u062a \u0633\u0631\u06cc\u0627\u0644 \u0647\u0645 \u0628\u0647 \u0634\u0645\u0627 \u0645\u06cc\u200c\u062f\u0647 \u06a9\u0647 \u0627\u06af\u0631 \u0627\u0632 \u0637\u0631\u06cc\u0642\u0634 \u0628\u0647 \u0644\u06cc\u0646\u0648\u06a9\u0633\u06cc \u06a9\u0647 \u062f\u0627\u0631\u0647 \u0631\u0648\u06cc \u06a9\u0627\u0631\u062a \u0648\u06cc\u0632\u06cc\u062a \u0648\u0635\u0644 \u0645\u06cc \u0634\u0647 \u0648\u0635\u0644 \u0628\u0634\u06cc\u0646\u060c \u0645\u06cc\u200c\u062a\u0648\u0646\u06cc\u0646 \u0628\u0647 \u0686\u0646\u062f \u0628\u0627\u0632\u06cc \u062c\u0645\u0639 \u0648 \u062c\u0648\u0631 \u0644\u06cc\u0646\u0648\u06a9\u0633\u06cc \u06a9\u0627\u0645\u0646\u062f \u0644\u0627\u06cc\u0646\u06cc \u0648 \u06cc\u0647&nbsp;<a href=\"https://jadi.net/2014/03/how-to-win-2048/\" style=\"border: 0px; font-family: inherit; font-style: inherit; font-weight: inherit; margin: 0px; outline: 0px; padding: 0px; vertical-align: baseline; color: rgb(36, 137, 13); text-decoration-line: underline;\">\u06f2\u06f0\u06f4\u06f8</a>&nbsp;\u0648 \u062d\u062a\u06cc \u06cc\u0647 \u0645\u0641\u0633\u0631 \u0645\u06cc\u06a9\u0631\u0648\u067e\u0627\u06cc\u062a\u0648\u0646 \u062f\u0633\u062a\u0631\u0633\u06cc \u062f\u0627\u0634\u062a\u0647 \u0628\u0627\u0634\u06cc\u0646. \u0647\u0645\u0647 \u0627\u06cc\u0646\u0647\u0627 \u0631\u0648\u06cc\u06cc\u0647 \u0686\u06cc\u067e \u06f8 \u0645\u06af\u06cc \u0628\u0627 \u06cc\u0647 \u0628\u0648\u062a \u0644\u0648\u062f\u0631 \u06f2\u06f5\u06f6\u06a9\u06cc\u0644\u0648\u06cc\u06cc \u0648 \u06cc\u0647 \u06a9\u0631\u0646\u0644 \u06f1.\u06f6 \u0645\u06af\u06cc \u067e\u06cc\u0627\u062f\u0647 \u0633\u0627\u0632\u06cc \u0634\u062f\u0646. \u06a9\u0644 \u0641\u0627\u06cc\u0644 \u0633\u06cc\u0633\u062a\u0645 \u0631\u0648\u062a \u06f2.\u06f4 \u0645\u06af \u0628\u06cc\u0634\u062a\u0631 \u0646\u06cc\u0633\u062a \u0648 \u0647\u0648\u0645 \u0647\u0645 \u0642\u0627\u0628\u0644 \u0646\u0648\u0634\u062a\u0646 \u0627\u0633\u062a.</p><p style=\"border: 0px; font-family: DroidArabicNaskhRegular, sans-serif; font-size: 16px; margin-right: 0px; margin-bottom: 24px; margin-left: 0px; outline: 0px; padding: 0px; vertical-align: baseline; color: rgb(43, 43, 43); text-align: start;\">\u0642\u06cc\u0645\u062a\u061f \u0647\u0645\u0647 \u0627\u06cc\u0646 \u0633\u06cc\u0633\u062a\u0645 \u0631\u0648\u06cc \u0647\u0645 \u06a9\u0645\u062a\u0631 \u0627\u0632 \u06f3 \u062f\u0644\u0627\u0631 \u0642\u06cc\u0645\u062a \u062f\u0627\u0631\u0647 \u0648 \u0627\u0644\u0628\u062a\u0647 \u06a9\u0645\u0627\u06a9\u0627\u0646 \u0627\u06af\u0631 \u06a9\u0633\u06cc \u0627\u0648\u0646\u0648 \u0628\u06af\u06cc\u0631\u0647\u060c \u06cc\u0639\u0646\u06cc \u062e\u06cc\u0644\u06cc \u062c\u062f\u06cc \u06af\u0631\u0641\u062a\u0647 \u0634\u062f\u0647 (:</p><p style=\"border: 0px; font-family: DroidArabicNaskhRegular, sans-serif; font-size: 16px; margin-right: 0px; margin-bottom: 24px; margin-left: 0px; outline: 0px; padding: 0px; vertical-align: baseline; color: rgb(43, 43, 43); text-align: start;\">\u0628\u0631\u0627\u06cc \u062a\u0648\u0636\u06cc\u062d\u0627\u062a \u0628\u06cc\u0634\u062a\u0631 \u062f\u0631 \u0645\u0648\u0631\u062f&nbsp;<a href=\"https://www.thirtythreeforty.net/posts/2019/12/my-business-card-runs-linux/\" style=\"border: 0px; font-family: inherit; font-style: inherit; font-weight: inherit; margin: 0px; outline: 0px; padding: 0px; vertical-align: baseline; color: rgb(36, 137, 13); text-decoration-line: underline;\">\u0645\u0631\u0627\u062d\u0644 \u0633\u0627\u062e\u062a \u0648 \u0637\u0631\u0627\u062d\u06cc</a>&nbsp;\u0627\u06cc\u0646\u062c\u0627 \u0631\u0648 \u0628\u0628\u06cc\u0646\u06cc\u0646.</p><p><br></p>", "image": "blog/images/8.jpg", "publish": "2020-09-01T19:28:27Z", "created": "2020-09-01T19:29:46.320Z", "updated": "2020-09-01T19:41:08.477Z", "status": "p", "category": [1]}}, {"model": "blog.article", "pk": 8, "fields": {"author": null, "title": "\u062a\u0635\u0648\u06cc\u0631 \u062a\u0648\u0631\u06cc\u0646\u06af \u0631\u0648\u06cc \u0627\u0633\u06a9\u0646\u0627\u0633\u200c\u0647\u0627\u06cc \u06f5\u06f0 \u067e\u0648\u0646\u062f\u06cc \u0627\u0646\u06af\u0644\u06cc\u0633", "slug": "turing", "description": "<p style=\"border: 0px; font-family: DroidArabicNaskhRegular, sans-serif; font-size: 16px; margin-right: 0px; margin-bottom: 24px; margin-left: 0px; outline: 0px; padding: 0px; vertical-align: baseline; color: rgb(43, 43, 43); text-align: start;\">\u0628\u0647 \u0646\u0638\u0631 \u0645\u06cc\u200c\u0631\u0633\u0647 \u06a9\u0647 \u0628\u0627\u0644\u0627\u062e\u0631\u0647 \u062f\u0631\u062e\u0648\u0627\u0633\u062a\u200c\u0647\u0627 \u0648 \u067e\u062a\u06cc\u0634\u0646\u200c\u0647\u0627 \u0648 \u067e\u06cc\u0634\u0646\u0647\u0627\u062f\u0647\u0627 \u062c\u0648\u0627\u0628 \u062f\u0627\u062f\u0647 \u0648 \u0645\u0631\u062f\u0645 \u0627\u0646\u06af\u0644\u06cc\u0633 \u0627\u0632 \u06f2\u06f0\u06f2\u06f1\u060c \u0634\u0627\u0647\u062f \u0627\u0633\u06a9\u0646\u0627\u0633\u200c\u0647\u0627\u06cc \u06f5\u06f0 \u067e\u0648\u0646\u062f\u06cc \u067e\u0644\u0645\u06cc\u0631\u06cc \u0628\u0627 \u062a\u0635\u0648\u06cc\u0631 \u0622\u0644\u0646 \u062a\u0648\u0631\u06cc\u0646\u06af \u062e\u0648\u0627\u0647\u0646\u062f \u0628\u0648\u062f! \u0628\u0627\u0648\u0631\u0634 \u0633\u062e\u062a\u0647 \u0648\u0644\u06cc&nbsp;<a href=\"https://www.bankofengland.co.uk/news/2019/july/50-pound-banknote-character-announcement\" style=\"border: 0px; font-family: inherit; font-style: inherit; font-weight: inherit; margin: 0px; outline: 0px; padding: 0px; vertical-align: baseline; color: rgb(36, 137, 13); text-decoration-line: underline;\">\u0633\u0627\u06cc\u062a \u0628\u0627\u0646\u06a9 \u0627\u0646\u06af\u0644\u0633\u062a\u0627\u0646 \u0647\u0645 \u0647\u0645\u06cc\u0646 \u0631\u0648 \u0645\u06cc \u06af\u0647</a>. \u067e\u0631\u0648\u0633\u0647 \u0627\u0646\u062a\u062e\u0627\u0628 \u062f\u0627\u0646\u0634\u0645\u0646\u062f\u06cc \u06a9\u0647 \u0642\u0631\u0627\u0631\u0647 \u0631\u0648\u06cc \u067e\u0648\u0644 \u0628\u0627\u0634\u0647 \u0627\u0632 \u06f2\u06f0\u06f1\u06f8 \u0634\u0631\u0648\u0639 \u0634\u062f. \u0627\u0648\u0644 \u0645\u0631\u062f\u0645 \u0628\u06cc\u0634\u062a\u0631 \u0627\u0632 \u06f2\u06f2\u06f7\u0647\u0632\u0627\u0631 \u0646\u0641\u0631 \u0631\u0648 \u0646\u0627\u0645\u0632\u062f \u0627\u06cc\u0646 \u0627\u0641\u062a\u062e\u0627\u0631 \u06a9\u0631\u062f\u0646 \u06a9\u0647 \u0628\u0639\u062f\u0634 \u0628\u0647 \u06f9\u06f8\u06f9 \u0646\u0641\u0631 \u062a\u0642\u0644\u06cc\u0644 \u067e\u06cc\u062f\u0627 \u06a9\u0631\u062f \u0648 \u062f\u0631 \u0646\u0647\u0627\u06cc\u062a \u06cc\u06a9 \u0644\u06cc\u0633\u062a \u06f1\u06f2 \u0646\u0641\u0631\u0647 \u0627\u0632\u0634 \u0628\u06cc\u0631\u0648\u0646 \u0627\u0645\u062f \u0648 \u0628\u0647 \u0645\u062f\u06cc\u0631 \u0628\u0627\u0646\u06a9 \u0627\u0646\u06af\u0644\u0633\u062a\u0627\u0646 \u067e\u06cc\u0634\u0646\u0647\u0627\u062f \u0634\u062f.</p><p style=\"border: 0px; font-family: DroidArabicNaskhRegular, sans-serif; font-size: 16px; margin-right: 0px; margin-bottom: 24px; margin-left: 0px; outline: 0px; padding: 0px; vertical-align: baseline; color: rgb(43, 43, 43); text-align: start;\">\u0645\u062f\u06cc\u0631 \u0628\u0627\u0646\u06a9 \u0627\u0646\u06af\u0644\u0633\u062a\u0627\u0646 \u0645\u06cc \u06af\u0647 \u00ab\u0622\u0644\u0646 \u062a\u0648\u0631\u06cc\u0646\u06af \u0631\u06cc\u0627\u0636\u06cc \u062f\u0627\u0646\u06cc \u0628\u0631\u062c\u0633\u062a\u0647 \u0628\u0648\u062f \u06a9\u0647 \u06a9\u0627\u0631\u0634 \u062a\u0627\u062b\u06cc\u0631\u06cc \u0628\u0632\u0631\u06af \u0628\u0631 \u0631\u0648\u06cc \u0632\u0646\u062f\u06af\u06cc \u0627\u0645\u0631\u0648\u0632 \u0645\u0627 \u062f\u0627\u0631\u0647. \u062a\u0648\u0631\u06cc\u0646\u06af \u0628\u0647 \u0639\u0646\u0648\u0627\u0646 \u067e\u062f\u0631 \u0639\u0644\u0648\u0645 \u06a9\u0627\u0645\u067e\u06cc\u0648\u062a\u0631 \u0648 \u0647\u0648\u0634 \u0645\u0635\u0646\u0648\u0639\u06cc \u0648 \u0647\u0645\u06cc\u0646\u0637\u0648\u0631 \u0628\u0647 \u0639\u0646\u0648\u0627\u0646 \u06cc\u06a9 \u0642\u0647\u0631\u0645\u0627\u0646\u060c \u063a\u0648\u0644\u06cc \u0627\u0633\u062a \u06a9\u0647 \u062d\u0627\u0644\u0627 \u062e\u06cc\u0644\u06cc \u0647\u0627 [\u0628\u0631\u0627\u06cc \u0628\u0647 \u0627\u0648\u062c \u0631\u0633\u06cc\u062f\u0646] \u0631\u0648\u06cc \u062f\u0648\u0634\u200c\u0647\u0627\u06cc \u0627\u0648\u0646 \u0627\u06cc\u0633\u062a\u0627\u062f\u0646\u00bb.</p><p style=\"border: 0px; font-family: DroidArabicNaskhRegular, sans-serif; font-size: 16px; margin-right: 0px; margin-bottom: 24px; margin-left: 0px; outline: 0px; padding: 0px; vertical-align: baseline; color: rgb(43, 43, 43); text-align: start;\">\u0627\u0632 \u062f\u0644\u0627\u06cc\u0644 \u0627\u0646\u062a\u062e\u0627\u0628 \u0622\u0644\u0646 \u062a\u0648\u0631\u06cc\u0646\u06af \u0645\u0646\u0637\u0642\u0627 \u0645\u06cc \u0634\u0647 \u0628\u0647 \u067e\u0627\u06cc\u0647 \u06af\u0630\u0627\u0631\u06cc \u0627\u0635\u0648\u0644 \u06a9\u0627\u0645\u067e\u06cc\u0648\u062a\u0631\u0647\u0627\u06cc \u0627\u0645\u0631\u0648\u0632\u06cc (\u0645\u0627\u0634\u06cc\u0646 \u0647\u0627\u06cc \u062a\u0648\u0631\u06cc\u0646\u06af)\u060c \u067e\u0627\u06cc\u0647 \u06af\u0630\u0627\u0631\u06cc \u0647\u0648\u0634 \u0645\u0635\u0646\u0648\u0639\u06cc (\u062a\u0633\u062a \u062a\u0648\u0631\u06cc\u0646\u06af) \u0648 \u0647\u0645\u06a9\u0627\u0631\u06cc \u0645\u0648\u062b\u0631 \u062f\u0631 \u0633\u0627\u062e\u062a \u0645\u0627\u0634\u06cc\u0646\u06cc \u0628\u0631\u0627\u06cc \u0634\u06a9\u0633\u062a\u0646 \u0631\u0645\u0632\u0646\u06af\u0627\u0631\u06cc \u0622\u0644\u0645\u0627\u0646\u06cc \u0647\u0627 \u062f\u0631 \u062c\u0646\u06af \u062c\u0647\u0627\u0646\u06cc \u062f\u0648\u0645 (\u0627\u0646\u06cc\u06af\u0645\u0627) \u0646\u0627\u0645 \u0628\u0631\u062f.</p><p style=\"border: 0px; font-family: DroidArabicNaskhRegular, sans-serif; font-size: 16px; margin-right: 0px; margin-bottom: 24px; margin-left: 0px; outline: 0px; padding: 0px; vertical-align: baseline; color: rgb(43, 43, 43); text-align: start;\">\u062a\u0648\u0631\u06cc\u0646\u06af \u0628\u0647 \u062e\u0627\u0637\u0631 \u06af\u0631\u0627\u06cc\u0634 \u062c\u0646\u0633\u06cc \u0627\u0634 \u062f\u0631 \u062f\u0648\u0631\u0627\u0646 \u062e\u0648\u062f\u0634 \u0645\u062a\u062d\u0645\u0644 \u0641\u0634\u0627\u0631\u0647\u0627\u06cc \u0632\u06cc\u0627\u062f\u06cc \u0634\u062f \u0648 \u0633\u0627\u0644\u200c\u0647\u0627 \u067e\u0633 \u0627\u0632 \u0645\u0631\u06af\u0634\u060c \u0645\u0644\u06a9\u0647 \u0628\u0647 \u062e\u0627\u0637\u0631 \u0627\u0648\u0646 \u0631\u0641\u062a\u0627\u0631 \u0627\u0632\u0634 \u0645\u0639\u0630\u0631\u062a \u062e\u0648\u0627\u0647\u06cc \u06a9\u0631\u062f. \u062d\u062f\u0627\u0642\u0644 \u0646\u0645\u0627\u06cc\u0634\u06cc \u0627\u0632 \u0627\u06cc\u0646\u06a9\u0647 \u00ab\u0645\u06cc \u062f\u0648\u0646\u06cc\u0645 \u0627\u0634\u062a\u0628\u0627\u0647 \u06a9\u0631\u062f\u06cc\u0645\u00bb.</p><p style=\"border: 0px; font-family: DroidArabicNaskhRegular, sans-serif; font-size: 16px; margin-right: 0px; margin-bottom: 24px; margin-left: 0px; outline: 0px; padding: 0px; vertical-align: baseline; color: rgb(43, 43, 43); text-align: start;\">\u0637\u0631\u062d \u0627\u0628\u062a\u062f\u0627\u06cc\u06cc \u0627\u0633\u06a9\u0646\u0627\u0633 \u06a9\u0647 \u0646\u0634\u0648\u0646 \u062f\u0627\u062f\u0647 \u0634\u062f\u0647 \u062d\u0627\u0648\u06cc \u0639\u0646\u0627\u0635\u0631 \u0632\u06cc\u0631 \u0627\u0633\u062a:</p><ul style=\"border: 0px; font-family: Lato, sans-serif; font-size: 16px; margin-right: 0px; margin-bottom: 24px; margin-left: 20px; outline: 0px; padding: 0px; vertical-align: baseline; list-style-position: initial; list-style-image: initial; color: rgb(43, 43, 43); text-align: start;\"><li style=\"border: 0px; font-family: inherit; font-style: inherit; font-weight: inherit; margin: 0px; outline: 0px; padding: 0px; vertical-align: baseline;\">\u062a\u0635\u0648\u06cc\u0631 \u062a\u0648\u0631\u06cc\u0646\u06af \u06a9\u0647 \u062f\u0631 \u06f1\u06f9\u06f5\u06f1 \u06af\u0631\u0641\u062a\u0647 \u0634\u062f\u0647</li><li style=\"border: 0px; font-family: inherit; font-style: inherit; font-weight: inherit; margin: 0px; outline: 0px; padding: 0px; vertical-align: baseline;\">\u062c\u062f\u0648\u0644 \u0648 \u0641\u0631\u0645\u0648\u0644 \u0631\u06cc\u0627\u0636\u06cc \u0645\u0642\u0627\u0644\u0647 \u0627\u06cc \u0627\u0632 \u062a\u0648\u0631\u06cc\u0646\u06af \u06a9\u0647 \u067e\u0627\u06cc\u0647 \u0647\u0627\u06cc \u0639\u0644\u0648\u0645 \u06a9\u0627\u0645\u067e\u06cc\u0648\u062a\u0631 \u0627\u0645\u0631\u0648\u0632\u06cc \u0631\u0648 \u0628\u0646\u06cc\u0627\u0646 \u06af\u0630\u0627\u0634\u062a (On Computable Numbers, with an application to the Entscheidungsproblem) \u0648 \u062a\u0648\u0634 \u0645\u0641\u0647\u0648\u0645 \u0645\u0627\u0634\u06cc\u0646\u200c\u0647\u0627\u06cc \u062a\u0648\u0631\u06cc\u0646\u06af \u062a\u0648\u0636\u06cc\u062d \u062f\u0627\u062f\u0647 \u0634\u062f\u0646</li><li style=\"border: 0px; font-family: inherit; font-style: inherit; font-weight: inherit; margin: 0px; outline: 0px; padding: 0px; vertical-align: baseline;\">\u062a\u0635\u0648\u06cc\u0631 \u067e\u0627\u06cc\u0644\u0648\u062a \u0645\u0627\u0634\u06cc\u0646 \u0645\u062d\u0627\u0633\u0628\u0647 \u0627\u062a\u0648\u0645\u0627\u062a\u06cc\u06a9 \u06a9\u0647 \u0627\u0648\u0644\u06cc\u0646 \u062f\u0633\u062a\u06af\u0627\u0647\u06cc \u0628\u0648\u062f \u06a9\u0647 \u0628\u0631\u0646\u0627\u0645\u0647 \u0627\u0634 \u0631\u0648 \u0628\u0647 \u0634\u06a9\u0644 \u0627\u0644\u06a9\u062a\u0631\u0648\u0646\u06cc\u06a9 \u0630\u062e\u06cc\u0631\u0647 \u0645\u06cc \u06a9\u0631\u062f</li><li style=\"border: 0px; font-family: inherit; font-style: inherit; font-weight: inherit; margin: 0px; outline: 0px; padding: 0px; vertical-align: baseline;\">\u0637\u0631\u0627\u062d\u06cc \u0641\u0646\u06cc British Bombe \u06a9\u0647 \u062f\u0633\u062a\u06af\u0627\u0647\u06cc \u0628\u0648\u062f \u0628\u0631\u0627\u06cc \u06a9\u0645\u06a9 \u0628\u0647 \u0631\u0645\u0632\u0634\u06a9\u0646\u06cc \u0627\u0646\u06cc\u06af\u0645\u0627 \u062f\u0631 \u0637\u0648\u0644 \u062c\u0646\u06af \u062c\u0647\u0627\u0646\u06cc \u062f\u0648\u0645</li><li style=\"border: 0px; font-family: inherit; font-style: inherit; font-weight: inherit; margin: 0px; outline: 0px; padding: 0px; vertical-align: baseline;\">\u0646\u0642\u0644 \u0642\u0648\u0644\u06cc \u0627\u0632 \u062a\u0648\u0631\u06cc\u0646\u06af \u062f\u0631 \u06f1\u06f9\u06f4\u06f9 \u06a9\u0647 \u0645\u06cc \u06af\u0647 \u00ab\u0627\u06cc\u0646 \u062a\u0646\u0647\u0627 \u0645\u0632\u0647 \u0645\u0632\u0647 \u06a9\u0631\u062f\u0646 \u0686\u06cc\u0632\u06cc \u0627\u0633\u062a \u06a9\u0647 \u0642\u0631\u0627\u0631 \u0627\u0633\u062a \u0628\u0647 \u0648\u062c\u0648\u062f \u0628\u06cc\u0627\u062f\u060c \u062a\u0646\u0647\u0627 \u0633\u0627\u06cc\u0647 \u0627\u06cc \u0627\u0632 \u0622\u0646\u0686\u0647 \u062e\u0648\u0627\u0647\u062f \u0622\u0645\u062f\u00bb.</li><li style=\"border: 0px; font-family: inherit; font-style: inherit; font-weight: inherit; margin: 0px; outline: 0px; padding: 0px; vertical-align: baseline;\">\u0627\u0645\u0636\u0627\u06cc \u062a\u0648\u0631\u06cc\u0646\u06af</li><li style=\"border: 0px; font-family: inherit; font-style: inherit; font-weight: inherit; margin: 0px; outline: 0px; padding: 0px; vertical-align: baseline;\">\u0646\u0648\u0627\u0631 \u062a\u06cc\u067e \u062d\u0627\u0648\u06cc \u062a\u0627\u0631\u06cc\u062e \u062a\u0648\u0644\u062f \u062a\u0648\u0631\u06cc\u0646\u06af \u0628\u0647 \u0628\u0627\u06cc\u0646\u0631\u06cc. \u062a\u0648\u0631\u06cc\u0646\u06af \u062f\u0631 \u0645\u0642\u0627\u0644\u0647 \u06f1\u06f9\u06f3\u06f6\u060c \u0645\u0641\u0647\u0648\u0645 \u0646\u0648\u0627\u0631 \u062a\u06cc\u067e \u0648 \u06a9\u0627\u0645\u067e\u06cc\u0648\u062a\u0631\u06cc \u0631\u0627 \u06a9\u0647 \u0627\u0632 \u0631\u0648\u06cc \u0622\u0646 \u0628\u0631\u0646\u0627\u0645\u0647 \u0627\u06cc \u0631\u0627 \u0627\u062c\u0631\u0627 \u0645\u06cc \u06a9\u0646\u062f\u060c \u0645\u0637\u0631\u062d \u06a9\u0631\u062f\u0647 \u0628\u0648\u062f</li></ul><p style=\"border: 0px; font-family: DroidArabicNaskhRegular, sans-serif; font-size: 16px; margin-right: 0px; margin-bottom: 24px; margin-left: 0px; outline: 0px; padding: 0px; vertical-align: baseline; color: rgb(43, 43, 43); text-align: start;\">\u0645\u0637\u0645\u0626\u0646\u0627 \u062f\u0646\u06cc\u0627\u06cc\u06cc \u06a9\u0647 \u0639\u06a9\u0633 \u062f\u0627\u0646\u0634\u0645\u0646\u062f\u0647\u0627 \u0631\u0648\u06cc \u067e\u0648\u0644\u200c\u0647\u0627 \u0628\u0627\u0634\u0647\u060c \u0628\u0647\u062a\u0631 \u0627\u0632 \u062f\u0646\u06cc\u0627\u06cc\u06cc \u0627\u0633\u062a \u06a9\u0647 \u0639\u06a9\u0633 \u0633\u06cc\u0627\u0633\u062a\u0645\u062f\u0627\u0631\u0647\u0627 \u0648 \u0628\u062e\u0635\u0648\u0635 \u062f\u06cc\u06a9\u062a\u0627\u062a\u0648\u0631\u0647\u0627 \u0631\u0648\u06cc \u067e\u0648\u0644 \u0647\u0627 \u0628\u0627\u0634\u0647 (:</p>", "image": "blog/images/w.png", "publish": "2020-09-01T19:30:07Z", "created": "2020-09-01T19:30:59.256Z", "updated": "2020-09-01T19:41:03.603Z", "status": "p", "category": [1]}}, {"model": "blog.article", "pk": 9, "fields": {"author": null, "title": "\u06cc\u06a9 \u06a9\u0627\u0645\u067e\u06cc\u0648\u062a\u0631 \u0633\u06cc\u0646\u06af\u0644 \u0628\u0631\u062f \u062c\u062f\u06cc\u062f \u0644\u06cc\u0646\u0648\u06a9\u0633\u06cc \u0628\u0627 \u0642\u06cc\u0645\u062a \u0641\u0642\u0637 \u06f6 \u062f\u0644\u0627\u0631", "slug": "single-board", "description": "<p style=\"border: 0px; font-family: DroidArabicNaskhRegular, sans-serif; font-size: 16px; margin-right: 0px; margin-bottom: 24px; margin-left: 0px; outline: 0px; padding: 0px; vertical-align: baseline; color: rgb(43, 43, 43); text-align: start;\">\u0686\u0646\u062f \u0633\u0627\u0644 \u067e\u06cc\u0634 \u06a9\u0647 \u0631\u0632\u0628\u0631\u06cc \u067e\u0627\u06cc \u0628\u0647 \u0628\u0627\u0632\u0627\u0631 \u0627\u0648\u0645\u062f\u060c \u0647\u0645\u0647 \u062a\u0639\u062c\u0628 \u06a9\u0631\u062f\u06cc\u0645\u061b \u0627\u0632 \u0642\u06cc\u0645\u062a \u067e\u0627\u06cc\u06cc\u0646 \u0648 \u0642\u0627\u0628\u0644\u06cc\u062a\u200c\u0647\u0627\u06cc \u0642\u0627\u0628\u0644 \u0642\u0628\u0648\u0644\u0634. \u0627\u0645\u0627 \u0628\u0639\u062f \u0647\u0645\u06cc\u0646\u0637\u0648\u0631 \u06a9\u0627\u0645\u067e\u06cc\u0648\u062a\u0631\u0647\u0627\u06cc \u062a\u06a9 \u0628\u0631\u062f \u0627\u0631\u0632\u0648\u0646\u062a\u0631 \u0627\u0648\u0645\u062f\u0646 \u0648 \u062d\u0627\u0644\u0627 \u06cc\u06a9\u06cc \u0628\u0627\u0632\u0647\u0645 \u0628\u0627\u0639\u062b \u062a\u0639\u062c\u0628\u0647\u061b \u0647\u0645 \u0627\u0633\u0645\u0634 \u0647\u0645 \u0642\u06cc\u0645\u062a\u0634: OrangePi NanoPi Raspberry Pi Linux Development Board \u0628\u0627 \u0642\u06cc\u0645\u062a \u06f6 \u062f\u0644\u0627\u0631!</p><p style=\"border: 0px; font-family: DroidArabicNaskhRegular, sans-serif; font-size: 16px; margin-right: 0px; margin-bottom: 24px; margin-left: 0px; outline: 0px; padding: 0px; vertical-align: baseline; color: rgb(43, 43, 43); text-align: start;\">\u0638\u0627\u0647\u0631\u0627 \u0627\u06cc\u0646 \u0628\u0631\u062f \u0628\u0631 \u0627\u0633\u0627\u0633 NationalChip GX6605S \u0637\u0631\u0627\u062d\u06cc \u0634\u062f\u0647 \u0648 ISA \u0627\u0633\u062a\u061b \u06cc\u0639\u0646\u06cc \u0646\u0647 \u0622\u0631\u0645 \u0646\u0647 \u0627\u06cc\u06a9\u0633 \u06f8\u06f6 \u0646\u0647 \u0631\u06cc\u0633\u06a9 \u0648 \u0646\u0647 \u0645\u06cc\u067e\u0633 (\u062d\u0645\u06cc\u062f \u062f\u0631 \u06a9\u0627\u0645\u0646\u062a \u062a\u0648\u0636\u06cc\u062d \u0645\u06cc \u062f\u0647 \u06a9\u0647: \u0627\u06cc\u0646 \u06a9\u0647 ISA \u0645\u062e\u0641\u0641 instruction set architecture \u0647\u0633\u062a\u0634 \u0648 \u062e\u0648\u062f\u0634 \u06cc\u06a9 \u0645\u0639\u0645\u0627\u0631\u06cc \u0645\u062c\u0632\u0627 \u0646\u06cc\u0633\u062a. \u062f\u0631 \u0648\u0627\u0642\u0639 \u0627\u06cc\u0646 \u0628\u0631\u062f \u0627\u0632 ISA \u062e\u0627\u0635\u06cc \u0627\u0633\u062a\u0641\u0627\u062f\u0647 \u0645\u06cc\u200c\u06a9\u0646\u0647 \u06a9\u0647 x86 \u06cc\u0627 arm \u06cc\u0627 \u2026 \u0646\u06cc\u0633\u062a.) \u0631\u0648\u06cc \u0627\u06cc\u0646 \u0628\u0631\u062f \u0644\u06cc\u0646\u0648\u06a9\u0633 \u062e\u0648\u062f\u0634 \u0647\u0633\u062a \u06a9\u0647 \u0638\u0627\u0647\u0631\u0627 \u0628\u0631 \u0627\u0633\u0627\u0633 \u0622\u0631\u0686 \u0627\u0633\u062a \u0648 buildroot \u0648 gcc \u0648 qemu \u0648 \u0627\u0628\u0632\u0627\u0631\u0647\u0627\u06cc \u062f\u06cc\u06af\u0647 \u0627\u06cc \u0631\u0648 \u0647\u0645 \u0628\u0631\u0627\u0634 \u062f\u0627\u0631\u06cc\u0646. \u0634\u0631\u06a9\u062a \u067e\u0634\u062a \u0627\u06cc\u0646 \u0633\u062e\u062a \u0627\u0641\u0632\u0627\u0631 \u0628\u0627\u0645\u0632\u0647\u060c \u06a9\u0631\u0646\u0644 \u062e\u0648\u062f\u0634 \u0631\u0648 \u0646\u06af\u0647\u062f\u0627\u0631\u06cc \u0645\u06cc \u06a9\u0631\u062f\u0647 \u06a9\u0647 \u062d\u0627\u0644\u0627 \u0628\u0647 \u06a9\u0631\u0646\u0644 \u0627\u0635\u0644\u06cc \u0647\u0645 \u0627\u0636\u0627\u0641\u0647 \u0634\u062f\u0647.</p><p style=\"border: 0px; font-family: DroidArabicNaskhRegular, sans-serif; font-size: 16px; margin-right: 0px; margin-bottom: 24px; margin-left: 0px; outline: 0px; padding: 0px; vertical-align: baseline; color: rgb(43, 43, 43); text-align: start;\">\u0627\u06cc\u0646 \u0628\u0631\u062f \u06f6\u06f4 \u0645\u06af \u0631\u0645 \u062f\u06cc \u062f\u06cc \u0622\u0631 \u06f2\u060c \u062e\u0631\u0648\u062c\u06cc \u0627\u0686 \u062f\u06cc \u0627\u0645 \u0622\u06cc (\u06f1\u06f2\u06f8\u06f0 \u062f\u0631 \u06f7\u06f2\u06f0) \u0648 \u06cc\u06a9 \u0633\u06cc \u067e\u06cc \u06cc\u0648\u06cc \u06f6\u06f0\u06f0 \u0645\u06af\u0627\u0647\u0631\u062a\u0632\u06cc \u062f\u0627\u0631\u0647 \u0648 GPIO\u0634 \u0686\u0646\u062f \u062a\u0627 \u06a9\u0644\u06cc\u062f \u0647\u0645 \u062f\u0627\u0631\u0646 \u0628\u0639\u0644\u0627\u0648\u0647 \u062f\u0648 \u062a\u0627 \u0647\u0627\u0633\u062a \u06cc\u0648 \u0627\u0633 \u0628\u06cc \u0648 \u06a9\u0646\u0633\u0648\u0644 \u0633\u0631\u06cc\u0627\u0644. \u0627\u0632 \u0635\u0641\u062d\u0647 \u0646\u0645\u06cc \u0634\u0647 \u062d\u062f\u0633 \u0632\u062f \u06a9\u0647 \u0630\u062e\u06cc\u0631\u0647 \u0633\u0627\u0632\u06cc \u0631\u0648\u06cc \u0628\u0631\u062f \u0686\u0642\u062f\u0631\u0647 \u0648 \u0628\u0647 \u0646\u0638\u0631 \u0646\u0645\u06cc \u0631\u0633\u0647 \u0634\u0628\u06a9\u0647 \u0647\u0645 \u062f\u0627\u0634\u062a\u0647 \u0628\u0627\u0634\u0647 \u0648\u0644\u06cc \u0628\u0647 \u0647\u0631\u062d\u0627\u0644 \u062f\u0631\u0648\u0627\u0632\u0647 \u0627\u06cc \u0627\u0633\u062a \u0628\u0631\u0627\u06cc \u062f\u06cc\u062f\u0646 \u0628\u06cc\u0634\u062a\u0631 \u0648 \u0628\u06cc\u0634\u062a\u0631 \u0628\u0631\u062f\u0647\u0627\u06cc\u06cc \u06a9\u0647 \u0645\u06cc \u062a\u0648\u0646\u06cc\u0645 \u0628\u0627\u0647\u0627\u0634\u0648\u0646 \u0648\u0627\u0642\u0639\u0627 \u06cc\u06a9 \u06a9\u0627\u0645\u067e\u06cc\u0648\u062a\u0631 \u062a\u0648\u06cc \u0627\u0628\u0632\u0627\u0631\u0647\u0627\u06cc \u0627\u0631\u0632\u0648\u0646\u0645\u0648\u0646 \u062c\u0627\u06af\u0630\u0627\u0631\u06cc \u06a9\u0646\u06cc\u0645.</p><p><div class=\"sharedaddy sd-sharing-enabled\" style=\"border: 0px; font-family: Lato, sans-serif; font-size: 16px; margin: 0px; outline: 0px; padding: 0px; vertical-align: baseline; clear: both; color: rgb(43, 43, 43); text-align: start;\"></div></p><p style=\"border: 0px; font-family: DroidArabicNaskhRegular, sans-serif; font-size: 16px; font-style: normal; font-weight: 400; margin: 0px 0px 24px; outline: 0px; padding: 0px; vertical-align: baseline; color: rgb(43, 43, 43); font-variant-ligatures: normal; font-variant-caps: normal; letter-spacing: normal; orphans: 2; text-align: start; text-indent: 0px; text-transform: none; white-space: normal; widows: 2; word-spacing: 0px; -webkit-text-stroke-width: 0px; text-decoration-style: initial; text-decoration-color: initial;\"><a href=\"https://hackaday.com/2018/11/12/new-part-day-a-6-linux-computer-you-might-be-able-to-write-code-for/\" style=\"border: 0px; font-family: inherit; font-size: 16px; font-style: inherit; font-weight: inherit; margin: 0px; outline: 0px; padding: 0px; vertical-align: baseline; color: rgb(36, 137, 13); text-decoration: underline;\">\u0645\u0646\u0628\u0639</a></p>", "image": "blog/images/a.jpg", "publish": "2020-09-01T19:31:15Z", "created": "2020-09-01T19:33:41.746Z", "updated": "2020-09-01T19:40:58.600Z", "status": "np", "category": [1]}}, {"model": "blog.article", "pk": 10, "fields": {"author": null, "title": "\u062f\u0631 \u06a9\u062a\u0627\u0628 \u062f\u0631\u0633\u06cc \u062a\u0639\u0645\u0644\u06cc\u0645\u0627\u062a \u0627\u062c\u062a\u0645\u0627\u0639\u06cc \u0639\u0631\u0628\u0633\u062a\u0627\u0646\u060c \u06cc\u0648\u062f\u0627 \u062f\u0631 \u06a9\u0646\u0627\u0631 \u067e\u0627\u062f\u0634\u0627\u0647 \u0633\u0627\u0628\u0642 \u0639\u0631\u0628\u0633\u062a\u0627\u0646 \u0646\u0634\u0633\u062a\u0647 \u062a\u0627 \u0633\u0627\u0632\u0645\u0627\u0646 \u0645\u0644\u0644 \u0631\u0648 \u062a\u0634\u06a9\u06cc\u0644 \u0628\u062f\u0646", "slug": "yoda", "description": "<p><span style=\"color: rgb(43, 43, 43); font-family: DroidArabicNaskhRegular, sans-serif; font-size: 16px; text-align: start;\">\u0645\u0633\u0648\u0648\u0644 \u0628\u062e\u0634 \u0622\u0645\u0627\u062f\u0647 \u0633\u0627\u0632\u06cc \u06a9\u062a\u0627\u0628 \u0647\u0627\u06cc \u062f\u0631\u0633\u06cc \u0639\u0631\u0628\u0633\u062a\u0627\u0646 \u0627\u062e\u0631\u0627\u062c&nbsp;</span><del datetime=\"2017-09-28T09:11:39+00:00\" style=\"border: 0px; font-family: DroidArabicNaskhRegular, sans-serif; font-size: 16px; margin: 0px; outline: 0px; padding: 0px; vertical-align: baseline; color: rgb(118, 118, 118); text-align: start;\">\u0648 \u062a\u0628\u0639\u06cc\u062f</del><span style=\"color: rgb(43, 43, 43); font-family: DroidArabicNaskhRegular, sans-serif; font-size: 16px; text-align: start;\">&nbsp;\u0634\u062f\u0647 \u0686\u0648\u0646 \u06a9\u062a\u0627\u0628\u06cc \u06a9\u0647 \u0686\u0627\u067e \u06a9\u0631\u062f\u0647 \u062a\u0627 \u062f\u0631 \u0645\u062f\u0627\u0631\u0633 \u062a\u062f\u0631\u06cc\u0633 \u0628\u0634\u0647\u060c \u06cc\u06a9 \u0633\u0648\u062a\u06cc \u062f\u0627\u0634\u062a\u0647. \u0627\u06cc\u0646 \u0633\u0648\u062a\u06cc \u062d\u0636\u0648\u0631 \u06cc\u0648\u062f\u0627 \u062f\u0631 \u06a9\u0646\u0627\u0631 \u067e\u0627\u062f\u0634\u0627\u0647 \u0639\u0631\u0628\u0633\u062a\u0627\u0646 \u0627\u0633\u062a\u061b \u0627\u0648\u0646\u0647\u0645 \u062f\u0631 \u062c\u0644\u0633\u0647 \u06f1\u06f9\u06f4\u06f5 \u062f\u0631 \u0646\u06cc\u0648\u06cc\u0648\u0631\u06a9 \u06a9\u0647 \u0645\u0646\u062c\u0631 \u0628\u0647 \u062a\u0634\u06a9\u06cc\u0644 \u0633\u0627\u0632\u0645\u0627\u0646 \u0645\u0644\u0644 \u0645\u062a\u062d\u062f \u0634\u062f</span></p><p style=\"border: 0px; font-family: DroidArabicNaskhRegular, sans-serif; font-size: 16px; margin-right: 0px; margin-bottom: 24px; margin-left: 0px; outline: 0px; padding: 0px; vertical-align: baseline; color: rgb(43, 43, 43); text-align: start;\">\u0627\u06cc\u0646 \u0639\u06a9\u0633 \u062a\u0648\u0633\u0637 \u06cc\u06a9 \u0647\u0646\u0631\u0645\u0646\u062f \u0633\u0639\u0648\u062f\u06cc \u0628\u0647 \u0627\u0633\u0645 \u0639\u0628\u062f\u0627\u0644\u0644\u0647 \u0627\u0644\u0634\u0647\u0631\u06cc \u062f\u0631\u0633\u062a \u0634\u062f\u0647 \u06a9\u0647&nbsp;<a href=\"https://www.bbc.com/news/world-middle-east-41363156\" style=\"border: 0px; font-family: inherit; font-style: inherit; font-weight: inherit; margin: 0px; outline: 0px; padding: 0px; vertical-align: baseline; color: rgb(36, 137, 13); text-decoration-line: underline;\">\u0645\u06cc \u06af\u0647</a>&nbsp;\u0627\u06cc\u0646\u0647\u0627 \u0631\u0648 \u062f\u0631 \u06f2\u06f0\u06f1\u06f3 \u062f\u0631\u0633\u062a \u06a9\u0631\u062f\u0647 \u0648 \u0645\u062c\u0645\u0648\u0639\u0647 \u0627\u06cc \u0628\u0648\u062f\u0647 \u06a9\u0647 \u062a\u0648\u0634\u0648\u0646 \u0646\u0645\u0627\u062f\u0647\u0627\u06cc \u0641\u0631\u0647\u0646\u06af \u0639\u0627\u0645\u0647 \u0622\u0645\u0631\u06cc\u06a9\u0627 (\u0627\u0632 \u06a9\u0627\u067e\u06cc\u062a\u0627\u0646 \u0622\u0645\u0631\u06cc\u06a9\u0627 \u062a\u0627 \u062f\u0627\u0631\u062a \u0648\u06cc\u062f\u0631) \u0628\u0647 \u0639\u06a9\u0633 \u0647\u0627\u06cc \u062a\u0627\u0631\u06cc\u062e\u06cc \u0627\u0636\u0627\u0641\u0647 \u0634\u062f\u0646. \u0627\u0645\u0627 \u0627\u06cc\u0646\u06a9\u0647 \u0627\u06cc\u0646 \u0639\u06a9\u0633 \u0686\u0637\u0648\u0631 \u0628\u0647 \u06a9\u062a\u0627\u0628 \u062f\u0631\u0633\u06cc \u0631\u0633\u06cc\u062f\u0647 \u0647\u0646\u0648\u0632 \u0628\u0647 \u0634\u06a9\u0644 \u0631\u0633\u0645\u06cc \u0645\u0634\u062e\u0635 \u0646\u0634\u062f\u0647 \u0648 \u062a\u0646\u0647\u0627 \u062a\u0648\u06cc\u06cc\u062a \u0648\u0632\u06cc\u0631 \u0622\u0645\u0648\u0632\u0634 \u0639\u0631\u0628\u0633\u062a\u0627\u0646 \u0631\u0648 \u062f\u0627\u0631\u06cc\u0645 \u06a9\u0647 \u0645\u0639\u0630\u0631\u062a \u062e\u0648\u0627\u0647\u06cc \u06a9\u0631\u062f\u0647 \u0648 \u0645\u06cc \u06af\u0647 \u06a9\u0645\u06cc\u062a\u0647 \u0627\u06cc \u062a\u0634\u06a9\u06cc\u0644 \u0634\u062f\u0647 \u06a9\u0647 \u0645\u0633\u0627\u0644\u0647 \u0631\u0648 \u0628\u0631\u0631\u0633\u06cc \u06a9\u0646\u0646.</p><p style=\"border: 0px; font-family: DroidArabicNaskhRegular, sans-serif; font-size: 16px; margin-right: 0px; margin-bottom: 24px; margin-left: 0px; outline: 0px; padding: 0px; vertical-align: baseline; color: rgb(43, 43, 43); text-align: start;\"><a href=\"https://arstechnica.com/gaming/2017/09/saudi-minister-fired-after-textbook-shows-yoda-at-un-signing-ceremony/\" style=\"border: 0px; font-family: inherit; font-style: inherit; font-weight: inherit; margin: 0px; outline: 0px; padding: 0px; vertical-align: baseline; color: rgb(36, 137, 13); text-decoration-line: underline;\">\u0622\u0631\u0633 \u062a\u06a9\u0646\u06cc\u06a9\u0627</a>&nbsp;\u0645\u06cc \u06af\u0647 \u0641\u0639\u0644\u0627 \u0628\u0627 \u06cc\u0648\u062f\u0627 \u062a\u0645\u0627\u0633 \u06af\u0631\u0641\u062a\u0646 \u062a\u0627 \u0646\u0638\u0631 \u0627\u0648\u0646 \u0631\u0648 \u0647\u0645 \u0628\u062f\u0648\u0646\u0646 \u0648 \u0647\u0645\u06cc\u0646 \u06a9\u0647 \u062c\u0648\u0627\u0628 \u0628\u062f\u0647\u060c\u200c \u062e\u0628\u0631 \u0645\u06cc \u062f\u0646 (: \u0627\u0644\u0628\u062a\u0647 \u0648\u0627\u0642\u0639\u0627 \u0628\u0631\u0627\u06cc \u0645\u0646 \u0648 \u0634\u0645\u0627\u06cc \u0627\u06cc\u0631\u0627\u0646\u06cc \u0646\u06cc\u0627\u0632 \u062e\u0627\u0635\u06cc \u0628\u0647 \u0627\u06cc\u0646\u06a9\u0627\u0631 \u0646\u06cc\u0633\u062a\u061b \u0628\u0631\u0627\u06cc \u0645\u0627 \u0645\u0634\u062e\u0635\u0647 \u06a9\u0647 \u0686\u06cc \u0634\u062f\u0647. \u0645\u0633\u0648\u0648\u0644 \u062c\u0645\u0639 \u0622\u0648\u0631\u06cc \u06a9\u062a\u0627\u0628 \u0634\u0628 \u0622\u062e\u0631 \u06cc\u06a9\u0633\u0631\u06cc \u0686\u06cc\u0632 \u0645\u06cc\u0632 \u0633\u0631 \u0647\u0645 \u06a9\u0631\u062f\u0647 \u0648 \u0627\u0632 \u0627\u06cc\u0646\u062a\u0631\u0646\u062a \u0639\u06a9\u0633 \u06af\u0631\u0641\u062a\u0647 \u0648 \u06af\u0630\u0627\u0634\u062a\u0647 \u06a9\u0646\u0627\u0631 \u0647\u0645. \u0645\u0633\u0648\u0648\u0644 \u0628\u0631\u0631\u0633\u06cc \u06a9\u062a\u0627\u0628 \u0634\u0628 \u0622\u062e\u0631 \u06cc\u06a9 \u062a\u0648\u0631\u0642 \u0639\u0644\u0645\u0627\u06cc\u06cc \u06a9\u0631\u062f\u0647 \u0648 \u06af\u0641\u062a\u0647 \u0627\u0648\u06a9\u06cc \u0627\u0633\u062a\u060c \u0645\u0633\u0648\u0648\u0644 \u0686\u0627\u067e \u0644\u0627\u06cc \u06a9\u062a\u0627\u0628 \u0631\u0648 \u0647\u0645 \u0628\u0627\u0632 \u0646\u06a9\u0631\u062f\u0647. \u0645\u0633\u0648\u0648\u0644 \u0628\u0627\u0632\u0646\u06af\u0631\u06cc \u0633\u0641\u0631 \u0628\u0648\u062f\u0647 \u0641\u0631\u0635\u062a \u0646\u06a9\u0631\u062f\u0647 \u0628\u0628\u06cc\u0646\u0647 \u0648\u0644\u06cc \u06af\u0641\u062a\u0647 \u062f\u06cc\u062f\u0645 \u0648&nbsp;</p><p><br></p>", "image": "blog/images/v.jpeg", "publish": "2020-09-01T19:35:14Z", "created": "2020-09-01T19:36:11.798Z", "updated": "2020-09-01T19:40:54.623Z", "status": "p", "category": [1]}}, {"model": "blog.article", "pk": 11, "fields": {"author": null, "title": "\u0627\u06af\u0631 \u0645\u06cc \u062e\u0648\u0627\u06cc\u0646 \u0647\u06a9\u0631 \u0628\u0634\u06cc\u0646\u060c \u0633\u0639\u06cc \u0646\u06a9\u0646\u06cc\u0646 \u0647\u06a9\u0631 \u0628\u0634\u06cc\u0646", "slug": "learning-hack", "description": "<p style=\"border: 0px; font-family: DroidArabicNaskhRegular, sans-serif; font-size: 16px; margin-right: 0px; margin-bottom: 24px; margin-left: 0px; outline: 0px; padding: 0px; vertical-align: baseline; color: rgb(43, 43, 43); text-align: start;\">\u0645\u06cc \u06af\u0646 \u0631\u0648\u0632\u06cc \u06cc\u06a9 \u0639\u0627\u0634\u0642 \u0634\u0645\u0634\u06cc\u0631 \u0628\u0627\u0632\u06cc \u067e\u06cc\u0634 \u0627\u0633\u062a\u0627\u062f \u0631\u0641\u062a. \u0627\u0633\u062a\u0627\u062f \u0627\u0632\u0634 \u067e\u0631\u0633\u06cc\u062f \u0628\u0631\u0627\u06cc \u0686\u06cc \u0627\u0648\u0645\u062f\u0647 \u0648 \u062c\u0648\u0627\u0628 \u062f\u0627\u062f \u00ab\u0628\u0631\u0627\u06cc \u0627\u06cc\u0646\u06a9\u0647 \u0628\u0647\u062a\u0631\u06cc\u0646 \u0634\u0645\u0634\u06cc\u0631\u0628\u0627\u0632 \u0698\u0627\u067e\u0646 \u0628\u0634\u0645\u00bb. \u0627\u0633\u062a\u0627\u062f \u0644\u0628\u062e\u0646\u062f \u0632\u062f \u0648 \u06af\u0641\u062a \u00ab\u0639\u0627\u0644\u06cc! \u062d\u0627\u0644\u0627 \u0627\u0648\u0646 \u062c\u0627\u0631\u0648 \u0631\u0648 \u0628\u0631\u062f\u0627\u0631 \u0648 \u062c\u0627\u0631\u0648 \u0628\u06a9\u0634\u00bb. \u0628\u0639\u062f \u0627\u0632 \u06a9\u0634\u0645\u06a9\u0634 \u0647\u0627\u06cc \u0645\u0631\u0633\u0648\u0645 \u0634\u0627\u06af\u0631\u062f \u0627\u0635\u0631\u0627\u0631 \u06a9\u0631\u062f \u06a9\u0647 \u0644\u0627\u0632\u0645\u0647 \u0632\u06cc\u0627\u062f \u062a\u0645\u0631\u06cc\u0646 \u06a9\u0646\u0647 \u0648 \u0627\u06af\u0631 \u0631\u0648\u0632\u06cc \u06f4 \u0633\u0627\u0639\u062a \u062a\u0645\u0631\u06cc\u0646 \u06a9\u0646\u0647 \u0686\u0642\u062f\u0631 \u0637\u0648\u0644 \u0645\u06cc \u06a9\u0634\u0647 \u0628\u0647\u062a\u0631\u06cc\u0646 \u0627\u0633\u062a\u0627\u062f \u0628\u0634\u0647. \u0627\u0633\u062a\u0627\u062f \u0628\u0647\u0634 \u06af\u0641\u062a \u06f2\u06f0 \u0633\u0627\u0644. \u06af\u0641\u062a \u0627\u06af\u0631 \u0631\u0648\u0632\u06cc \u06f8 \u0633\u0627\u0639\u062a \u062a\u0645\u0631\u06cc\u0646 \u06a9\u0646\u0647 \u0686\u06cc\u061f \u062c\u0648\u0627\u0628 \u0634\u062f \u06f1\u06f5 \u0633\u0627\u0644. \u0627\u0645\u0627 \u0627\u06cc\u0646 \u0647\u0646\u0648\u0632\u0645 \u0628\u0631\u0627\u06cc \u0634\u0627\u06af\u0631\u062f \u0632\u06cc\u0627\u062f \u0628\u0648\u062f \u067e\u0633 \u06af\u0641\u062a \u0627\u06af\u0631 \u0631\u0648\u0632\u06cc \u06f1\u06f2 \u0633\u0627\u0639\u062a \u062a\u0645\u0631\u06cc\u0646 \u06a9\u0646\u0647 \u0648 \u062e\u06cc\u0644\u06cc \u062c\u062f\u06cc \u0648 \u0645\u0633\u062a\u0645\u0631 \u0686\u06cc\u061f \u0627\u0633\u062a\u0627\u062f \u0628\u0647\u0634 \u06af\u0641\u062a \u0627\u0648\u0646\u062c\u0648\u0631\u06cc \u062a\u0642\u0631\u06cc\u0628\u0627 \u0628\u0627\u06cc\u062f \u06f4\u06f0 \u0633\u0627\u0644 \u06a9\u0627\u0631 \u06a9\u0646\u0647.</p><p style=\"border: 0px; font-family: DroidArabicNaskhRegular, sans-serif; font-size: 16px; margin-right: 0px; margin-bottom: 24px; margin-left: 0px; outline: 0px; padding: 0px; vertical-align: baseline; color: rgb(43, 43, 43); text-align: start;\">\u0647\u0631 \u0627\u0646\u0633\u0627\u0646 \u062a\u0648\u0627\u0646\u06cc \u062f\u0627\u0631\u0647 \u0648 \u0633\u0637\u062d\u06cc \u0627\u0632 \u0627\u0646\u06af\u06cc\u0632\u0647. \u0647\u06cc\u062c\u0627\u0646 \u0627\u0648\u0644\u06cc\u0647 \u0647\u06a9\u0631 \u0634\u062f\u0646 \u0627\u06cc\u0646\u0647 \u06a9\u0647 \u0628\u0647 \u0647\u0645\u0647 \u0686\u06cc\u0632 \u062f\u0633\u062a\u0631\u0633\u06cc \u062f\u0627\u0631\u06cc\u0645 \u0648 \u0647\u0631 \u062c\u0627 \u0645\u06cc \u062e\u0648\u0627\u06cc\u0645 \u0645\u06cc \u0631\u06cc\u0645 \u0648 \u0647\u0645\u0647 \u0627\u0632 \u0645\u0627 \u0645\u06cc \u062a\u0631\u0633\u0646 \u0648 \u0628\u0642\u06cc\u0647 \u0628\u0647\u0645\u0648\u0646 \u0627\u062d\u062a\u0631\u0627\u0645 \u0645\u06cc \u0630\u0627\u0631\u0646. \u0648\u0627\u0642\u0639\u06cc\u062a \u0627\u06cc\u0646\u0647 \u06a9\u0647 \u0632\u0646\u062f\u06af\u06cc \u0647\u06a9\u0631\u0647\u0627 \u0627\u06cc\u0646\u0637\u0648\u0631\u06cc \u0646\u06cc\u0633\u062a. \u062a\u0642\u0631\u06cc\u0628\u0627 \u0634\u0628\u06cc\u0647 \u0647\u06cc\u0686 \u06a9\u062f\u0648\u0645 \u0627\u0632 \u0641\u06cc\u0644\u0645 \u0647\u0627\u06cc\u06cc \u06a9\u0647 \u0645\u06cc \u0633\u0627\u0632\u0646 \u0646\u06cc\u0633\u062a. \u0647\u06a9\u0631\u0647\u0627 \u0628\u0647 \u0645\u0639\u0646\u06cc \u0646\u0641\u0648\u0630\u06af\u0631\u0647\u0627 \u0645\u0646\u0638\u0645 \u0648 \u062e\u06cc\u0644\u06cc \u067e\u0631 \u062d\u0648\u0635\u0644\u0647 \u06a9\u0627\u0631\u0647\u0627\u06cc \u0628\u0633\u06cc\u0627\u0631 \u062a\u06a9\u0631\u0627\u0631\u06cc \u0645\u06cc \u06a9\u0646\u0646. \u0645\u0639\u0645\u0648\u0644\u0627 \u0646\u0647 \u067e\u0648\u0644 \u062e\u0627\u0635\u06cc \u062f\u0627\u0631\u0646 \u0646\u0647 \u0634\u0647\u0631\u062a \u062e\u0627\u0635\u06cc. \u0627\u0648\u0646\u0647\u0627 \u06a9\u0647 \u062a\u062e\u0635\u0635 \u0631\u0633\u0645\u06cc \u0634\u0648\u0646 \u0627\u0645\u0646\u06cc\u062a \u0627\u0633\u062a \u0647\u0645 \u0645\u0639\u0645\u0648\u0644\u0627 \u062f\u0646\u0628\u0627\u0644 \u06cc\u06a9\u0633\u0631\u06cc \u0642\u0631\u0627\u0631\u062f\u0627\u062f \u0647\u0633\u062a\u0646 \u0648 \u0645\u06cc \u0634\u06cc\u0646\u0646 \u062a\u0648 \u0633\u0627\u0632\u0645\u0627\u0646 \u06cc\u06a9\u0633\u0631\u06cc \u0627\u0628\u0632\u0627\u0631 \u0627\u0633\u062a\u0627\u0646\u062f\u0627\u0631\u062f \u0627\u062c\u0631\u0627 \u0645\u06cc \u06a9\u0646\u0646.</p><p style=\"border: 0px; font-family: DroidArabicNaskhRegular, sans-serif; font-size: 16px; margin-right: 0px; margin-bottom: 24px; margin-left: 0px; outline: 0px; padding: 0px; vertical-align: baseline; color: rgb(43, 43, 43); text-align: start;\">\u062f\u0631 \u0636\u0645\u0646 \u0645\u0633\u062a\u0642\u06cc\u0645\u0627 \u062d\u0631\u06a9\u062a \u06a9\u0631\u062f\u0646 \u0628\u0647 \u0633\u0645\u062a \u0647\u06a9\u0631 \u0634\u062f\u0646 \u0645\u062b\u0644 \u0627\u06cc\u0646\u0647 \u06a9\u0647 \u0634\u0645\u0627 \u0628\u06af\u06cc\u0646 \u062f\u0648\u0633\u062a \u062f\u0627\u0631\u06cc\u0646 \u062e\u0637 \u062a\u0648\u0646 \u062e\u06cc\u0644\u06cc \u062e\u0648\u0628 \u0628\u0627\u0634\u0647 \u0648 \u0628\u0634\u06cc\u0646\u06cc\u0646 \u062f\u0627\u0626\u0645 \u06cc\u06a9 \u062c\u0645\u0644\u0647 \u0631\u0648 \u062a\u06a9\u0631\u0627\u0631 \u06a9\u0646\u06cc\u0646. \u0631\u0648\u0634 \u062f\u0631\u0633\u062a \u062a\u0631 \u0627\u06cc\u0646\u0647 \u06a9\u0647 \u0627\u0644\u0641\u0628\u0627 \u0631\u0648 \u062f\u0631\u0633\u062a \u06cc\u0627\u062f \u0628\u06af\u06cc\u0631\u06cc\u0646 \u0648 \u0647\u0631 \u06a9\u062f\u0648\u0645 \u0631\u0648 \u062f\u0631\u06a9 \u06a9\u0646\u06cc\u0646 \u0648 \u0628\u0646\u0648\u06cc\u0633\u06cc\u0646 \u0648 \u0628\u0639\u062f \u0628\u0627 \u0647\u0645 \u062a\u0631\u06a9\u06cc\u0628\u0634\u0648\u0646 \u06a9\u0646\u06cc\u0646. \u062f\u0631 \u0627\u0635\u0644 \u0627\u06af\u0631 \u0634\u0645\u0627 \u0645\u06cc \u062e\u0648\u0627\u06cc\u0646 \u06cc\u06a9 \u0647\u06a9\u0631 \u062e\u0648\u0628 \u0628\u0634\u06cc\u0646 \u0628\u0647\u062a\u0631\u06cc\u0646 \u06a9\u0627\u0631 \u0627\u06cc\u0646\u0647 \u06a9\u0647 \u067e\u0627\u06cc\u0647 \u0647\u0627 \u0631\u0648 \u062f\u0631\u0633\u062a \u06cc\u0627\u062f \u0628\u06af\u06cc\u0631\u06cc\u0646:</p><ul style=\"border: 0px; font-family: Lato, sans-serif; font-size: 16px; margin-right: 0px; margin-bottom: 24px; margin-left: 20px; outline: 0px; padding: 0px; vertical-align: baseline; list-style-position: initial; list-style-image: initial; color: rgb(43, 43, 43); text-align: start;\"><li style=\"border: 0px; font-family: inherit; font-style: inherit; font-weight: inherit; margin: 0px; outline: 0px; padding: 0px; vertical-align: baseline;\">\u0633\u06cc\u0633\u062a\u0645 \u0639\u0627\u0645\u0644</li><li style=\"border: 0px; font-family: inherit; font-style: inherit; font-weight: inherit; margin: 0px; outline: 0px; padding: 0px; vertical-align: baseline;\">\u0634\u0628\u06a9\u0647</li><li style=\"border: 0px; font-family: inherit; font-style: inherit; font-weight: inherit; margin: 0px; outline: 0px; padding: 0px; vertical-align: baseline;\">\u0627\u0645\u0646\u06cc\u062a</li><li style=\"border: 0px; font-family: inherit; font-style: inherit; font-weight: inherit; margin: 0px; outline: 0px; padding: 0px; vertical-align: baseline;\">\u0628\u0631\u0646\u0627\u0645\u0647 \u0646\u0648\u06cc\u0633\u06cc</li></ul><p style=\"border: 0px; font-family: DroidArabicNaskhRegular, sans-serif; font-size: 16px; margin-right: 0px; margin-bottom: 24px; margin-left: 0px; outline: 0px; padding: 0px; vertical-align: baseline; color: rgb(43, 43, 43); text-align: start;\">\u0648 \u0627\u0632 \u0627\u0648\u0646 \u067e\u0627\u06cc\u06cc\u0646\u062a\u0631 \u062d\u062a\u06cc \u0686\u06cc\u0632\u0647\u0627\u06cc\u06cc \u0645\u062b\u0644 \u062c\u0627\u0645\u0639\u0647 \u0634\u0646\u0627\u0633\u06cc\u060c \u0631\u0648\u0627\u0646\u0634\u0646\u0627\u0633\u06cc\u060c \u0631\u06cc\u0627\u0636\u06cc\u060c \u0622\u0645\u0627\u0631 \u0648 \u062d\u062a\u06cc \u0632\u06cc\u0633\u062a \u0634\u0646\u0627\u0633\u06cc (: [ \u062c\u0627\u0645\u0639\u0647 \u0634\u0646\u0627\u0633\u06cc \u0648 \u0631\u0648\u0627\u0646 \u0634\u0646\u0627\u0633\u06cc \u0628\u0631\u0627\u06cc \u0645\u0647\u0646\u062f\u0633\u06cc \u0627\u062c\u062a\u0645\u0627\u0639\u06cc \u0648 \u0632\u06cc\u0633\u062a \u0634\u0646\u0627\u0633\u06cc \u0628\u0631\u0627\u06cc \u062f\u0631\u06a9 \u0645\u063a\u0632 \u0648 \u062e\u0637\u0627\u0647\u0627\u0634 \u0648 \u062f\u0631 \u0646\u0647\u0627\u06cc\u062a \u0647\u0645\u0634\u0648\u0646 \u0628\u0631\u0627\u06cc \u062f\u0627\u0634\u062a\u0646 \u0633\u0637\u062d \u0628\u0627\u0644\u0627\u062a\u0631\u06cc \u0627\u0632 \u062f\u0627\u0646\u0634 \u062f\u0631 \u062d\u0648\u0632\u0647 \u0647\u0627\u06cc \u0645\u062e\u062a\u0644\u0641 \u0628\u0639\u0644\u0627\u0648\u0647 \u0644\u0630\u062a \u0628\u0631\u062f\u0646 \u0627\u0632 \u062f\u0648\u0646\u0633\u062a\u0646 \u0686\u06cc\u0632\u0647\u0627\u06cc \u062c\u062f\u06cc\u062f ].</p><p style=\"border: 0px; font-family: DroidArabicNaskhRegular, sans-serif; font-size: 16px; margin-right: 0px; margin-bottom: 24px; margin-left: 0px; outline: 0px; padding: 0px; vertical-align: baseline; color: rgb(43, 43, 43); text-align: start;\">\u0627\u06cc\u0646\u062c\u0648\u0631\u06cc \u0634\u0645\u0627 \u0628\u0647 \u06cc\u06a9 \u0646\u06cc\u0646\u062c\u0627 \u06cc\u0627 \u062f\u0632\u062f \u062f\u0631\u06cc\u0627\u06cc\u06cc \u062a\u0628\u062f\u06cc\u0644 \u0645\u06cc \u0634\u06cc\u0646 \u06a9\u0647 \u06a9\u0633\u06cc \u062c\u0644\u0648\u062f\u0627\u0631\u0634 \u0646\u06cc\u0633\u062a. \u0627\u06cc\u0646 \u062e\u06cc\u0644\u06cc \u0641\u0631\u0642 \u062f\u0627\u0631\u0647 \u0628\u0627 \u06a9\u0633\u06cc \u06a9\u0647 \u0628\u0631\u0627\u06cc \u0634\u0647\u0631\u062a \u06cc\u0627 \u0647\u0631 \u0686\u06cc\u0632 \u062f\u06cc\u06af\u0647 \u0628\u0647 \u0628\u0642\u06cc\u0647 \u06a9\u0644\u06a9 \u0645\u06cc \u0632\u0646\u0647 \u062a\u0627 \u0628\u0647\u0634 \u0627\u0639\u062a\u0645\u0627\u062f \u06a9\u0646\u0646 \u0648 \u06cc\u0647 \u0628\u0631\u0646\u0627\u0645\u0647 \u0631\u0648 \u06af\u0648\u0634\u06cc \u0634\u0648\u0646 \u0646\u0635\u0628 \u06a9\u0646\u0646 \u06cc\u0627 \u06a9\u06cc \u0644\u0627\u06af\u0631 \u0645\u06cc \u0630\u0627\u0631\u0647 \u0644\u067e \u062a\u0627\u067e\u0634 \u0631\u0648 \u0642\u0631\u0636 \u0645\u06cc \u062f\u0647 \u0628\u0647 \u0628\u0642\u06cc\u0647 \u06cc\u0627 \u062f\u0648 \u062a\u0627 \u0627\u0628\u0632\u0627\u0631 \u0627\u0632 \u06cc\u06a9 \u0633\u06cc \u062f\u06cc \u0631\u0627\u0646 \u0645\u06cc \u06a9\u0646\u0647 (: \u0627\u0646\u062a\u062e\u0627\u0628 \u0628\u0627 \u0634\u0645\u0627\u0633\u062a \u06a9\u0647 \u06a9\u062f\u0648\u0645 \u0631\u0648 \u062f\u0648\u0633\u062a \u062f\u0627\u0631\u06cc\u0646 \u0648\u0644\u06cc \u0627\u0632 \u0645\u0646 \u0645\u06cc\u0634\u0646\u0648\u06cc\u0646 \u062f\u0631 \u0627\u0648\u0644\u06cc (\u0628\u0644\u062f \u0628\u0648\u062f\u0646 \u067e\u0627\u06cc\u0647 \u0627\u06cc \u062e\u06cc\u0644\u06cc \u0686\u06cc\u0632\u0647\u0627) \u06a9\u0644\u06cc \u0627\u0639\u062a\u0628\u0627\u0631 \u0648 \u0627\u0645\u06a9\u0627\u0646 \u062a\u063a\u06cc\u06cc\u0631 \u06a9\u0627\u0631 \u0648 \u062c\u0627\u0647\u0627\u06cc \u062e\u0648\u0628 \u06a9\u0627\u0631 \u06a9\u0631\u062f\u0646 \u0648 \u0644\u0630\u062a \u0628\u0631\u062f\u0646 \u0627\u0632 \u0646\u062a\u0627\u06cc\u062c \u0627\u0633\u062a \u0648 \u062a\u0648\u06cc \u062f\u0648\u0645\u06cc (\u06cc\u0627\u062f \u06af\u0631\u0641\u062a\u0646 \u0686\u0646\u062f \u062a\u0627 \u0627\u0628\u0632\u0627\u0631 \u0627\u0645\u0627\u062f\u0647 \u0648 \u062f\u0631\u0648\u063a \u06af\u0641\u062a\u0646 \u0648 .. \u06a9\u0647 \u0628\u0647\u0634 \u0645\u06cc \u06af\u06cc\u0645 \u0627\u0633\u06a9\u0631\u06cc\u067e\u062a \u06a9\u06cc\u062f\u06cc \u06cc\u0627 \u0628\u0686\u0647 \u0627\u0633\u06a9\u0631\u06cc\u067e\u062a\u06cc) \u062d\u062f\u0627\u06a9\u062b\u0631 \u0634\u0647\u0631\u062a \u0627\u06cc\u0646\u06a9\u0647 \u0645\u062c\u0631\u06cc \u062a\u0644\u0648\u06cc\u0632\u06cc\u0648\u0646 \u0628\u06af\u0647 \u06cc\u06a9 \u0647\u06a9\u0631 \u06a9\u0647 \u062f\u0631\u06af\u0627\u0647 \u0628\u0627\u0646\u06a9\u06cc \u0627\u0644\u06a9\u06cc \u062f\u0631\u0633\u062a \u06a9\u0631\u062f\u0647 \u0628\u0648\u062f\u0645 \u0631\u0648 \u06af\u0631\u0641\u062a\u06cc\u0645 \u0648 \u062a\u0639\u062c\u0628 \u0647\u0645\u06a9\u0644\u0627\u0633\u06cc \u0647\u0627 \u0648 \u0627\u062d\u062a\u0645\u0627\u0644\u0627 \u06cc\u0647 \u067e\u0644\u06cc \u06af\u0631\u0641\u062a\u0646 \u0627\u0632 \u06cc\u0647 \u0622\u062f\u0645 \u067e\u0631 \u0632\u0648\u0631 \u0648 \u062e\u062f\u0645\u062a \u0628\u0647\u0634. \u0645\u0646 \u0627\u0648\u0644\u06cc \u0631\u0648 \u062a\u0631\u062c\u06cc\u062d \u0645\u06cc \u062f\u0645 \u0686\u0648\u0646 \u0641\u0627\u0646 \u062a\u0631 \u0627\u0633\u062a \u0648 \u067e\u0627\u06cc\u062f\u0627\u0631 \u062a\u0631.</p><p style=\"border: 0px; font-family: DroidArabicNaskhRegular, sans-serif; font-size: 16px; margin-right: 0px; margin-bottom: 24px; margin-left: 0px; outline: 0px; padding: 0px; vertical-align: baseline; color: rgb(43, 43, 43); text-align: start;\">\u0627\u06af\u0631 \u0634\u0645\u0627 \u0647\u0645 \u062f\u0648\u0633\u062a \u062f\u0627\u0631\u06cc\u0646 \u06cc\u0647 \u0622\u062f\u0645 \u0628\u0627 \u0633\u0648\u0627\u062f \u0628\u0627\u0634\u06cc\u0646 \u0648 \u0647\u06a9 \u0628\u0631\u0627\u062a\u0648\u0646 \u0641\u0642\u0637 \u0628\u0647 \u0645\u0639\u0646\u06cc \u062f\u0632\u062f\u06cc \u0648 \u0648\u0631\u0648\u062f \u063a\u06cc\u0631\u0645\u062c\u0627\u0632 \u0646\u0628\u0627\u0634\u0647\u060c \u0627\u0648\u0644\u06cc \u0631\u0648 \u0627\u0646\u062a\u062e\u0627\u0628 \u06a9\u0646\u06cc\u0646 \u0648 \u0647\u0645\u06cc\u0646 \u062d\u0627\u0644\u0627 \u0628\u0631\u06cc\u0646 \u0633\u0631\u0627\u063a \u0627\u06cc\u0646 \u0644\u06cc\u0633\u062a:</p><ul style=\"border: 0px; font-family: Lato, sans-serif; font-size: 16px; margin-right: 0px; margin-bottom: 24px; margin-left: 20px; outline: 0px; padding: 0px; vertical-align: baseline; list-style-position: initial; list-style-image: initial; color: rgb(43, 43, 43); text-align: start;\"><li style=\"border: 0px; font-family: inherit; font-style: inherit; font-weight: inherit; margin: 0px; outline: 0px; padding: 0px; vertical-align: baseline;\">\u06cc\u0627\u062f \u06af\u0631\u0641\u062a\u0646 \u0644\u06cc\u0646\u0648\u06a9\u0633 \u06cc\u0627 \u0647\u0631 \u0633\u06cc\u0633\u062a\u0645 \u0639\u0627\u0645\u0644 \u062f\u06cc\u06af\u0647 \u0627\u06cc \u06a9\u0647 \u062f\u0648\u0633\u062a \u062f\u0627\u0631\u06cc\u0646 \u0648\u0644\u06cc \u0639\u0645\u06cc\u0642</li><li style=\"border: 0px; font-family: inherit; font-style: inherit; font-weight: inherit; margin: 0px; outline: 0px; padding: 0px; vertical-align: baseline;\">\u06cc\u0627\u062f \u06af\u0631\u0641\u062a\u0646 \u062f\u06cc\u062a\u0627\u0628\u06cc\u0633 \u0647\u0627\u06cc \u0645\u062e\u062a\u0644\u0641 \u0648 \u06a9\u0627\u0631 \u06a9\u0631\u062f\u0646 \u0628\u0627\u0647\u0627\u0634\u0648\u0646</li><li style=\"border: 0px; font-family: inherit; font-style: inherit; font-weight: inherit; margin: 0px; outline: 0px; padding: 0px; vertical-align: baseline;\">\u06cc\u0627\u062f \u06af\u0631\u0641\u062a\u0646 \u0634\u0628\u06a9\u0647 \u062f\u0631 \u062d\u062f \u0633\u06cc \u0633\u06cc \u0627\u0646 \u0627\u06cc</li><li style=\"border: 0px; font-family: inherit; font-style: inherit; font-weight: inherit; margin: 0px; outline: 0px; padding: 0px; vertical-align: baseline;\">\u06cc\u0627\u062f \u06af\u0631\u0641\u062a\u0646 \u067e\u0631\u0648\u062a\u06a9\u0644 \u0647\u0627\u06cc \u0627\u0631\u062a\u0628\u0627\u0637\u06cc \u0627\u0632 \u0627\u0686 \u062a\u06cc \u062a\u06cc \u067e\u06cc \u062a\u0627 \u062a\u06cc \u0633\u06cc \u067e\u06cc \u062a\u0627 \u0627\u0641 \u062a\u06cc \u067e\u06cc \u062a\u0627 \u0627\u0633 \u0627\u0646 \u0627\u0645 \u067e\u06cc \u062a\u0627 \u0647\u0631 \u0686\u06cc \u06a9\u0647 \u0647\u0631 \u062c\u0627 \u062f\u06cc\u062f\u06cc\u0646</li><li style=\"border: 0px; font-family: inherit; font-style: inherit; font-weight: inherit; margin: 0px; outline: 0px; padding: 0px; vertical-align: baseline;\">\u06cc\u0627\u062f \u06af\u0631\u0641\u062a\u0646 \u0631\u0645\u0632\u0646\u06af\u0627\u0631\u06cc \u0628\u0627 \u062f\u0631\u06a9 \u0627\u062a\u0641\u0627\u0642\u0627\u062a \u067e\u0634\u062a\u0634. \u0627\u0632 \u062f\u0631\u06a9 \u0628\u06cc\u062a \u06a9\u0648\u06cc\u0646 \u062a\u0627 \u06a9\u0644\u06cc\u062f\u0647\u0627 \u062a\u0627 \u0627\u0633 \u0627\u0633 \u0627\u0686 \u062a\u0627 \u0647\u0634 \u0647\u0627\u06cc\u06cc \u0645\u062b\u0644 \u0627\u0645 \u062f\u06cc \u06f5 \u062a\u0627 \u0627\u0633\u06a9\u0631\u0627\u0645 (\u0631\u0645\u0632\u0646\u06af\u0627\u0631\u06cc)</li><li style=\"border: 0px; font-family: inherit; font-style: inherit; font-weight: inherit; margin: 0px; outline: 0px; padding: 0px; vertical-align: baseline;\">\u06cc\u0627\u062f \u06af\u0631\u0641\u062a\u0646 \u0631\u06cc\u0627\u0636\u06cc \u067e\u0627\u06cc\u0647 \u062a\u0631 \u0648 \u0622\u0645\u0627\u0631</li><li style=\"border: 0px; font-family: inherit; font-style: inherit; font-weight: inherit; margin: 0px; outline: 0px; padding: 0px; vertical-align: baseline;\">\u06cc\u0627\u062f \u06af\u0631\u0641\u062a\u0646 \u0628\u0631\u0646\u0627\u0645\u0647 \u0646\u0648\u06cc\u0633\u06cc \u0648 \u0646\u0648\u0634\u062a\u0646 \u0628\u0631\u0646\u0627\u0645\u0647 \u0647\u0627\u06cc \u062c\u0627\u0644\u0628 \u0627\u0632 \u0634\u06a9\u0633\u062a\u0646 \u0631\u0645\u0632 \u062a\u0627 \u062f\u0627\u0646\u0644\u0648\u062f \u06cc\u06a9 \u0633\u0627\u06cc\u062a \u0648 \u067e\u0631\u06cc\u062f\u0646 \u062f\u0631 \u0627\u06cc\u0646\u062a\u0631\u0646\u062a \u0648 \u0627\u0646\u062a\u0642\u0627\u0644 \u0641\u0627\u06cc\u0644 \u0648 \u0647\u0631 \u0686\u06cc \u0628\u0647 \u06a9\u0627\u0631\u062a\u0648\u0646 \u0627\u0648\u0645\u062f</li><li style=\"border: 0px; font-family: inherit; font-style: inherit; font-weight: inherit; margin: 0px; outline: 0px; padding: 0px; vertical-align: baseline;\">\u06cc\u0627\u062f \u06af\u0631\u0641\u062a\u0646 \u0627\u0628\u0632\u0627\u0631\u0647\u0627\u06cc \u0645\u0631\u062a\u0628\u0637 \u0627\u0632 \u062f\u06cc\u0628\u0627\u06af\u0631\u0647\u0627 \u062a\u0627 \u062f\u0627\u0645\u067e \u06a9\u0646\u0646\u062f\u0647 \u0647\u0627\u06cc \u0634\u0628\u06a9\u0647 \u0648 \u063a\u06cc\u0631\u0647</li><li style=\"border: 0px; font-family: inherit; font-style: inherit; font-weight: inherit; margin: 0px; outline: 0px; padding: 0px; vertical-align: baseline;\">\u0648 ..</li></ul><p style=\"border: 0px; font-family: DroidArabicNaskhRegular, sans-serif; font-size: 16px; margin-right: 0px; margin-bottom: 24px; margin-left: 0px; outline: 0px; padding: 0px; vertical-align: baseline; color: rgb(43, 43, 43); text-align: start;\">\u0648 \u0628\u062f\u0648\u0646\u06cc\u0646 \u06a9\u0647 \u0628\u0631\u0627\u06cc \u0686\u0646\u06cc\u0646 \u0647\u06a9\u0631\u06cc \u06a9\u0644\u06cc \u06a9\u0627\u0631 \u0628\u0627\u062d\u0627\u0644 \u0647\u0633\u062a \u0648 \u06a9\u0644\u06cc \u0641\u0631\u0635\u062a \u06a9\u0633\u0628 \u0627\u0639\u062a\u0628\u0627\u0631 \u0648\u0644\u06cc \u062e\u0628 \u0645\u0627 \u0645\u0639\u0645\u0648\u0644\u0627 \u0628\u0647 \u0627\u0648\u0646 \u0633\u0637\u062d \u0646\u0645\u06cc \u0631\u0633\u06cc\u0645 \u06a9\u0647 \u0645\u062b\u0644\u0627 \u0628\u0627\u06af \u0641\u0644\u0627\u0646 \u0627\u0628\u0632\u0627\u0631 \u06af\u0648\u06af\u0644 \u0631\u0648 \u06a9\u0634\u0641 \u0648 \u06af\u0632\u0627\u0631\u0634 \u06a9\u0646\u06cc\u0645 \u0648 \u06a9\u0644\u06cc \u062c\u0627\u06cc\u0632\u0647 \u0628\u0628\u0631\u06cc\u0645 \u0648 \u062f\u0631 \u0646\u062a\u06cc\u062c\u0647 \u0645\u062b\u0644 \u0647\u0645\u0648\u0646 \u0634\u0627\u06af\u0631\u062f \u0634\u0645\u0634\u06cc\u0631\u0628\u0627\u0632\u06cc\u060c \u0686\u0648\u0646 \u062f\u0648\u0633\u062a \u062f\u0627\u0631\u06cc\u0645 \u062e\u06cc\u0644\u06cc \u0632\u0648\u062f \u067e\u06cc\u0634\u0631\u0641\u062a \u06a9\u0646\u06cc\u0645 \u0639\u0645\u0644\u0627 \u0628\u0647 \u0633\u0645\u062a\u06cc \u0645\u06cc \u0631\u06cc\u0645 \u06a9\u0647 \u067e\u06cc\u0634\u0631\u0641\u062a \u0632\u06cc\u0627\u062f\u06cc \u062a\u0648\u0634 \u0646\u06cc\u0633\u062a. \u0628\u0627\u0632\u0645 \u0645\u06cc \u06af\u0645: \u0627\u0646\u062a\u062e\u0627\u0628 \u0628\u0627 \u0634\u0645\u0627.</p>", "image": "blog/images/qw.jpeg", "publish": "2020-09-01T19:36:34Z", "created": "2020-09-01T19:37:54.751Z", "updated": "2020-09-01T19:40:49.139Z", "status": "p", "category": [2]}}, {"model": "admin.logentry", "pk": 1, "fields": {"action_time": "2020-08-28T19:24:37.984Z", "user": 1, "content_type": 19, "object_id": "4", "object_repr": "kharidar", "action_flag": 1, "change_message": "[{\"added\": {}}]"}}, {"model": "admin.logentry", "pk": 2, "fields": {"action_time": "2020-08-28T19:26:02.251Z", "user": 1, "content_type": 20, "object_id": "4", "object_repr": "Customer object (4)", "action_flag": 1, "change_message": "[{\"added\": {}}]"}}, {"model": "admin.logentry", "pk": 3, "fields": {"action_time": "2020-08-28T19:27:41.029Z", "user": 1, "content_type": 19, "object_id": "5", "object_repr": "foroushandeh", "action_flag": 1, "change_message": "[{\"added\": {}}]"}}, {"model": "admin.logentry", "pk": 4, "fields": {"action_time": "2020-08-28T19:28:24.826Z", "user": 1, "content_type": 19, "object_id": "4", "object_repr": "kharidar", "action_flag": 2, "change_message": "[{\"changed\": {\"fields\": [\"Is customer\"]}}]"}}, {"model": "admin.logentry", "pk": 5, "fields": {"action_time": "2020-08-28T19:30:32.037Z", "user": 1, "content_type": 21, "object_id": "5", "object_repr": "\u06af\u0648\u0644\u0627\u062e \u0628\u0627\u0632\u0627\u0631", "action_flag": 1, "change_message": "[{\"added\": {}}]"}}, {"model": "admin.logentry", "pk": 6, "fields": {"action_time": "2020-08-28T19:32:42.066Z", "user": 1, "content_type": 6, "object_id": "1", "object_repr": "\u0644\u0648\u0627\u0632\u0645 \u0645\u0646\u0632\u0644", "action_flag": 1, "change_message": "[{\"added\": {}}]"}}, {"model": "admin.logentry", "pk": 7, "fields": {"action_time": "2020-08-28T19:33:06.683Z", "user": 1, "content_type": 6, "object_id": "2", "object_repr": "\u0644\u0648\u0627\u0632\u0645 \u0628\u0631\u0642\u06cc", "action_flag": 1, "change_message": "[{\"added\": {}}]"}}, {"model": "admin.logentry", "pk": 8, "fields": {"action_time": "2020-08-28T19:33:42.600Z", "user": 1, "content_type": 6, "object_id": "3", "object_repr": "\u06cc\u062e\u0686\u0627\u0644", "action_flag": 1, "change_message": "[{\"added\": {}}]"}}, {"model": "admin.logentry", "pk": 9, "fields": {"action_time": "2020-08-28T19:34:21.846Z", "user": 1, "content_type": 6, "object_id": "4", "object_repr": "\u06af\u06cc\u0627\u0647 \u0648 \u0628\u0627\u063a\u0628\u0627\u0646\u06cc", "action_flag": 1, "change_message": "[{\"added\": {}}]"}}, {"model": "admin.logentry", "pk": 10, "fields": {"action_time": "2020-08-28T19:34:42.348Z", "user": 1, "content_type": 6, "object_id": "5", "object_repr": "\u06af\u0644", "action_flag": 1, "change_message": "[{\"added\": {}}]"}}, {"model": "admin.logentry", "pk": 11, "fields": {"action_time": "2020-08-28T19:38:15.921Z", "user": 1, "content_type": 6, "object_id": "6", "object_repr": "\u06af\u0644 \u0645\u0635\u0646\u0648\u0639\u06cc", "action_flag": 1, "change_message": "[{\"added\": {}}]"}}, {"model": "admin.logentry", "pk": 12, "fields": {"action_time": "2020-08-28T19:38:38.011Z", "user": 1, "content_type": 6, "object_id": "7", "object_repr": "\u06af\u0644 \u0637\u0628\u06cc\u0639\u06cc", "action_flag": 1, "change_message": "[{\"added\": {}}]"}}, {"model": "admin.logentry", "pk": 13, "fields": {"action_time": "2020-08-28T19:42:43.641Z", "user": 1, "content_type": 7, "object_id": "1", "object_repr": "\u06af\u0644 \u0622\u0648\u0631\u0627\u0646", "action_flag": 1, "change_message": "[{\"added\": {}}]"}}, {"model": "admin.logentry", "pk": 14, "fields": {"action_time": "2020-08-28T19:43:05.263Z", "user": 1, "content_type": 7, "object_id": "2", "object_repr": "\u0627\u0645\u0631\u0633\u0627\u0646", "action_flag": 1, "change_message": "[{\"added\": {}}]"}}, {"model": "admin.logentry", "pk": 15, "fields": {"action_time": "2020-08-28T19:43:26.976Z", "user": 1, "content_type": 7, "object_id": "3", "object_repr": "\u0633\u0627\u0645\u0633\u0648\u0646\u06af", "action_flag": 1, "change_message": "[{\"added\": {}}]"}}, {"model": "admin.logentry", "pk": 16, "fields": {"action_time": "2020-08-28T19:47:43.660Z", "user": 1, "content_type": 9, "object_id": "1", "object_repr": "\u06cc\u062e\u0686\u0627\u0644 \u0627\u0645\u0631\u0633\u0627\u0646 \u0645\u062f\u0644 RH15D", "action_flag": 1, "change_message": "[{\"added\": {}}]"}}, {"model": "admin.logentry", "pk": 17, "fields": {"action_time": "2020-08-28T19:49:11.384Z", "user": 1, "content_type": 9, "object_id": "2", "object_repr": "\u0641\u0631\u06cc\u0632\u0631 \u0627\u0645\u0631\u0633\u0627\u0646 \u0645\u062f\u0644 FN15D/TP", "action_flag": 1, "change_message": "[{\"added\": {}}]"}}, {"model": "admin.logentry", "pk": 18, "fields": {"action_time": "2020-08-28T19:49:55.723Z", "user": 1, "content_type": 9, "object_id": "3", "object_repr": "\u06cc\u062e\u0686\u0627\u0644 \u0648 \u0641\u0631\u06cc\u0632\u0631 \u0633\u0627\u0645\u0633\u0648\u0646\u06af \u0645\u062f\u0644 FSR12", "action_flag": 1, "change_message": "[{\"added\": {}}]"}}, {"model": "admin.logentry", "pk": 19, "fields": {"action_time": "2020-08-28T19:50:58.037Z", "user": 1, "content_type": 9, "object_id": "4", "object_repr": "\u06af\u0644 \u062e\u0631\u0632\u0647\u0631\u0647", "action_flag": 1, "change_message": "[{\"added\": {}}]"}}, {"model": "admin.logentry", "pk": 20, "fields": {"action_time": "2020-08-28T19:51:48.003Z", "user": 1, "content_type": 8, "object_id": "1", "object_repr": "\u062e\u0627\u0631\u062f\u0627\u0631", "action_flag": 1, "change_message": "[{\"added\": {}}]"}}, {"model": "admin.logentry", "pk": 21, "fields": {"action_time": "2020-08-28T19:52:10.628Z", "user": 1, "content_type": 8, "object_id": "2", "object_repr": "\u062a\u0639\u062f\u0627\u062f \u0637\u0628\u0642\u0627\u062a \u06cc\u062e\u0686\u0627\u0644", "action_flag": 1, "change_message": "[{\"added\": {}}]"}}, {"model": "admin.logentry", "pk": 22, "fields": {"action_time": "2020-08-28T19:52:35.352Z", "user": 1, "content_type": 8, "object_id": "3", "object_repr": "\u0633\u0627\u06cc\u062f \u0628\u0627\u06cc \u0633\u0627\u06cc\u062f", "action_flag": 1, "change_message": "[{\"added\": {}}]"}}, {"model": "admin.logentry", "pk": 23, "fields": {"action_time": "2020-08-28T19:54:18.285Z", "user": 1, "content_type": 10, "object_id": "1", "object_repr": "\u06cc\u062e\u0686\u0627\u0644 \u0627\u0645\u0631\u0633\u0627\u0646 \u0645\u062f\u0644 RH15D - \u062a\u0639\u062f\u0627\u062f \u0637\u0628\u0642\u0627\u062a \u06cc\u062e\u0686\u0627\u0644", "action_flag": 1, "change_message": "[{\"added\": {}}]"}}, {"model": "admin.logentry", "pk": 24, "fields": {"action_time": "2020-08-28T19:54:59.002Z", "user": 1, "content_type": 10, "object_id": "2", "object_repr": "\u0641\u0631\u06cc\u0632\u0631 \u0627\u0645\u0631\u0633\u0627\u0646 \u0645\u062f\u0644 FN15D/TP - \u062a\u0639\u062f\u0627\u062f \u0637\u0628\u0642\u0627\u062a \u06cc\u062e\u0686\u0627\u0644", "action_flag": 1, "change_message": "[{\"added\": {}}]"}}, {"model": "admin.logentry", "pk": 25, "fields": {"action_time": "2020-08-28T19:55:33.652Z", "user": 1, "content_type": 10, "object_id": "3", "object_repr": "\u06cc\u062e\u0686\u0627\u0644 \u0648 \u0641\u0631\u06cc\u0632\u0631 \u0633\u0627\u0645\u0633\u0648\u0646\u06af \u0645\u062f\u0644 FSR12 - \u062a\u0639\u062f\u0627\u062f \u0637\u0628\u0642\u0627\u062a \u06cc\u062e\u0686\u0627\u0644", "action_flag": 1, "change_message": "[{\"added\": {}}]"}}, {"model": "admin.logentry", "pk": 26, "fields": {"action_time": "2020-08-28T19:56:14.167Z", "user": 1, "content_type": 10, "object_id": "4", "object_repr": "\u06cc\u062e\u0686\u0627\u0644 \u0627\u0645\u0631\u0633\u0627\u0646 \u0645\u062f\u0644 RH15D - \u0633\u0627\u06cc\u062f \u0628\u0627\u06cc \u0633\u0627\u06cc\u062f", "action_flag": 1, "change_message": "[{\"added\": {}}]"}}, {"model": "admin.logentry", "pk": 27, "fields": {"action_time": "2020-08-28T19:57:01.607Z", "user": 1, "content_type": 10, "object_id": "5", "object_repr": "\u0641\u0631\u06cc\u0632\u0631 \u0627\u0645\u0631\u0633\u0627\u0646 \u0645\u062f\u0644 FN15D/TP - \u0633\u0627\u06cc\u062f \u0628\u0627\u06cc \u0633\u0627\u06cc\u062f", "action_flag": 1, "change_message": "[{\"added\": {}}]"}}, {"model": "admin.logentry", "pk": 28, "fields": {"action_time": "2020-08-28T19:57:33.657Z", "user": 1, "content_type": 10, "object_id": "6", "object_repr": "\u06cc\u062e\u0686\u0627\u0644 \u0648 \u0641\u0631\u06cc\u0632\u0631 \u0633\u0627\u0645\u0633\u0648\u0646\u06af \u0645\u062f\u0644 FSR12 - \u0633\u0627\u06cc\u062f \u0628\u0627\u06cc \u0633\u0627\u06cc\u062f", "action_flag": 1, "change_message": "[{\"added\": {}}]"}}, {"model": "admin.logentry", "pk": 29, "fields": {"action_time": "2020-08-28T19:58:02.972Z", "user": 1, "content_type": 10, "object_id": "7", "object_repr": "\u06af\u0644 \u062e\u0631\u0632\u0647\u0631\u0647 - \u062e\u0627\u0631\u062f\u0627\u0631", "action_flag": 1, "change_message": "[{\"added\": {}}]"}}, {"model": "admin.logentry", "pk": 30, "fields": {"action_time": "2020-08-28T19:59:13.053Z", "user": 1, "content_type": 13, "object_id": "1", "object_repr": "ProductSupplier object (1)", "action_flag": 1, "change_message": "[{\"added\": {}}]"}}, {"model": "admin.logentry", "pk": 31, "fields": {"action_time": "2020-08-28T19:59:45.317Z", "user": 1, "content_type": 13, "object_id": "2", "object_repr": "ProductSupplier object (2)", "action_flag": 1, "change_message": "[{\"added\": {}}]"}}, {"model": "admin.logentry", "pk": 32, "fields": {"action_time": "2020-08-28T20:00:20.570Z", "user": 1, "content_type": 13, "object_id": "3", "object_repr": "ProductSupplier object (3)", "action_flag": 1, "change_message": "[{\"added\": {}}]"}}, {"model": "admin.logentry", "pk": 33, "fields": {"action_time": "2020-08-28T20:54:23.128Z", "user": 1, "content_type": 14, "object_id": "1", "object_repr": "PeymentMethod object (1)", "action_flag": 1, "change_message": "[{\"added\": {}}]"}}, {"model": "admin.logentry", "pk": 34, "fields": {"action_time": "2020-08-28T20:55:02.372Z", "user": 1, "content_type": 14, "object_id": "2", "object_repr": "PeymentMethod object (2)", "action_flag": 1, "change_message": "[{\"added\": {}}]"}}, {"model": "admin.logentry", "pk": 35, "fields": {"action_time": "2020-08-29T08:16:52.985Z", "user": 8, "content_type": 7, "object_id": "4", "object_repr": "\u06af\u0644 \u06a9\u0627\u0644\u0627", "action_flag": 1, "change_message": "[{\"added\": {}}]"}}, {"model": "admin.logentry", "pk": 36, "fields": {"action_time": "2020-08-29T08:17:11.601Z", "user": 8, "content_type": 9, "object_id": "5", "object_repr": "\u06af\u0644 \u0644\u0627\u0644\u0647", "action_flag": 1, "change_message": "[{\"added\": {}}]"}}, {"model": "admin.logentry", "pk": 37, "fields": {"action_time": "2020-08-29T08:21:31.707Z", "user": 8, "content_type": 6, "object_id": "8", "object_repr": "\u06a9\u06cc\u0641", "action_flag": 1, "change_message": "[{\"added\": {}}]"}}, {"model": "admin.logentry", "pk": 38, "fields": {"action_time": "2020-08-29T08:21:52.282Z", "user": 8, "content_type": 6, "object_id": "9", "object_repr": "\u06a9\u06cc\u0641 \u0645\u0631\u062f\u0627\u0646\u0647", "action_flag": 1, "change_message": "[{\"added\": {}}]"}}, {"model": "admin.logentry", "pk": 39, "fields": {"action_time": "2020-08-29T08:22:24.418Z", "user": 8, "content_type": 7, "object_id": "5", "object_repr": "\u062f\u06cc\u0627\u06a9\u0648", "action_flag": 1, "change_message": "[{\"added\": {}}]"}}, {"model": "admin.logentry", "pk": 40, "fields": {"action_time": "2020-08-29T08:22:37.618Z", "user": 8, "content_type": 9, "object_id": "6", "object_repr": "\u06a9\u06cc\u0641 \u0631\u0648\u062f\u0648\u0634\u06cc - \u0686\u0631\u0645 \u062f\u06cc\u0627\u06a9\u0648", "action_flag": 1, "change_message": "[{\"added\": {}}]"}}, {"model": "admin.logentry", "pk": 41, "fields": {"action_time": "2020-08-29T08:24:37.645Z", "user": 8, "content_type": 7, "object_id": "6", "object_repr": "\u0648\u0641\u0633", "action_flag": 1, "change_message": "[{\"added\": {}}]"}}, {"model": "admin.logentry", "pk": 42, "fields": {"action_time": "2020-08-29T08:24:43.107Z", "user": 8, "content_type": 9, "object_id": "7", "object_repr": "\u06a9\u06cc\u0641 \u0627\u062f\u0627\u0631\u06cc \u0648\u0641\u0633 \u0645\u062f\u0644 Vs-774", "action_flag": 1, "change_message": "[{\"added\": {}}]"}}, {"model": "admin.logentry", "pk": 43, "fields": {"action_time": "2020-08-29T08:26:25.122Z", "user": 8, "content_type": 6, "object_id": "8", "object_repr": "\u0627\u06a9\u0633\u0633\u0648\u0631\u06cc", "action_flag": 2, "change_message": "[{\"changed\": {\"fields\": [\"Cat name\"]}}]"}}, {"model": "admin.logentry", "pk": 44, "fields": {"action_time": "2020-08-29T08:26:52.621Z", "user": 8, "content_type": 6, "object_id": "9", "object_repr": "\u06a9\u06cc\u0641", "action_flag": 2, "change_message": "[{\"changed\": {\"fields\": [\"Cat name\"]}}]"}}, {"model": "admin.logentry", "pk": 45, "fields": {"action_time": "2020-08-29T08:27:16.949Z", "user": 8, "content_type": 6, "object_id": "10", "object_repr": "\u06a9\u06cc\u0641 \u0645\u0631\u062f\u0627\u0646\u0647", "action_flag": 1, "change_message": "[{\"added\": {}}]"}}, {"model": "admin.logentry", "pk": 46, "fields": {"action_time": "2020-08-29T08:27:40.390Z", "user": 8, "content_type": 6, "object_id": "11", "object_repr": "\u06a9\u06cc\u0641 \u0632\u0646\u0627\u0646\u0647", "action_flag": 1, "change_message": "[{\"added\": {}}]"}}, {"model": "admin.logentry", "pk": 47, "fields": {"action_time": "2020-08-29T08:28:26.063Z", "user": 8, "content_type": 6, "object_id": "12", "object_repr": "\u0633\u0627\u0639\u062a", "action_flag": 1, "change_message": "[{\"added\": {}}]"}}, {"model": "admin.logentry", "pk": 48, "fields": {"action_time": "2020-08-29T08:29:45.740Z", "user": 8, "content_type": 6, "object_id": "13", "object_repr": "\u0633\u0627\u0639\u062a \u0632\u0646\u0627\u0646\u0647", "action_flag": 1, "change_message": "[{\"added\": {}}]"}}, {"model": "admin.logentry", "pk": 49, "fields": {"action_time": "2020-08-29T08:30:09.135Z", "user": 8, "content_type": 6, "object_id": "14", "object_repr": "\u0633\u0627\u0639\u062a \u0645\u0631\u062f\u0627\u0646\u0647", "action_flag": 1, "change_message": "[{\"added\": {}}]"}}, {"model": "admin.logentry", "pk": 50, "fields": {"action_time": "2020-08-29T08:31:04.113Z", "user": 8, "content_type": 6, "object_id": "15", "object_repr": "\u0644\u0648\u0627\u0632\u0645 \u0628\u0627\u063a\u0628\u0627\u0646\u06cc", "action_flag": 1, "change_message": "[{\"added\": {}}]"}}, {"model": "admin.logentry", "pk": 51, "fields": {"action_time": "2020-08-29T08:32:11.558Z", "user": 8, "content_type": 6, "object_id": "16", "object_repr": "\u0642\u06cc\u0686\u06cc\u060c \u0686\u0627\u0642\u0648 \u0648 \u0627\u0628\u0632\u0627\u0631 \u0628\u0627\u063a\u0628\u0627\u0646\u06cc", "action_flag": 1, "change_message": "[{\"added\": {}}]"}}, {"model": "admin.logentry", "pk": 52, "fields": {"action_time": "2020-08-29T08:32:50.590Z", "user": 8, "content_type": 6, "object_id": "16", "object_repr": "\u0642\u06cc\u0686\u06cc\u060c \u0686\u0627\u0642\u0648 \u0648 \u0627\u0628\u0632\u0627\u0631 \u0628\u0627\u063a\u0628\u0627\u0646\u06cc", "action_flag": 2, "change_message": "[{\"changed\": {\"fields\": [\"Parent category\"]}}]"}}, {"model": "admin.logentry", "pk": 53, "fields": {"action_time": "2020-08-29T08:33:23.451Z", "user": 8, "content_type": 6, "object_id": "16", "object_repr": "\u0642\u06cc\u0686\u06cc\u060c \u0686\u0627\u0642\u0648 \u0648 \u0627\u0628\u0632\u0627\u0631 \u0628\u0627\u063a\u0628\u0627\u0646\u06cc", "action_flag": 2, "change_message": "[{\"changed\": {\"fields\": [\"Parent category\"]}}]"}}, {"model": "admin.logentry", "pk": 54, "fields": {"action_time": "2020-08-29T08:42:29.469Z", "user": 8, "content_type": 6, "object_id": "16", "object_repr": "\u0627\u0628\u0632\u0627\u0631 \u0628\u0627\u063a\u0628\u0627\u0646\u06cc", "action_flag": 2, "change_message": "[{\"changed\": {\"fields\": [\"Cat name\"]}}]"}}, {"model": "admin.logentry", "pk": 55, "fields": {"action_time": "2020-08-29T08:44:58.709Z", "user": 8, "content_type": 6, "object_id": "17", "object_repr": "\u0635\u0648\u062a\u06cc \u0648 \u062a\u0635\u0648\u06cc\u0631\u06cc", "action_flag": 1, "change_message": "[{\"added\": {}}]"}}, {"model": "admin.logentry", "pk": 56, "fields": {"action_time": "2020-08-29T08:48:18.264Z", "user": 8, "content_type": 6, "object_id": "18", "object_repr": "\u062f\u06a9\u0648\u0631\u0627\u062a\u06cc\u0648", "action_flag": 1, "change_message": "[{\"added\": {}}]"}}, {"model": "admin.logentry", "pk": 57, "fields": {"action_time": "2020-08-29T08:49:12.173Z", "user": 8, "content_type": 6, "object_id": "19", "object_repr": "\u0633\u0627\u0639\u062a \u0648 \u063a\u06cc\u0631\u0647", "action_flag": 1, "change_message": "[{\"added\": {}}]"}}, {"model": "admin.logentry", "pk": 58, "fields": {"action_time": "2020-08-29T08:51:35.283Z", "user": 8, "content_type": 6, "object_id": "20", "object_repr": "\u06a9\u062a\u0627\u0628 \u0648 \u0644\u0648\u0627\u0632\u0645 \u062a\u062d\u0631\u06cc\u0631", "action_flag": 1, "change_message": "[{\"added\": {}}]"}}, {"model": "admin.logentry", "pk": 59, "fields": {"action_time": "2020-08-29T08:51:57.188Z", "user": 8, "content_type": 6, "object_id": "21", "object_repr": "\u0648\u0631\u0632\u0634 \u0648 \u0633\u0641\u0631", "action_flag": 1, "change_message": "[{\"added\": {}}]"}}, {"model": "admin.logentry", "pk": 60, "fields": {"action_time": "2020-08-29T08:52:21.126Z", "user": 8, "content_type": 6, "object_id": "22", "object_repr": "\u062e\u0648\u0631\u062f\u0646\u06cc \u0648 \u0622\u0634\u0627\u0645\u06cc\u062f\u0646\u06cc", "action_flag": 1, "change_message": "[{\"added\": {}}]"}}, {"model": "admin.logentry", "pk": 61, "fields": {"action_time": "2020-08-29T08:53:30.139Z", "user": 8, "content_type": 6, "object_id": "23", "object_repr": "\u0622\u0634\u067e\u0632\u062e\u0627\u0646\u0647", "action_flag": 1, "change_message": "[{\"added\": {}}]"}}, {"model": "admin.logentry", "pk": 62, "fields": {"action_time": "2020-08-29T08:56:54.420Z", "user": 8, "content_type": 6, "object_id": "24", "object_repr": "\u06a9\u062a\u0627\u0628 \u0648 \u0645\u062c\u0644\u0647", "action_flag": 1, "change_message": "[{\"added\": {}}]"}}, {"model": "admin.logentry", "pk": 63, "fields": {"action_time": "2020-08-29T08:57:29.959Z", "user": 8, "content_type": 6, "object_id": "25", "object_repr": "\u0644\u0648\u0627\u0632\u0645 \u062a\u062d\u0631\u06cc\u0631", "action_flag": 1, "change_message": "[{\"added\": {}}]"}}, {"model": "admin.logentry", "pk": 64, "fields": {"action_time": "2020-08-29T08:58:19.419Z", "user": 8, "content_type": 6, "object_id": "26", "object_repr": "\u0644\u0648\u0627\u0632\u0645 \u0627\u062f\u0627\u0631\u06cc \u0648 \u0627\u0642\u0644\u0627\u0645 \u0645\u0635\u0631\u0641\u06cc", "action_flag": 1, "change_message": "[{\"added\": {}}]"}}, {"model": "admin.logentry", "pk": 65, "fields": {"action_time": "2020-08-29T08:59:19.526Z", "user": 8, "content_type": 6, "object_id": "27", "object_repr": "\u0627\u0644\u06a9\u062a\u0631\u0648\u0646\u06cc\u06a9\u06cc", "action_flag": 1, "change_message": "[{\"added\": {}}]"}}, {"model": "admin.logentry", "pk": 66, "fields": {"action_time": "2020-08-29T08:59:54.993Z", "user": 8, "content_type": 6, "object_id": "28", "object_repr": "\u06a9\u062a\u0627\u0628 \u0686\u0627\u067e\u06cc", "action_flag": 1, "change_message": "[{\"added\": {}}]"}}, {"model": "admin.logentry", "pk": 67, "fields": {"action_time": "2020-08-29T09:00:30.621Z", "user": 8, "content_type": 6, "object_id": "28", "object_repr": "\u0686\u0627\u067e\u06cc", "action_flag": 2, "change_message": "[{\"changed\": {\"fields\": [\"Cat name\"]}}]"}}, {"model": "admin.logentry", "pk": 68, "fields": {"action_time": "2020-08-29T09:02:04.140Z", "user": 8, "content_type": 6, "object_id": "29", "object_repr": "\u0633\u0631\u0648\u06cc\u0633 \u0648 \u067e\u062e\u062a \u0648 \u067e\u0632", "action_flag": 1, "change_message": "[{\"added\": {}}]"}}, {"model": "admin.logentry", "pk": 69, "fields": {"action_time": "2020-08-29T09:03:15.009Z", "user": 8, "content_type": 6, "object_id": "30", "object_repr": "\u0645\u0648\u0627\u062f \u0634\u0648\u06cc\u0646\u062f\u0647", "action_flag": 1, "change_message": "[{\"added\": {}}]"}}, {"model": "admin.logentry", "pk": 70, "fields": {"action_time": "2020-08-29T09:06:07.732Z", "user": 8, "content_type": 6, "object_id": "31", "object_repr": "\u06a9\u0648\u0647\u0646\u0648\u0631\u062f\u06cc \u0648 \u06a9\u0645\u067e\u06cc\u0646\u06af", "action_flag": 1, "change_message": "[{\"added\": {}}]"}}, {"model": "admin.logentry", "pk": 71, "fields": {"action_time": "2020-08-29T09:07:50.355Z", "user": 8, "content_type": 6, "object_id": "32", "object_repr": "\u067e\u0648\u0634\u0627\u06a9 \u0648\u0631\u0632\u0634\u06cc", "action_flag": 1, "change_message": "[{\"added\": {}}]"}}, {"model": "admin.logentry", "pk": 72, "fields": {"action_time": "2020-08-29T09:08:19.755Z", "user": 8, "content_type": 6, "object_id": "33", "object_repr": "\u0644\u0648\u0627\u0632\u0645 \u0648\u0631\u0632\u0634\u06cc", "action_flag": 1, "change_message": "[{\"added\": {}}]"}}, {"model": "admin.logentry", "pk": 73, "fields": {"action_time": "2020-08-29T09:11:31.154Z", "user": 8, "content_type": 6, "object_id": "34", "object_repr": "\u067e\u0648\u0634\u0627\u06a9 \u0645\u0631\u062f\u0627\u0646\u0647", "action_flag": 1, "change_message": "[{\"added\": {}}]"}}, {"model": "admin.logentry", "pk": 74, "fields": {"action_time": "2020-08-29T09:11:56.586Z", "user": 8, "content_type": 6, "object_id": "35", "object_repr": "\u067e\u0648\u0634\u0627\u06a9 \u0632\u0646\u0627\u0646\u0647", "action_flag": 1, "change_message": "[{\"added\": {}}]"}}, {"model": "admin.logentry", "pk": 75, "fields": {"action_time": "2020-08-29T09:50:41.190Z", "user": 8, "content_type": 20, "object_id": "8", "object_repr": "Customer object (8)", "action_flag": 1, "change_message": "[{\"added\": {}}]"}}, {"model": "admin.logentry", "pk": 82, "fields": {"action_time": "2020-08-30T12:26:03.229Z", "user": 8, "content_type": 7, "object_id": "7", "object_repr": "\u0627\u0644 \u062c\u06cc", "action_flag": 1, "change_message": "[{\"added\": {}}]"}}, {"model": "admin.logentry", "pk": 83, "fields": {"action_time": "2020-08-30T12:26:13.590Z", "user": 8, "content_type": 9, "object_id": "14", "object_repr": "\u062a\u0644\u0648\u06cc\u0632\u06cc\u0648\u0646 LED \u0627\u0644 \u062c\u06cc", "action_flag": 1, "change_message": "[{\"added\": {}}]"}}, {"model": "admin.logentry", "pk": 84, "fields": {"action_time": "2020-08-30T12:34:27.764Z", "user": 8, "content_type": 19, "object_id": "16", "object_repr": "saatsaz", "action_flag": 1, "change_message": "[{\"added\": {}}]"}}, {"model": "admin.logentry", "pk": 85, "fields": {"action_time": "2020-08-30T12:35:06.321Z", "user": 8, "content_type": 21, "object_id": "16", "object_repr": "\u0628\u0631\u0627\u062f\u0631\u0627\u0646 \u0633\u0627\u0639\u062a \u0633\u0627\u0632 \u0628\u0647 \u062c\u0632 \u0627\u0635\u063a\u0631", "action_flag": 1, "change_message": "[{\"added\": {}}]"}}, {"model": "admin.logentry", "pk": 86, "fields": {"action_time": "2020-08-30T12:37:53.780Z", "user": 8, "content_type": 9, "object_id": "15", "object_repr": "\u0633\u0627\u0639\u062a \u0645\u0686\u06cc \u0639\u0642\u0631\u0628\u0647 \u0627\u06cc \u0645\u0631\u062f\u0627\u0646\u0647 \u0644\u06cc\u0628\u0631\u062a\u06cc \u0645\u062f\u0644 31", "action_flag": 1, "change_message": "[{\"added\": {}}]"}}, {"model": "admin.logentry", "pk": 87, "fields": {"action_time": "2020-08-30T12:38:04.936Z", "user": 8, "content_type": 13, "object_id": "5", "object_repr": "ProductSupplier object (5)", "action_flag": 1, "change_message": "[{\"added\": {}}]"}}, {"model": "admin.logentry", "pk": 88, "fields": {"action_time": "2020-08-30T12:39:51.276Z", "user": 8, "content_type": 13, "object_id": "5", "object_repr": "ProductSupplier object (5)", "action_flag": 2, "change_message": "[{\"changed\": {\"fields\": [\"Unit price\"]}}]"}}, {"model": "admin.logentry", "pk": 89, "fields": {"action_time": "2020-08-30T12:46:03.510Z", "user": 8, "content_type": 9, "object_id": "16", "object_repr": "\u0628\u06cc\u0644 \u062e\u0641\u0646", "action_flag": 1, "change_message": "[{\"added\": {}}]"}}, {"model": "admin.logentry", "pk": 90, "fields": {"action_time": "2020-08-30T12:46:19.157Z", "user": 8, "content_type": 13, "object_id": "6", "object_repr": "ProductSupplier object (6)", "action_flag": 1, "change_message": "[{\"added\": {}}]"}}, {"model": "admin.logentry", "pk": 91, "fields": {"action_time": "2020-08-30T12:49:16.033Z", "user": 8, "content_type": 9, "object_id": "17", "object_repr": "\u06a9\u06cc\u0641 \u0686\u0631\u0645\u06cc \u0645\u062f\u0644 \u0627\u0641\u06cc\u0633", "action_flag": 1, "change_message": "[{\"added\": {}}]"}}, {"model": "admin.logentry", "pk": 92, "fields": {"action_time": "2020-08-30T12:49:33.301Z", "user": 8, "content_type": 13, "object_id": "7", "object_repr": "ProductSupplier object (7)", "action_flag": 1, "change_message": "[{\"added\": {}}]"}}, {"model": "admin.logentry", "pk": 93, "fields": {"action_time": "2020-08-30T12:50:31.605Z", "user": 8, "content_type": 13, "object_id": "8", "object_repr": "ProductSupplier object (8)", "action_flag": 1, "change_message": "[{\"added\": {}}]"}}, {"model": "admin.logentry", "pk": 94, "fields": {"action_time": "2020-08-30T12:53:28.955Z", "user": 8, "content_type": 9, "object_id": "18", "object_repr": "\u0633\u0627\u0639\u062a \u062f\u06cc\u0648\u0627\u0631\u06cc \u067e\u062f\u06cc\u062f\u0647 \u0634\u0627\u067e \u0645\u062f\u0644 Harmony \u0628\u06cc\u0634 \u0627\u0632 \u06f2\u06f0\u06f0 \u0646\u0641\u0631 \u0627\u0632 \u062e\u0631\u06cc\u062f\u0627\u0631\u0627\u0646 \u0627\u06cc\u0646", "action_flag": 1, "change_message": "[{\"added\": {}}]"}}, {"model": "admin.logentry", "pk": 95, "fields": {"action_time": "2020-08-30T12:53:43.591Z", "user": 8, "content_type": 13, "object_id": "9", "object_repr": "ProductSupplier object (9)", "action_flag": 1, "change_message": "[{\"added\": {}}]"}}, {"model": "admin.logentry", "pk": 96, "fields": {"action_time": "2020-08-30T12:54:36.969Z", "user": 8, "content_type": 9, "object_id": "18", "object_repr": "\u0633\u0627\u0639\u062a \u062f\u06cc\u0648\u0627\u0631\u06cc \u067e\u062f\u06cc\u062f\u0647 \u0634\u0627\u067e \u0645\u062f\u0644 Harmony", "action_flag": 2, "change_message": "[{\"changed\": {\"fields\": [\"Product name\"]}}]"}}, {"model": "admin.logentry", "pk": 97, "fields": {"action_time": "2020-08-30T12:54:44.509Z", "user": 8, "content_type": 13, "object_id": "9", "object_repr": "ProductSupplier object (9)", "action_flag": 2, "change_message": "[]"}}, {"model": "admin.logentry", "pk": 98, "fields": {"action_time": "2020-08-30T12:58:32.868Z", "user": 8, "content_type": 9, "object_id": "5", "object_repr": "\u06af\u0644 \u0644\u0627\u0644\u0647", "action_flag": 2, "change_message": "[{\"changed\": {\"fields\": [\"Product image\"]}}]"}}, {"model": "admin.logentry", "pk": 99, "fields": {"action_time": "2020-08-30T13:00:27.515Z", "user": 8, "content_type": 13, "object_id": "10", "object_repr": "ProductSupplier object (10)", "action_flag": 1, "change_message": "[{\"added\": {}}]"}}, {"model": "admin.logentry", "pk": 100, "fields": {"action_time": "2020-08-30T13:02:20.915Z", "user": 8, "content_type": 9, "object_id": "19", "object_repr": "\u0633\u0631\u0648\u06cc\u0633 \u0642\u0627\u0628\u0644\u0645\u0647 20 \u067e\u0627\u0631\u0686\u0647 \u062c\u06cc \u0641\u06cc \u0646\u06cc", "action_flag": 1, "change_message": "[{\"added\": {}}]"}}, {"model": "admin.logentry", "pk": 101, "fields": {"action_time": "2020-08-30T13:02:37.605Z", "user": 8, "content_type": 13, "object_id": "11", "object_repr": "ProductSupplier object (11)", "action_flag": 1, "change_message": "[{\"added\": {}}]"}}, {"model": "admin.logentry", "pk": 102, "fields": {"action_time": "2020-08-30T13:03:45.906Z", "user": 8, "content_type": 9, "object_id": "20", "object_repr": "\u067e\u0648\u062f\u0631 \u0645\u0627\u0634\u06cc\u0646 \u0638\u0631\u0641\u0634\u0648\u06cc\u06cc \u067e\u0631\u06cc\u0644 \u0645\u0642\u062f\u0627\u0631 1 \u06a9\u06cc\u0644\u0648\u06af\u0631\u0645", "action_flag": 1, "change_message": "[{\"added\": {}}]"}}, {"model": "admin.logentry", "pk": 103, "fields": {"action_time": "2020-08-30T13:04:46.847Z", "user": 8, "content_type": 13, "object_id": "12", "object_repr": "ProductSupplier object (12)", "action_flag": 1, "change_message": "[{\"added\": {}}]"}}, {"model": "admin.logentry", "pk": 104, "fields": {"action_time": "2020-08-30T13:09:34.564Z", "user": 8, "content_type": 9, "object_id": "21", "object_repr": "\u06a9\u06cc\u0641 \u0627\u062f\u0627\u0631\u06cc \u0645\u0631\u062f\u0627\u0646\u0647 \u062f\u0644\u0646\u06cc\u0627 \u0645\u062f\u0644 E11801", "action_flag": 1, "change_message": "[{\"added\": {}}]"}}, {"model": "admin.logentry", "pk": 105, "fields": {"action_time": "2020-08-30T13:09:41.559Z", "user": 8, "content_type": 13, "object_id": "13", "object_repr": "ProductSupplier object (13)", "action_flag": 1, "change_message": "[{\"added\": {}}]"}}, {"model": "admin.logentry", "pk": 106, "fields": {"action_time": "2020-08-30T13:12:55.984Z", "user": 8, "content_type": 9, "object_id": "22", "object_repr": "\u0633\u0627\u0639\u062a \u0645\u0686\u06cc \u0639\u0642\u0631\u0628\u0647 \u0627\u06cc \u0632\u0646\u0627\u0646\u0647 \u0648\u0627\u0644\u0627\u0631 \u06a9\u062f LF1780", "action_flag": 1, "change_message": "[{\"added\": {}}]"}}, {"model": "admin.logentry", "pk": 107, "fields": {"action_time": "2020-08-30T13:13:21.966Z", "user": 8, "content_type": 13, "object_id": "14", "object_repr": "ProductSupplier object (14)", "action_flag": 1, "change_message": "[{\"added\": {}}]"}}, {"model": "admin.logentry", "pk": 108, "fields": {"action_time": "2020-08-30T13:14:03.659Z", "user": 8, "content_type": 9, "object_id": "23", "object_repr": "\u0646\u06cc\u0645 \u062a\u0646\u0647 \u0648\u0631\u0632\u0634\u06cc \u0632\u0646\u0627\u0646\u0647 \u06a9\u062f 3232-1", "action_flag": 1, "change_message": "[{\"added\": {}}]"}}, {"model": "admin.logentry", "pk": 109, "fields": {"action_time": "2020-08-30T13:14:30.305Z", "user": 8, "content_type": 13, "object_id": "15", "object_repr": "ProductSupplier object (15)", "action_flag": 1, "change_message": "[{\"added\": {}}]"}}, {"model": "admin.logentry", "pk": 110, "fields": {"action_time": "2020-08-30T13:15:15.524Z", "user": 8, "content_type": 9, "object_id": "24", "object_repr": "\u06a9\u062a\u0627\u0628 \u0635\u0648\u062a\u06cc \u0627\u062b\u0631 \u0645\u0631\u06a9\u0628 \u0627\u062b\u0631 \u062f\u0627\u0631\u0646 \u0647\u0627\u0631\u062f\u06cc", "action_flag": 1, "change_message": "[{\"added\": {}}]"}}, {"model": "admin.logentry", "pk": 111, "fields": {"action_time": "2020-08-30T13:15:35.378Z", "user": 8, "content_type": 13, "object_id": "16", "object_repr": "ProductSupplier object (16)", "action_flag": 1, "change_message": "[{\"added\": {}}]"}}, {"model": "admin.logentry", "pk": 112, "fields": {"action_time": "2020-08-30T13:16:27.414Z", "user": 8, "content_type": 9, "object_id": "25", "object_repr": "\u06a9\u062a\u0627\u0628 1984 \u0627\u062b\u0631 \u062c\u0648\u0631\u062c \u0627\u0648\u0631\u0648\u0644 \u0646\u0634\u0631 \u0634\u0627\u0647\u062f\u062e\u062a \u067e\u0627\u06cc\u06cc\u0632", "action_flag": 1, "change_message": "[{\"added\": {}}]"}}, {"model": "admin.logentry", "pk": 113, "fields": {"action_time": "2020-08-30T13:17:07.529Z", "user": 8, "content_type": 13, "object_id": "17", "object_repr": "ProductSupplier object (17)", "action_flag": 1, "change_message": "[{\"added\": {}}]"}}, {"model": "admin.logentry", "pk": 114, "fields": {"action_time": "2020-08-30T13:18:38.736Z", "user": 8, "content_type": 9, "object_id": "26", "object_repr": "\u0633\u062a \u062a\u06cc\u0634\u0631\u062a \u0648 \u0634\u0644\u0648\u0627\u0631 \u0648\u0631\u0632\u0634\u06cc \u0645\u0631\u062f\u0627\u0646\u0647 \u0645\u062f\u0644 2038 \u0631\u0646\u06af \u0642\u0631\u0645\u0632", "action_flag": 1, "change_message": "[{\"added\": {}}]"}}, {"model": "admin.logentry", "pk": 115, "fields": {"action_time": "2020-08-30T13:18:51.817Z", "user": 8, "content_type": 13, "object_id": "18", "object_repr": "ProductSupplier object (18)", "action_flag": 1, "change_message": "[{\"added\": {}}]"}}, {"model": "admin.logentry", "pk": 116, "fields": {"action_time": "2020-08-30T13:20:59.598Z", "user": 8, "content_type": 6, "object_id": "36", "object_repr": "\u06a9\u0627\u0644\u0627\u0647\u0627\u06cc \u0627\u0633\u0627\u0633\u06cc \u0648 \u062e\u0627\u0631 \u0648\u0628\u0627\u0631", "action_flag": 1, "change_message": "[{\"added\": {}}]"}}, {"model": "admin.logentry", "pk": 117, "fields": {"action_time": "2020-08-30T13:22:02.157Z", "user": 8, "content_type": 6, "object_id": "37", "object_repr": "\u0628\u0631\u0646\u062c", "action_flag": 1, "change_message": "[{\"added\": {}}]"}}, {"model": "admin.logentry", "pk": 118, "fields": {"action_time": "2020-08-30T13:22:47.022Z", "user": 8, "content_type": 6, "object_id": "38", "object_repr": "\u06a9\u0641\u0634 \u06a9\u0648\u0647", "action_flag": 1, "change_message": "[{\"added\": {}}]"}}, {"model": "admin.logentry", "pk": 119, "fields": {"action_time": "2020-08-30T13:23:15.916Z", "user": 8, "content_type": 6, "object_id": "39", "object_repr": "\u0648\u0631\u0632\u0634 \u0647\u0627\u06cc \u062a\u0648\u067e\u06cc", "action_flag": 1, "change_message": "[{\"added\": {}}]"}}, {"model": "admin.logentry", "pk": 120, "fields": {"action_time": "2020-08-30T13:23:41.203Z", "user": 8, "content_type": 6, "object_id": "40", "object_repr": "\u06a9\u0641\u0634 \u06a9\u0648\u0647", "action_flag": 1, "change_message": "[{\"added\": {}}]"}}, {"model": "admin.logentry", "pk": 121, "fields": {"action_time": "2020-08-30T13:25:12.799Z", "user": 8, "content_type": 9, "object_id": "27", "object_repr": "\u0686\u0633\u0628 \u0645\u0627\u062a\u06cc\u06a9\u06cc \u0622\u0631\u06cc\u0627 \u06a9\u062f 8004 \u0628\u0633\u062a\u0647 3 \u0639\u062f\u062f\u06cc", "action_flag": 1, "change_message": "[{\"added\": {}}]"}}, {"model": "admin.logentry", "pk": 122, "fields": {"action_time": "2020-08-30T13:25:53.257Z", "user": 8, "content_type": 13, "object_id": "19", "object_repr": "ProductSupplier object (19)", "action_flag": 1, "change_message": "[{\"added\": {}}]"}}, {"model": "admin.logentry", "pk": 123, "fields": {"action_time": "2020-08-30T13:26:11.954Z", "user": 8, "content_type": 9, "object_id": "28", "object_repr": "\u0628\u0631\u0646\u062c \u0639\u0646\u0628\u0631\u0628\u0648 \u0622\u0642\u0627\u0645\u06cc\u0631 - 5 \u06a9\u06cc\u0644\u0648\u06af\u0631\u0645", "action_flag": 1, "change_message": "[{\"added\": {}}]"}}, {"model": "admin.logentry", "pk": 124, "fields": {"action_time": "2020-08-30T13:26:26.979Z", "user": 8, "content_type": 13, "object_id": "20", "object_repr": "ProductSupplier object (20)", "action_flag": 1, "change_message": "[{\"added\": {}}]"}}, {"model": "admin.logentry", "pk": 125, "fields": {"action_time": "2020-08-30T13:27:45.918Z", "user": 8, "content_type": 9, "object_id": "29", "object_repr": "\u06a9\u0641\u0634 \u06a9\u0648\u0647\u0646\u0648\u0631\u062f\u06cc \u0632\u0646\u0627\u0646\u0647 \u0622\u0633\u06cc\u0627 \u0645\u062f\u0644 \u0627\u0633\u06a9\u0627\u0631\u067e\u0627 \u06a9\u062f 458", "action_flag": 1, "change_message": "[{\"added\": {}}]"}}, {"model": "admin.logentry", "pk": 126, "fields": {"action_time": "2020-08-30T13:28:32.357Z", "user": 8, "content_type": 9, "object_id": "30", "object_repr": "\u062a\u0648\u067e \u0641\u0648\u062a\u0628\u0627\u0644 \u0622\u062f\u06cc\u062f\u0627\u0633 \u0645\u062f\u0644 R520", "action_flag": 1, "change_message": "[{\"added\": {}}]"}}, {"model": "admin.logentry", "pk": 127, "fields": {"action_time": "2020-08-30T13:30:38.707Z", "user": 8, "content_type": 6, "object_id": "38", "object_repr": "\u06a9\u0641\u0634 \u06a9\u0648\u06471", "action_flag": 2, "change_message": "[{\"changed\": {\"fields\": [\"Cat name\"]}}]"}}, {"model": "admin.logentry", "pk": 128, "fields": {"action_time": "2020-08-30T13:31:15.379Z", "user": 8, "content_type": 6, "object_id": "40", "object_repr": "\u06a9\u0641\u0634 \u06a9\u0648\u0647", "action_flag": 3, "change_message": ""}}, {"model": "admin.logentry", "pk": 129, "fields": {"action_time": "2020-08-30T13:31:24.235Z", "user": 8, "content_type": 6, "object_id": "38", "object_repr": "\u06a9\u0641\u0634 \u06a9\u0648\u0647", "action_flag": 2, "change_message": "[{\"changed\": {\"fields\": [\"Cat name\"]}}]"}}, {"model": "admin.logentry", "pk": 130, "fields": {"action_time": "2020-08-30T13:32:06.130Z", "user": 8, "content_type": 13, "object_id": "21", "object_repr": "ProductSupplier object (21)", "action_flag": 1, "change_message": "[{\"added\": {}}]"}}, {"model": "admin.logentry", "pk": 131, "fields": {"action_time": "2020-08-30T13:32:19.701Z", "user": 8, "content_type": 13, "object_id": "22", "object_repr": "ProductSupplier object (22)", "action_flag": 1, "change_message": "[{\"added\": {}}]"}}, {"model": "admin.logentry", "pk": 132, "fields": {"action_time": "2020-09-01T07:09:12.300Z", "user": 1, "content_type": 13, "object_id": "24", "object_repr": "\u0639\u0627\u0645\u0647 \u067e\u0633\u0646\u062f - \u0646\u0627\u06cc\u06a9", "action_flag": 2, "change_message": "[{\"changed\": {\"fields\": [\"Stock\"]}}]"}}, {"model": "admin.logentry", "pk": 133, "fields": {"action_time": "2020-09-01T07:22:22.587Z", "user": 1, "content_type": 13, "object_id": "25", "object_repr": "\u0639\u0627\u0645\u0647 \u067e\u0633\u0646\u062f - \u06af\u0648\u0644\u0627\u062e \u0628\u0627\u0632\u0627\u0631", "action_flag": 1, "change_message": "[{\"added\": {}}]"}}, {"model": "admin.logentry", "pk": 134, "fields": {"action_time": "2020-09-01T18:57:17.108Z", "user": 1, "content_type": 19, "object_id": "13", "object_repr": "0021244987", "action_flag": 3, "change_message": ""}}, {"model": "admin.logentry", "pk": 135, "fields": {"action_time": "2020-09-01T18:57:17.328Z", "user": 1, "content_type": 19, "object_id": "17", "object_repr": "2arminazimi", "action_flag": 3, "change_message": ""}}, {"model": "admin.logentry", "pk": 136, "fields": {"action_time": "2020-09-01T18:57:17.558Z", "user": 1, "content_type": 19, "object_id": "12", "object_repr": "a", "action_flag": 3, "change_message": ""}}, {"model": "admin.logentry", "pk": 137, "fields": {"action_time": "2020-09-01T18:57:17.775Z", "user": 1, "content_type": 19, "object_id": "3", "object_repr": "admin33", "action_flag": 3, "change_message": ""}}, {"model": "admin.logentry", "pk": 138, "fields": {"action_time": "2020-09-01T18:57:18.010Z", "user": 1, "content_type": 19, "object_id": "2", "object_repr": "armin", "action_flag": 3, "change_message": ""}}, {"model": "admin.logentry", "pk": 139, "fields": {"action_time": "2020-09-01T18:57:18.229Z", "user": 1, "content_type": 19, "object_id": "10", "object_repr": "arminazimi", "action_flag": 3, "change_message": ""}}, {"model": "admin.logentry", "pk": 140, "fields": {"action_time": "2020-09-01T18:57:18.447Z", "user": 1, "content_type": 19, "object_id": "18", "object_repr": "kazem", "action_flag": 3, "change_message": ""}}, {"model": "admin.logentry", "pk": 141, "fields": {"action_time": "2020-09-01T18:57:18.664Z", "user": 1, "content_type": 19, "object_id": "11", "object_repr": "q", "action_flag": 3, "change_message": ""}}, {"model": "admin.logentry", "pk": 142, "fields": {"action_time": "2020-09-01T18:57:18.882Z", "user": 1, "content_type": 19, "object_id": "15", "object_repr": "qaz", "action_flag": 3, "change_message": ""}}, {"model": "admin.logentry", "pk": 143, "fields": {"action_time": "2020-09-01T18:57:19.101Z", "user": 1, "content_type": 19, "object_id": "20", "object_repr": "qqqqz", "action_flag": 3, "change_message": ""}}, {"model": "admin.logentry", "pk": 144, "fields": {"action_time": "2020-09-01T18:57:19.320Z", "user": 1, "content_type": 19, "object_id": "16", "object_repr": "saatsaz", "action_flag": 3, "change_message": ""}}, {"model": "admin.logentry", "pk": 145, "fields": {"action_time": "2020-09-01T18:57:19.541Z", "user": 1, "content_type": 19, "object_id": "21", "object_repr": "w", "action_flag": 3, "change_message": ""}}, {"model": "admin.logentry", "pk": 146, "fields": {"action_time": "2020-09-01T18:57:19.758Z", "user": 1, "content_type": 19, "object_id": "14", "object_repr": "z", "action_flag": 3, "change_message": ""}}, {"model": "admin.logentry", "pk": 147, "fields": {"action_time": "2020-09-01T18:57:19.976Z", "user": 1, "content_type": 19, "object_id": "19", "object_repr": "\u067e\u062f", "action_flag": 3, "change_message": ""}}, {"model": "admin.logentry", "pk": 148, "fields": {"action_time": "2020-09-01T19:13:54.297Z", "user": 1, "content_type": 9, "object_id": "17", "object_repr": "\u06a9\u06cc\u0641 \u0686\u0631\u0645\u06cc \u0645\u062f\u0644 \u0627\u0641\u06cc\u0633", "action_flag": 2, "change_message": "[{\"changed\": {\"fields\": [\"\\u062a\\u0635\\u0648\\u06cc\\u0631 \\u0645\\u062d\\u0635\\u0648\\u0644\"]}}]"}}, {"model": "admin.logentry", "pk": 149, "fields": {"action_time": "2020-09-02T10:45:03.036Z", "user": 1, "content_type": 19, "object_id": "28", "object_repr": "ad", "action_flag": 3, "change_message": ""}}, {"model": "admin.logentry", "pk": 150, "fields": {"action_time": "2020-09-02T10:45:03.312Z", "user": 1, "content_type": 19, "object_id": "25", "object_repr": "q", "action_flag": 3, "change_message": ""}}, {"model": "admin.logentry", "pk": 151, "fields": {"action_time": "2020-09-02T10:45:03.514Z", "user": 1, "content_type": 19, "object_id": "26", "object_repr": "qq", "action_flag": 3, "change_message": ""}}, {"model": "admin.logentry", "pk": 152, "fields": {"action_time": "2020-09-02T10:45:03.724Z", "user": 1, "content_type": 19, "object_id": "23", "object_repr": "warmin", "action_flag": 3, "change_message": ""}}, {"model": "admin.logentry", "pk": 153, "fields": {"action_time": "2020-09-02T10:45:03.995Z", "user": 1, "content_type": 19, "object_id": "27", "object_repr": "wsx", "action_flag": 3, "change_message": ""}}, {"model": "admin.logentry", "pk": 154, "fields": {"action_time": "2020-09-02T10:46:20.077Z", "user": 1, "content_type": 19, "object_id": "22", "object_repr": "armin", "action_flag": 2, "change_message": "[{\"changed\": {\"fields\": [\"Email address\"]}}]"}}, {"model": "admin.logentry", "pk": 155, "fields": {"action_time": "2020-09-02T10:49:34.378Z", "user": 1, "content_type": 19, "object_id": "1", "object_repr": "admin", "action_flag": 2, "change_message": "[{\"changed\": {\"fields\": [\"\\u0646\\u0627\\u0645\", \"\\u0646\\u0627\\u0645 \\u062e\\u0627\\u0646\\u0648\\u0627\\u062f\\u06af\\u06cc\", \"Email address\"]}}]"}}, {"model": "admin.logentry", "pk": 156, "fields": {"action_time": "2020-09-02T10:50:04.984Z", "user": 1, "content_type": 19, "object_id": "9", "object_repr": "foroush", "action_flag": 2, "change_message": "[{\"changed\": {\"fields\": [\"Email address\"]}}]"}}, {"model": "admin.logentry", "pk": 157, "fields": {"action_time": "2020-09-02T10:50:13.332Z", "user": 1, "content_type": 19, "object_id": "4", "object_repr": "kharidar", "action_flag": 2, "change_message": "[{\"changed\": {\"fields\": [\"Email address\"]}}]"}}, {"model": "admin.logentry", "pk": 158, "fields": {"action_time": "2020-09-02T10:50:29.986Z", "user": 1, "content_type": 19, "object_id": "5", "object_repr": "foroushandeh", "action_flag": 2, "change_message": "[{\"changed\": {\"fields\": [\"Email address\"]}}]"}}, {"model": "admin.logentry", "pk": 159, "fields": {"action_time": "2020-09-02T10:50:30.765Z", "user": 1, "content_type": 19, "object_id": "5", "object_repr": "foroushandeh", "action_flag": 2, "change_message": "[{\"changed\": {\"fields\": [\"Email address\"]}}]"}}, {"model": "admin.logentry", "pk": 160, "fields": {"action_time": "2020-09-02T10:51:03.094Z", "user": 1, "content_type": 19, "object_id": "8", "object_repr": "mamad", "action_flag": 2, "change_message": "[{\"changed\": {\"fields\": [\"\\u0646\\u0627\\u0645\", \"\\u0646\\u0627\\u0645 \\u062e\\u0627\\u0646\\u0648\\u0627\\u062f\\u06af\\u06cc\", \"Email address\"]}}]"}}, {"model": "admin.logentry", "pk": 161, "fields": {"action_time": "2020-09-02T10:51:33.547Z", "user": 1, "content_type": 19, "object_id": "6", "object_repr": "kharidar1", "action_flag": 2, "change_message": "[{\"changed\": {\"fields\": [\"Email address\"]}}]"}}, {"model": "admin.logentry", "pk": 162, "fields": {"action_time": "2020-09-02T12:09:58.358Z", "user": 1, "content_type": 13, "object_id": "8", "object_repr": "\u062a\u0644\u0648\u06cc\u0632\u06cc\u0648\u0646 LED \u0627\u0644 \u062c\u06cc - \u06af\u0648\u0644\u0627\u062e \u0628\u0627\u0632\u0627\u0631", "action_flag": 2, "change_message": "[{\"changed\": {\"fields\": [\"\\u062a\\u0639\\u062f\\u0627\\u062f\"]}}]"}}, {"model": "admin.logentry", "pk": 163, "fields": {"action_time": "2020-09-02T12:20:43.363Z", "user": 1, "content_type": 13, "object_id": "11", "object_repr": "\u0633\u0631\u0648\u06cc\u0633 \u0642\u0627\u0628\u0644\u0645\u0647 20 \u067e\u0627\u0631\u0686\u0647 \u062c\u06cc \u0641\u06cc \u0646\u06cc - \u06af\u0648\u0644\u0627\u062e \u0628\u0627\u0632\u0627\u0631", "action_flag": 2, "change_message": "[{\"changed\": {\"fields\": [\"\\u062a\\u0639\\u062f\\u0627\\u062f\"]}}]"}}, {"model": "admin.logentry", "pk": 164, "fields": {"action_time": "2020-09-02T12:23:45.372Z", "user": 1, "content_type": 13, "object_id": "11", "object_repr": "\u0633\u0631\u0648\u06cc\u0633 \u0642\u0627\u0628\u0644\u0645\u0647 20 \u067e\u0627\u0631\u0686\u0647 \u062c\u06cc \u0641\u06cc \u0646\u06cc - \u06af\u0648\u0644\u0627\u062e \u0628\u0627\u0632\u0627\u0631", "action_flag": 2, "change_message": "[{\"changed\": {\"fields\": [\"\\u062a\\u0639\\u062f\\u0627\\u062f\"]}}]"}}, {"model": "admin.logentry", "pk": 165, "fields": {"action_time": "2020-09-02T12:34:16.416Z", "user": 1, "content_type": 12, "object_id": "6", "object_repr": "CustomerAddress object (6)", "action_flag": 1, "change_message": "[{\"added\": {}}]"}}, {"model": "admin.logentry", "pk": 166, "fields": {"action_time": "2020-09-02T15:09:46.897Z", "user": 8, "content_type": 9, "object_id": "33", "object_repr": "\u06cc\u062e\u0686\u0627\u0644 \u0648 \u0641\u0631\u06cc\u0632\u0631 \u0633\u0627\u0645\u0633\u0648\u0646\u06af \u0645\u062f\u0644 FSR12", "action_flag": 1, "change_message": "[{\"added\": {}}]"}}, {"model": "admin.logentry", "pk": 167, "fields": {"action_time": "2020-09-02T15:10:21.610Z", "user": 8, "content_type": 9, "object_id": "34", "object_repr": "\u06cc\u062e\u0686\u0627\u0644 \u0627\u06cc\u0633\u062a\u06a9\u0648\u0644 \u0645\u062f\u0644 TM-835-B", "action_flag": 1, "change_message": "[{\"added\": {}}]"}}, {"model": "admin.logentry", "pk": 168, "fields": {"action_time": "2020-09-02T15:10:47.743Z", "user": 8, "content_type": 9, "object_id": "35", "object_repr": "\u06cc\u062e\u0686\u0627\u0644 \u0648 \u0641\u0631\u06cc\u0632\u0631 \u0633\u0627\u06cc\u062f \u0628\u0627\u06cc \u0633\u0627\u06cc\u062f \u062f\u0648\u0648 \u0645\u062f\u0644 DES-2915W", "action_flag": 1, "change_message": "[{\"added\": {}}]"}}, {"model": "admin.logentry", "pk": 169, "fields": {"action_time": "2020-09-02T15:11:16.177Z", "user": 8, "content_type": 9, "object_id": "36", "object_repr": "\u06cc\u062e\u0686\u0627\u0644 \u0648 \u0641\u0631\u06cc\u0632\u0631 \u0627\u0645\u0631\u0633\u0627\u0646 \u0645\u062f\u0644 BFN22D-M/TP", "action_flag": 1, "change_message": "[{\"added\": {}}]"}}, {"model": "admin.logentry", "pk": 170, "fields": {"action_time": "2020-09-02T15:12:11.656Z", "user": 8, "content_type": 9, "object_id": "37", "object_repr": "\u06cc\u062e\u0686\u0627\u0644 \u0641\u0631\u06cc\u0632\u0631 \u062f\u0648\u0642\u0644\u0648 \u0633\u06cc\u0644\u0648\u0631 \u0645\u062f\u0644 SR-103", "action_flag": 1, "change_message": "[{\"added\": {}}]"}}, {"model": "admin.logentry", "pk": 171, "fields": {"action_time": "2020-09-02T15:14:00.275Z", "user": 8, "content_type": 9, "object_id": "38", "object_repr": "\u06cc\u062e\u0686\u0627\u0644 \u0641\u0631\u06cc\u0632\u0631 \u0641\u06cc\u0644\u0648\u0631 \u0645\u062f\u0644 PRN-470BM \u0646\u0648\u0641\u0631\u0627\u0633\u062a", "action_flag": 1, "change_message": "[{\"added\": {}}]"}}, {"model": "admin.logentry", "pk": 172, "fields": {"action_time": "2020-09-02T15:14:56.349Z", "user": 8, "content_type": 9, "object_id": "39", "object_repr": "\u06cc\u062e\u0686\u0627\u0644 \u0648 \u0641\u0631\u06cc\u0632\u0631 \u062f\u0648\u0642\u0644\u0648\u06cc \u0633\u0627\u0645\u0633\u0648\u0646\u06af \u0645\u062f\u0644 RR30PN-RZ30PN", "action_flag": 1, "change_message": "[{\"added\": {}}]"}}, {"model": "admin.logentry", "pk": 173, "fields": {"action_time": "2020-09-02T15:16:01.166Z", "user": 8, "content_type": 9, "object_id": "40", "object_repr": "\u06cc\u062e\u0686\u0627\u0644 \u0627\u0645\u0631\u0633\u0627\u0646 \u0645\u062f\u0644 TFH17T350", "action_flag": 1, "change_message": "[{\"added\": {}}]"}}, {"model": "admin.logentry", "pk": 174, "fields": {"action_time": "2020-09-02T15:17:11.382Z", "user": 8, "content_type": 9, "object_id": "41", "object_repr": "\u06cc\u062e\u0686\u0627\u0644 \u0627\u06cc\u0633\u062a\u06a9\u0648\u0644 \u0645\u062f\u0644 TM-919", "action_flag": 1, "change_message": "[{\"added\": {}}]"}}, {"model": "admin.logentry", "pk": 175, "fields": {"action_time": "2020-09-02T15:20:36.046Z", "user": 8, "content_type": 9, "object_id": "33", "object_repr": "\u06cc\u062e\u0686\u0627\u0644 \u0648 \u0641\u0631\u06cc\u0632\u0631 \u0633\u0627\u0645\u0633\u0648\u0646\u06af \u0645\u062f\u0644 FSR12", "action_flag": 2, "change_message": "[{\"changed\": {\"fields\": [\"Product image\"]}}]"}}, {"model": "admin.logentry", "pk": 176, "fields": {"action_time": "2020-09-02T15:20:42.575Z", "user": 8, "content_type": 9, "object_id": "34", "object_repr": "\u06cc\u062e\u0686\u0627\u0644 \u0627\u06cc\u0633\u062a\u06a9\u0648\u0644 \u0645\u062f\u0644 TM-835-B", "action_flag": 2, "change_message": "[{\"changed\": {\"fields\": [\"Product image\"]}}]"}}, {"model": "admin.logentry", "pk": 177, "fields": {"action_time": "2020-09-02T15:20:54.587Z", "user": 8, "content_type": 9, "object_id": "35", "object_repr": "\u06cc\u062e\u0686\u0627\u0644 \u0648 \u0641\u0631\u06cc\u0632\u0631 \u0633\u0627\u06cc\u062f \u0628\u0627\u06cc \u0633\u0627\u06cc\u062f \u062f\u0648\u0648 \u0645\u062f\u0644 DES-2915W", "action_flag": 2, "change_message": "[{\"changed\": {\"fields\": [\"Product image\"]}}]"}}, {"model": "admin.logentry", "pk": 178, "fields": {"action_time": "2020-09-02T15:21:20.067Z", "user": 8, "content_type": 9, "object_id": "36", "object_repr": "\u06cc\u062e\u0686\u0627\u0644 \u0648 \u0641\u0631\u06cc\u0632\u0631 \u0627\u0645\u0631\u0633\u0627\u0646 \u0645\u062f\u0644 BFN22D-M/TP", "action_flag": 2, "change_message": "[{\"changed\": {\"fields\": [\"Product image\"]}}]"}}, {"model": "admin.logentry", "pk": 179, "fields": {"action_time": "2020-09-02T15:21:29.069Z", "user": 8, "content_type": 9, "object_id": "37", "object_repr": "\u06cc\u062e\u0686\u0627\u0644 \u0641\u0631\u06cc\u0632\u0631 \u062f\u0648\u0642\u0644\u0648 \u0633\u06cc\u0644\u0648\u0631 \u0645\u062f\u0644 SR-103", "action_flag": 2, "change_message": "[{\"changed\": {\"fields\": [\"Product image\"]}}]"}}, {"model": "admin.logentry", "pk": 180, "fields": {"action_time": "2020-09-02T15:22:59.616Z", "user": 8, "content_type": 13, "object_id": "26", "object_repr": "ProductSupplier object (26)", "action_flag": 1, "change_message": "[{\"added\": {}}]"}}, {"model": "admin.logentry", "pk": 181, "fields": {"action_time": "2020-09-02T15:23:21.629Z", "user": 8, "content_type": 13, "object_id": "27", "object_repr": "ProductSupplier object (27)", "action_flag": 1, "change_message": "[{\"added\": {}}]"}}, {"model": "admin.logentry", "pk": 182, "fields": {"action_time": "2020-09-02T15:23:45.376Z", "user": 8, "content_type": 13, "object_id": "28", "object_repr": "ProductSupplier object (28)", "action_flag": 1, "change_message": "[{\"added\": {}}]"}}, {"model": "admin.logentry", "pk": 183, "fields": {"action_time": "2020-09-02T15:24:02.086Z", "user": 8, "content_type": 13, "object_id": "29", "object_repr": "ProductSupplier object (29)", "action_flag": 1, "change_message": "[{\"added\": {}}]"}}, {"model": "admin.logentry", "pk": 184, "fields": {"action_time": "2020-09-02T15:24:14.904Z", "user": 8, "content_type": 13, "object_id": "30", "object_repr": "ProductSupplier object (30)", "action_flag": 1, "change_message": "[{\"added\": {}}]"}}, {"model": "admin.logentry", "pk": 185, "fields": {"action_time": "2020-09-02T15:24:34.991Z", "user": 8, "content_type": 13, "object_id": "31", "object_repr": "ProductSupplier object (31)", "action_flag": 1, "change_message": "[{\"added\": {}}]"}}, {"model": "admin.logentry", "pk": 186, "fields": {"action_time": "2020-09-02T15:24:51.925Z", "user": 8, "content_type": 13, "object_id": "32", "object_repr": "ProductSupplier object (32)", "action_flag": 1, "change_message": "[{\"added\": {}}]"}}, {"model": "admin.logentry", "pk": 187, "fields": {"action_time": "2020-09-02T15:25:17.798Z", "user": 8, "content_type": 13, "object_id": "33", "object_repr": "ProductSupplier object (33)", "action_flag": 1, "change_message": "[{\"added\": {}}]"}}, {"model": "admin.logentry", "pk": 188, "fields": {"action_time": "2020-09-02T15:25:27.625Z", "user": 8, "content_type": 13, "object_id": "34", "object_repr": "ProductSupplier object (34)", "action_flag": 1, "change_message": "[{\"added\": {}}]"}}, {"model": "admin.logentry", "pk": 189, "fields": {"action_time": "2020-09-02T15:43:59.255Z", "user": 1, "content_type": 9, "object_id": "35", "object_repr": "\u06cc\u062e\u0686\u0627\u0644 \u0648 \u0641\u0631\u06cc\u0632\u0631 \u0633\u0627\u06cc\u062f \u0628\u0627\u06cc \u0633\u0627\u06cc\u062f \u062f\u0648\u0648 \u0645\u062f\u0644 DES-2915W", "action_flag": 2, "change_message": "[{\"changed\": {\"fields\": [\"\\u062a\\u0635\\u0648\\u06cc\\u0631 \\u0645\\u062d\\u0635\\u0648\\u0644\"]}}]"}}, {"model": "admin.logentry", "pk": 190, "fields": {"action_time": "2020-09-02T15:46:00.913Z", "user": 1, "content_type": 9, "object_id": "41", "object_repr": "\u06cc\u062e\u0686\u0627\u0644 \u0627\u06cc\u0633\u062a\u06a9\u0648\u0644 \u0645\u062f\u0644 TM-919", "action_flag": 2, "change_message": "[{\"changed\": {\"fields\": [\"\\u062a\\u0635\\u0648\\u06cc\\u0631 \\u0645\\u062d\\u0635\\u0648\\u0644\"]}}]"}}, {"model": "admin.logentry", "pk": 191, "fields": {"action_time": "2020-09-02T17:15:33.914Z", "user": 1, "content_type": 19, "object_id": "22", "object_repr": "arminazim@gmail.com", "action_flag": 3, "change_message": ""}}, {"model": "admin.logentry", "pk": 192, "fields": {"action_time": "2020-09-02T14:57:05.562Z", "user": 1, "content_type": 13, "object_id": "37", "object_repr": "\u06cc\u062e\u0686\u0627\u0644 \u0627\u06cc\u0633\u062a\u06a9\u0648\u0644 \u0645\u062f\u0644 TM-919 - \u06af\u0648\u0644\u0627\u062e \u0628\u0627\u0632\u0627\u0631", "action_flag": 1, "change_message": "[{\"added\": {}}]"}}, {"model": "admin.logentry", "pk": 193, "fields": {"action_time": "2020-09-02T14:57:40.912Z", "user": 1, "content_type": 13, "object_id": "38", "object_repr": "\u06cc\u062e\u0686\u0627\u0644 \u0648 \u0641\u0631\u06cc\u0632\u0631 \u0633\u0627\u06cc\u062f \u0628\u0627\u06cc \u0633\u0627\u06cc\u062f \u062f\u0648\u0648 \u0645\u062f\u0644 DES-2915W - \u06a9\u0641 \u0628\u0627\u0632\u0627\u0631", "action_flag": 1, "change_message": "[{\"added\": {}}]"}}, {"model": "admin.logentry", "pk": 194, "fields": {"action_time": "2020-09-02T14:58:20.818Z", "user": 1, "content_type": 13, "object_id": "39", "object_repr": "\u06cc\u062e\u0686\u0627\u0644 \u0641\u0631\u06cc\u0632\u0631 \u062f\u0648\u0642\u0644\u0648 \u0633\u06cc\u0644\u0648\u0631 \u0645\u062f\u0644 SR-103 - \u06af\u0648\u0644\u0627\u062e \u0628\u0627\u0632\u0627\u0631", "action_flag": 1, "change_message": "[{\"added\": {}}]"}}, {"model": "admin.logentry", "pk": 195, "fields": {"action_time": "2020-09-02T14:59:05.094Z", "user": 1, "content_type": 13, "object_id": "40", "object_repr": "\u06cc\u062e\u0686\u0627\u0644 \u0648 \u0641\u0631\u06cc\u0632\u0631 \u0627\u0645\u0631\u0633\u0627\u0646 \u0645\u062f\u0644 BFN22D-M/TP - \u06af\u0648\u0644\u0627\u062e \u0628\u0627\u0632\u0627\u0631", "action_flag": 1, "change_message": "[{\"added\": {}}]"}}, {"model": "admin.logentry", "pk": 196, "fields": {"action_time": "2020-09-02T14:59:46.509Z", "user": 1, "content_type": 13, "object_id": "41", "object_repr": "\u06cc\u062e\u0686\u0627\u0644 \u0648 \u0641\u0631\u06cc\u0632\u0631 \u062f\u0648\u0642\u0644\u0648\u06cc \u0633\u0627\u0645\u0633\u0648\u0646\u06af \u0645\u062f\u0644 RR30PN-RZ30PN - \u06a9\u0641 \u0628\u0627\u0632\u0627\u0631", "action_flag": 1, "change_message": "[{\"added\": {}}]"}}, {"model": "admin.logentry", "pk": 197, "fields": {"action_time": "2020-09-02T15:00:24.816Z", "user": 1, "content_type": 13, "object_id": "42", "object_repr": "\u06cc\u062e\u0686\u0627\u0644 \u0627\u0645\u0631\u0633\u0627\u0646 \u0645\u062f\u0644 RH15D - \u06a9\u0641 \u0628\u0627\u0632\u0627\u0631", "action_flag": 1, "change_message": "[{\"added\": {}}]"}}, {"model": "admin.logentry", "pk": 198, "fields": {"action_time": "2020-09-02T15:01:04.050Z", "user": 1, "content_type": 13, "object_id": "43", "object_repr": "\u0641\u0631\u06cc\u0632\u0631 \u0627\u0645\u0631\u0633\u0627\u0646 \u0645\u062f\u0644 FN15D/TP - \u06af\u0648\u0644\u0627\u062e \u0628\u0627\u0632\u0627\u0631", "action_flag": 1, "change_message": "[{\"added\": {}}]"}}, {"model": "admin.logentry", "pk": 199, "fields": {"action_time": "2020-09-02T15:02:14.313Z", "user": 1, "content_type": 13, "object_id": "44", "object_repr": "\u06cc\u062e\u0686\u0627\u0644 \u0627\u0645\u0631\u0633\u0627\u0646 \u0645\u062f\u0644 TFH17T350 - \u06af\u0648\u0644\u0627\u062e \u0628\u0627\u0632\u0627\u0631", "action_flag": 1, "change_message": "[{\"added\": {}}]"}}, {"model": "admin.logentry", "pk": 200, "fields": {"action_time": "2020-09-02T15:04:17.297Z", "user": 1, "content_type": 13, "object_id": "45", "object_repr": "\u06cc\u062e\u0686\u0627\u0644 \u0648 \u0641\u0631\u06cc\u0632\u0631 \u0633\u0627\u0645\u0633\u0648\u0646\u06af \u0645\u062f\u0644 FSR12 - \u06a9\u0641 \u0628\u0627\u0632\u0627\u0631", "action_flag": 1, "change_message": "[{\"added\": {}}]"}}, {"model": "admin.logentry", "pk": 201, "fields": {"action_time": "2020-09-02T15:05:13.578Z", "user": 1, "content_type": 13, "object_id": "42", "object_repr": "\u06cc\u062e\u0686\u0627\u0644 \u0627\u0645\u0631\u0633\u0627\u0646 \u0645\u062f\u0644 RH15D - \u06a9\u0641 \u0628\u0627\u0632\u0627\u0631", "action_flag": 2, "change_message": "[{\"changed\": {\"fields\": [\"\\u0642\\u06cc\\u0645\\u062a\"]}}]"}}, {"model": "admin.logentry", "pk": 202, "fields": {"action_time": "2020-09-02T19:39:50.075Z", "user": 1, "content_type": 15, "object_id": "19", "object_repr": "Payment object (19)", "action_flag": 3, "change_message": ""}}, {"model": "admin.logentry", "pk": 203, "fields": {"action_time": "2020-09-02T20:35:35.219Z", "user": 1, "content_type": 19, "object_id": "33", "object_repr": "82e4edb255@mozej.com", "action_flag": 3, "change_message": ""}}, {"model": "admin.logentry", "pk": 204, "fields": {"action_time": "2020-09-02T20:46:10.816Z", "user": 1, "content_type": 19, "object_id": "39", "object_repr": "02ba66bc62@mozej.com", "action_flag": 3, "change_message": ""}}]